2026-09-03 11:18:57 - INFO - Hardware inventory database initialized successfully.
2026-09-03 11:18:58 - INFO - Campus Hardware Inventory application started.
2026-09-03 12:46:30 - INFO - Hardware inventory database initialized successfully.
2026-09-03 12:46:31 - INFO - Campus Hardware Inventory application started.
2026-09-03 12:51:40 - WARNING - Failed registration attempt: username='', email='' - Username must be at least 3 characters.
2026-09-03 12:52:53 - INFO - Account Created: username='erica', role='USER'
2026-09-03 12:53:07 - WARNING - Failed login attempt for username='erica': Username and password cannot be empty.
2026-09-03 12:53:17 - INFO - User Logged In: 'erica'
2026-09-03 12:55:04 - INFO - Inventory exported to CSV: hardware_inventory_report.csv
2026-09-03 13:39:22 - INFO - Hardware inventory database initialized successfully.
2026-09-03 13:39:24 - INFO - Campus Hardware Inventory application started.
2026-09-03 13:40:09 - INFO - User Logged In: 'erica'
2026-09-03 13:42:33 - INFO - User Logged Out: 'erica'
2026-09-03 13:42:37 - ERROR - Dashboard refresh error: invalid command name ".!frame4.!canvas.!frame.!frame.!frame3.!frame2.!treeview"
Traceback (most recent call last):
  File "C:\Users\Erica Gallogo\OneDrive - National University\Desktop\MIDTERM\views\tracker_view.py", line 692, in load_data
    for item in self.tree.get_children():
                ~~~~~~~~~~~~~~~~~~~~~~^^
  File "C:\Users\Erica Gallogo\AppData\Local\Python\pythoncore-3.14-64\Lib\tkinter\ttk.py", line 1207, in get_children
    self.tk.call(self._w, "children", item or '') or ())
    ~~~~~~~~~~~~^^^^^^^^^^^^^^^^^^^^^^^^^^^^^^^^^
_tkinter.TclError: invalid command name ".!frame4.!canvas.!frame.!frame.!frame3.!frame2.!treeview"
2026-09-03 13:42:42 - ERROR - Dashboard refresh error: invalid command name ".!frame4.!canvas.!frame.!frame.!frame3.!frame2.!treeview"
Traceback (most recent call last):
  File "C:\Users\Erica Gallogo\OneDrive - National University\Desktop\MIDTERM\views\tracker_view.py", line 692, in load_data
    for item in self.tree.get_children():
                ~~~~~~~~~~~~~~~~~~~~~~^^
  File "C:\Users\Erica Gallogo\AppData\Local\Python\pythoncore-3.14-64\Lib\tkinter\ttk.py", line 1207, in get_children
    self.tk.call(self._w, "children", item or '') or ())
    ~~~~~~~~~~~~^^^^^^^^^^^^^^^^^^^^^^^^^^^^^^^^^
_tkinter.TclError: invalid command name ".!frame4.!canvas.!frame.!frame.!frame3.!frame2.!treeview"
2026-09-03 13:42:47 - ERROR - Dashboard refresh error: invalid command name ".!frame4.!canvas.!frame.!frame.!frame3.!frame2.!treeview"
Traceback (most recent call last):
  File "C:\Users\Erica Gallogo\OneDrive - National University\Desktop\MIDTERM\views\tracker_view.py", line 692, in load_data
    for item in self.tree.get_children():
                ~~~~~~~~~~~~~~~~~~~~~~^^
  File "C:\Users\Erica Gallogo\AppData\Local\Python\pythoncore-3.14-64\Lib\tkinter\ttk.py", line 1207, in get_children
    self.tk.call(self._w, "children", item or '') or ())
    ~~~~~~~~~~~~^^^^^^^^^^^^^^^^^^^^^^^^^^^^^^^^^
_tkinter.TclError: invalid command name ".!frame4.!canvas.!frame.!frame.!frame3.!frame2.!treeview"
2026-09-03 13:42:52 - ERROR - Dashboard refresh error: invalid command name ".!frame4.!canvas.!frame.!frame.!frame3.!frame2.!treeview"
Traceback (most recent call last):
  File "C:\Users\Erica Gallogo\OneDrive - National University\Desktop\MIDTERM\views\tracker_view.py", line 692, in load_data
    for item in self.tree.get_children():
                ~~~~~~~~~~~~~~~~~~~~~~^^
  File "C:\Users\Erica Gallogo\AppData\Local\Python\pythoncore-3.14-64\Lib\tkinter\ttk.py", line 1207, in get_children
    self.tk.call(self._w, "children", item or '') or ())
    ~~~~~~~~~~~~^^^^^^^^^^^^^^^^^^^^^^^^^^^^^^^^^
_tkinter.TclError: invalid command name ".!frame4.!canvas.!frame.!frame.!frame3.!frame2.!treeview"
2026-09-03 13:42:57 - ERROR - Dashboard refresh error: invalid command name ".!frame4.!canvas.!frame.!frame.!frame3.!frame2.!treeview"
Traceback (most recent call last):
  File "C:\Users\Erica Gallogo\OneDrive - National University\Desktop\MIDTERM\views\tracker_view.py", line 692, in load_data
    for item in self.tree.get_children():
                ~~~~~~~~~~~~~~~~~~~~~~^^
  File "C:\Users\Erica Gallogo\AppData\Local\Python\pythoncore-3.14-64\Lib\tkinter\ttk.py", line 1207, in get_children
    self.tk.call(self._w, "children", item or '') or ())
    ~~~~~~~~~~~~^^^^^^^^^^^^^^^^^^^^^^^^^^^^^^^^^
_tkinter.TclError: invalid command name ".!frame4.!canvas.!frame.!frame.!frame3.!frame2.!treeview"
2026-09-03 13:43:02 - ERROR - Dashboard refresh error: invalid command name ".!frame4.!canvas.!frame.!frame.!frame3.!frame2.!treeview"
Traceback (most recent call last):
  File "C:\Users\Erica Gallogo\OneDrive - National University\Desktop\MIDTERM\views\tracker_view.py", line 692, in load_data
    for item in self.tree.get_children():
                ~~~~~~~~~~~~~~~~~~~~~~^^
  File "C:\Users\Erica Gallogo\AppData\Local\Python\pythoncore-3.14-64\Lib\tkinter\ttk.py", line 1207, in get_children
    self.tk.call(self._w, "children", item or '') or ())
    ~~~~~~~~~~~~^^^^^^^^^^^^^^^^^^^^^^^^^^^^^^^^^
_tkinter.TclError: invalid command name ".!frame4.!canvas.!frame.!frame.!frame3.!frame2.!treeview"
2026-09-03 13:43:05 - INFO - Account Created: username='eca', role='ADMIN'
2026-09-03 13:43:07 - ERROR - Dashboard refresh error: invalid command name ".!frame4.!canvas.!frame.!frame.!frame3.!frame2.!treeview"
Traceback (most recent call last):
  File "C:\Users\Erica Gallogo\OneDrive - National University\Desktop\MIDTERM\views\tracker_view.py", line 692, in load_data
    for item in self.tree.get_children():
                ~~~~~~~~~~~~~~~~~~~~~~^^
  File "C:\Users\Erica Gallogo\AppData\Local\Python\pythoncore-3.14-64\Lib\tkinter\ttk.py", line 1207, in get_children
    self.tk.call(self._w, "children", item or '') or ())
    ~~~~~~~~~~~~^^^^^^^^^^^^^^^^^^^^^^^^^^^^^^^^^
_tkinter.TclError: invalid command name ".!frame4.!canvas.!frame.!frame.!frame3.!frame2.!treeview"
2026-09-03 13:43:12 - ERROR - Dashboard refresh error: invalid command name ".!frame4.!canvas.!frame.!frame.!frame3.!frame2.!treeview"
Traceback (most recent call last):
  File "C:\Users\Erica Gallogo\OneDrive - National University\Desktop\MIDTERM\views\tracker_view.py", line 692, in load_data
    for item in self.tree.get_children():
                ~~~~~~~~~~~~~~~~~~~~~~^^
  File "C:\Users\Erica Gallogo\AppData\Local\Python\pythoncore-3.14-64\Lib\tkinter\ttk.py", line 1207, in get_children
    self.tk.call(self._w, "children", item or '') or ())
    ~~~~~~~~~~~~^^^^^^^^^^^^^^^^^^^^^^^^^^^^^^^^^
_tkinter.TclError: invalid command name ".!frame4.!canvas.!frame.!frame.!frame3.!frame2.!treeview"
2026-09-03 13:43:14 - INFO - User Logged In: 'eca'
2026-09-03 13:43:17 - ERROR - Dashboard refresh error: invalid command name ".!frame4.!canvas.!frame.!frame.!frame3.!frame2.!treeview"
Traceback (most recent call last):
  File "C:\Users\Erica Gallogo\OneDrive - National University\Desktop\MIDTERM\views\tracker_view.py", line 692, in load_data
    for item in self.tree.get_children():
                ~~~~~~~~~~~~~~~~~~~~~~^^
  File "C:\Users\Erica Gallogo\AppData\Local\Python\pythoncore-3.14-64\Lib\tkinter\ttk.py", line 1207, in get_children
    self.tk.call(self._w, "children", item or '') or ())
    ~~~~~~~~~~~~^^^^^^^^^^^^^^^^^^^^^^^^^^^^^^^^^
_tkinter.TclError: invalid command name ".!frame4.!canvas.!frame.!frame.!frame3.!frame2.!treeview"
2026-09-03 13:43:22 - ERROR - Dashboard refresh error: invalid command name ".!frame4.!canvas.!frame.!frame.!frame3.!frame2.!treeview"
Traceback (most recent call last):
  File "C:\Users\Erica Gallogo\OneDrive - National University\Desktop\MIDTERM\views\tracker_view.py", line 692, in load_data
    for item in self.tree.get_children():
                ~~~~~~~~~~~~~~~~~~~~~~^^
  File "C:\Users\Erica Gallogo\AppData\Local\Python\pythoncore-3.14-64\Lib\tkinter\ttk.py", line 1207, in get_children
    self.tk.call(self._w, "children", item or '') or ())
    ~~~~~~~~~~~~^^^^^^^^^^^^^^^^^^^^^^^^^^^^^^^^^
_tkinter.TclError: invalid command name ".!frame4.!canvas.!frame.!frame.!frame3.!frame2.!treeview"
2026-09-03 13:43:27 - ERROR - Dashboard refresh error: invalid command name ".!frame4.!canvas.!frame.!frame.!frame3.!frame2.!treeview"
Traceback (most recent call last):
  File "C:\Users\Erica Gallogo\OneDrive - National University\Desktop\MIDTERM\views\tracker_view.py", line 692, in load_data
    for item in self.tree.get_children():
                ~~~~~~~~~~~~~~~~~~~~~~^^
  File "C:\Users\Erica Gallogo\AppData\Local\Python\pythoncore-3.14-64\Lib\tkinter\ttk.py", line 1207, in get_children
    self.tk.call(self._w, "children", item or '') or ())
    ~~~~~~~~~~~~^^^^^^^^^^^^^^^^^^^^^^^^^^^^^^^^^
_tkinter.TclError: invalid command name ".!frame4.!canvas.!frame.!frame.!frame3.!frame2.!treeview"
2026-09-03 13:43:32 - ERROR - Dashboard refresh error: invalid command name ".!frame4.!canvas.!frame.!frame.!frame3.!frame2.!treeview"
Traceback (most recent call last):
  File "C:\Users\Erica Gallogo\OneDrive - National University\Desktop\MIDTERM\views\tracker_view.py", line 692, in load_data
    for item in self.tree.get_children():
                ~~~~~~~~~~~~~~~~~~~~~~^^
  File "C:\Users\Erica Gallogo\AppData\Local\Python\pythoncore-3.14-64\Lib\tkinter\ttk.py", line 1207, in get_children
    self.tk.call(self._w, "children", item or '') or ())
    ~~~~~~~~~~~~^^^^^^^^^^^^^^^^^^^^^^^^^^^^^^^^^
_tkinter.TclError: invalid command name ".!frame4.!canvas.!frame.!frame.!frame3.!frame2.!treeview"
2026-09-03 13:43:37 - ERROR - Dashboard refresh error: invalid command name ".!frame4.!canvas.!frame.!frame.!frame3.!frame2.!treeview"
Traceback (most recent call last):
  File "C:\Users\Erica Gallogo\OneDrive - National University\Desktop\MIDTERM\views\tracker_view.py", line 692, in load_data
    for item in self.tree.get_children():
                ~~~~~~~~~~~~~~~~~~~~~~^^
  File "C:\Users\Erica Gallogo\AppData\Local\Python\pythoncore-3.14-64\Lib\tkinter\ttk.py", line 1207, in get_children
    self.tk.call(self._w, "children", item or '') or ())
    ~~~~~~~~~~~~^^^^^^^^^^^^^^^^^^^^^^^^^^^^^^^^^
_tkinter.TclError: invalid command name ".!frame4.!canvas.!frame.!frame.!frame3.!frame2.!treeview"
2026-09-03 13:43:42 - ERROR - Dashboard refresh error: invalid command name ".!frame4.!canvas.!frame.!frame.!frame3.!frame2.!treeview"
Traceback (most recent call last):
  File "C:\Users\Erica Gallogo\OneDrive - National University\Desktop\MIDTERM\views\tracker_view.py", line 692, in load_data
    for item in self.tree.get_children():
                ~~~~~~~~~~~~~~~~~~~~~~^^
  File "C:\Users\Erica Gallogo\AppData\Local\Python\pythoncore-3.14-64\Lib\tkinter\ttk.py", line 1207, in get_children
    self.tk.call(self._w, "children", item or '') or ())
    ~~~~~~~~~~~~^^^^^^^^^^^^^^^^^^^^^^^^^^^^^^^^^
_tkinter.TclError: invalid command name ".!frame4.!canvas.!frame.!frame.!frame3.!frame2.!treeview"
2026-09-03 13:43:47 - ERROR - Dashboard refresh error: invalid command name ".!frame4.!canvas.!frame.!frame.!frame3.!frame2.!treeview"
Traceback (most recent call last):
  File "C:\Users\Erica Gallogo\OneDrive - National University\Desktop\MIDTERM\views\tracker_view.py", line 692, in load_data
    for item in self.tree.get_children():
                ~~~~~~~~~~~~~~~~~~~~~~^^
  File "C:\Users\Erica Gallogo\AppData\Local\Python\pythoncore-3.14-64\Lib\tkinter\ttk.py", line 1207, in get_children
    self.tk.call(self._w, "children", item or '') or ())
    ~~~~~~~~~~~~^^^^^^^^^^^^^^^^^^^^^^^^^^^^^^^^^
_tkinter.TclError: invalid command name ".!frame4.!canvas.!frame.!frame.!frame3.!frame2.!treeview"
2026-09-03 13:43:52 - ERROR - Dashboard refresh error: invalid command name ".!frame4.!canvas.!frame.!frame.!frame3.!frame2.!treeview"
Traceback (most recent call last):
  File "C:\Users\Erica Gallogo\OneDrive - National University\Desktop\MIDTERM\views\tracker_view.py", line 692, in load_data
    for item in self.tree.get_children():
                ~~~~~~~~~~~~~~~~~~~~~~^^
  File "C:\Users\Erica Gallogo\AppData\Local\Python\pythoncore-3.14-64\Lib\tkinter\ttk.py", line 1207, in get_children
    self.tk.call(self._w, "children", item or '') or ())
    ~~~~~~~~~~~~^^^^^^^^^^^^^^^^^^^^^^^^^^^^^^^^^
_tkinter.TclError: invalid command name ".!frame4.!canvas.!frame.!frame.!frame3.!frame2.!treeview"
2026-09-03 13:43:57 - ERROR - Dashboard refresh error: invalid command name ".!frame4.!canvas.!frame.!frame.!frame3.!frame2.!treeview"
Traceback (most recent call last):
  File "C:\Users\Erica Gallogo\OneDrive - National University\Desktop\MIDTERM\views\tracker_view.py", line 692, in load_data
    for item in self.tree.get_children():
                ~~~~~~~~~~~~~~~~~~~~~~^^
  File "C:\Users\Erica Gallogo\AppData\Local\Python\pythoncore-3.14-64\Lib\tkinter\ttk.py", line 1207, in get_children
    self.tk.call(self._w, "children", item or '') or ())
    ~~~~~~~~~~~~^^^^^^^^^^^^^^^^^^^^^^^^^^^^^^^^^
_tkinter.TclError: invalid command name ".!frame4.!canvas.!frame.!frame.!frame3.!frame2.!treeview"
2026-09-03 13:43:59 - INFO - Hardware item added: HC-SR04 (Sensor) x100
2026-09-03 13:44:02 - ERROR - Dashboard refresh error: invalid command name ".!frame4.!canvas.!frame.!frame.!frame3.!frame2.!treeview"
Traceback (most recent call last):
  File "C:\Users\Erica Gallogo\OneDrive - National University\Desktop\MIDTERM\views\tracker_view.py", line 692, in load_data
    for item in self.tree.get_children():
                ~~~~~~~~~~~~~~~~~~~~~~^^
  File "C:\Users\Erica Gallogo\AppData\Local\Python\pythoncore-3.14-64\Lib\tkinter\ttk.py", line 1207, in get_children
    self.tk.call(self._w, "children", item or '') or ())
    ~~~~~~~~~~~~^^^^^^^^^^^^^^^^^^^^^^^^^^^^^^^^^
_tkinter.TclError: invalid command name ".!frame4.!canvas.!frame.!frame.!frame3.!frame2.!treeview"
2026-09-03 13:44:07 - ERROR - Dashboard refresh error: invalid command name ".!frame4.!canvas.!frame.!frame.!frame3.!frame2.!treeview"
Traceback (most recent call last):
  File "C:\Users\Erica Gallogo\OneDrive - National University\Desktop\MIDTERM\views\tracker_view.py", line 692, in load_data
    for item in self.tree.get_children():
                ~~~~~~~~~~~~~~~~~~~~~~^^
  File "C:\Users\Erica Gallogo\AppData\Local\Python\pythoncore-3.14-64\Lib\tkinter\ttk.py", line 1207, in get_children
    self.tk.call(self._w, "children", item or '') or ())
    ~~~~~~~~~~~~^^^^^^^^^^^^^^^^^^^^^^^^^^^^^^^^^
_tkinter.TclError: invalid command name ".!frame4.!canvas.!frame.!frame.!frame3.!frame2.!treeview"
2026-09-03 13:44:12 - ERROR - Dashboard refresh error: invalid command name ".!frame4.!canvas.!frame.!frame.!frame3.!frame2.!treeview"
Traceback (most recent call last):
  File "C:\Users\Erica Gallogo\OneDrive - National University\Desktop\MIDTERM\views\tracker_view.py", line 692, in load_data
    for item in self.tree.get_children():
                ~~~~~~~~~~~~~~~~~~~~~~^^
  File "C:\Users\Erica Gallogo\AppData\Local\Python\pythoncore-3.14-64\Lib\tkinter\ttk.py", line 1207, in get_children
    self.tk.call(self._w, "children", item or '') or ())
    ~~~~~~~~~~~~^^^^^^^^^^^^^^^^^^^^^^^^^^^^^^^^^
_tkinter.TclError: invalid command name ".!frame4.!canvas.!frame.!frame.!frame3.!frame2.!treeview"
2026-09-03 13:44:17 - ERROR - Dashboard refresh error: invalid command name ".!frame4.!canvas.!frame.!frame.!frame3.!frame2.!treeview"
Traceback (most recent call last):
  File "C:\Users\Erica Gallogo\OneDrive - National University\Desktop\MIDTERM\views\tracker_view.py", line 692, in load_data
    for item in self.tree.get_children():
                ~~~~~~~~~~~~~~~~~~~~~~^^
  File "C:\Users\Erica Gallogo\AppData\Local\Python\pythoncore-3.14-64\Lib\tkinter\ttk.py", line 1207, in get_children
    self.tk.call(self._w, "children", item or '') or ())
    ~~~~~~~~~~~~^^^^^^^^^^^^^^^^^^^^^^^^^^^^^^^^^
_tkinter.TclError: invalid command name ".!frame4.!canvas.!frame.!frame.!frame3.!frame2.!treeview"
2026-09-03 13:44:22 - ERROR - Dashboard refresh error: invalid command name ".!frame4.!canvas.!frame.!frame.!frame3.!frame2.!treeview"
Traceback (most recent call last):
  File "C:\Users\Erica Gallogo\OneDrive - National University\Desktop\MIDTERM\views\tracker_view.py", line 692, in load_data
    for item in self.tree.get_children():
                ~~~~~~~~~~~~~~~~~~~~~~^^
  File "C:\Users\Erica Gallogo\AppData\Local\Python\pythoncore-3.14-64\Lib\tkinter\ttk.py", line 1207, in get_children
    self.tk.call(self._w, "children", item or '') or ())
    ~~~~~~~~~~~~^^^^^^^^^^^^^^^^^^^^^^^^^^^^^^^^^
_tkinter.TclError: invalid command name ".!frame4.!canvas.!frame.!frame.!frame3.!frame2.!treeview"
2026-09-03 13:44:27 - ERROR - Dashboard refresh error: invalid command name ".!frame4.!canvas.!frame.!frame.!frame3.!frame2.!treeview"
Traceback (most recent call last):
  File "C:\Users\Erica Gallogo\OneDrive - National University\Desktop\MIDTERM\views\tracker_view.py", line 692, in load_data
    for item in self.tree.get_children():
                ~~~~~~~~~~~~~~~~~~~~~~^^
  File "C:\Users\Erica Gallogo\AppData\Local\Python\pythoncore-3.14-64\Lib\tkinter\ttk.py", line 1207, in get_children
    self.tk.call(self._w, "children", item or '') or ())
    ~~~~~~~~~~~~^^^^^^^^^^^^^^^^^^^^^^^^^^^^^^^^^
_tkinter.TclError: invalid command name ".!frame4.!canvas.!frame.!frame.!frame3.!frame2.!treeview"
2026-09-03 13:44:32 - ERROR - Dashboard refresh error: invalid command name ".!frame4.!canvas.!frame.!frame.!frame3.!frame2.!treeview"
Traceback (most recent call last):
  File "C:\Users\Erica Gallogo\OneDrive - National University\Desktop\MIDTERM\views\tracker_view.py", line 692, in load_data
    for item in self.tree.get_children():
                ~~~~~~~~~~~~~~~~~~~~~~^^
  File "C:\Users\Erica Gallogo\AppData\Local\Python\pythoncore-3.14-64\Lib\tkinter\ttk.py", line 1207, in get_children
    self.tk.call(self._w, "children", item or '') or ())
    ~~~~~~~~~~~~^^^^^^^^^^^^^^^^^^^^^^^^^^^^^^^^^
_tkinter.TclError: invalid command name ".!frame4.!canvas.!frame.!frame.!frame3.!frame2.!treeview"
2026-09-03 13:44:37 - ERROR - Dashboard refresh error: invalid command name ".!frame4.!canvas.!frame.!frame.!frame3.!frame2.!treeview"
Traceback (most recent call last):
  File "C:\Users\Erica Gallogo\OneDrive - National University\Desktop\MIDTERM\views\tracker_view.py", line 692, in load_data
    for item in self.tree.get_children():
                ~~~~~~~~~~~~~~~~~~~~~~^^
  File "C:\Users\Erica Gallogo\AppData\Local\Python\pythoncore-3.14-64\Lib\tkinter\ttk.py", line 1207, in get_children
    self.tk.call(self._w, "children", item or '') or ())
    ~~~~~~~~~~~~^^^^^^^^^^^^^^^^^^^^^^^^^^^^^^^^^
_tkinter.TclError: invalid command name ".!frame4.!canvas.!frame.!frame.!frame3.!frame2.!treeview"
2026-09-03 13:44:42 - ERROR - Dashboard refresh error: invalid command name ".!frame4.!canvas.!frame.!frame.!frame3.!frame2.!treeview"
Traceback (most recent call last):
  File "C:\Users\Erica Gallogo\OneDrive - National University\Desktop\MIDTERM\views\tracker_view.py", line 692, in load_data
    for item in self.tree.get_children():
                ~~~~~~~~~~~~~~~~~~~~~~^^
  File "C:\Users\Erica Gallogo\AppData\Local\Python\pythoncore-3.14-64\Lib\tkinter\ttk.py", line 1207, in get_children
    self.tk.call(self._w, "children", item or '') or ())
    ~~~~~~~~~~~~^^^^^^^^^^^^^^^^^^^^^^^^^^^^^^^^^
_tkinter.TclError: invalid command name ".!frame4.!canvas.!frame.!frame.!frame3.!frame2.!treeview"
2026-09-03 13:44:47 - ERROR - Dashboard refresh error: invalid command name ".!frame4.!canvas.!frame.!frame.!frame3.!frame2.!treeview"
Traceback (most recent call last):
  File "C:\Users\Erica Gallogo\OneDrive - National University\Desktop\MIDTERM\views\tracker_view.py", line 692, in load_data
    for item in self.tree.get_children():
                ~~~~~~~~~~~~~~~~~~~~~~^^
  File "C:\Users\Erica Gallogo\AppData\Local\Python\pythoncore-3.14-64\Lib\tkinter\ttk.py", line 1207, in get_children
    self.tk.call(self._w, "children", item or '') or ())
    ~~~~~~~~~~~~^^^^^^^^^^^^^^^^^^^^^^^^^^^^^^^^^
_tkinter.TclError: invalid command name ".!frame4.!canvas.!frame.!frame.!frame3.!frame2.!treeview"
2026-09-03 13:44:52 - ERROR - Dashboard refresh error: invalid command name ".!frame4.!canvas.!frame.!frame.!frame3.!frame2.!treeview"
Traceback (most recent call last):
  File "C:\Users\Erica Gallogo\OneDrive - National University\Desktop\MIDTERM\views\tracker_view.py", line 692, in load_data
    for item in self.tree.get_children():
                ~~~~~~~~~~~~~~~~~~~~~~^^
  File "C:\Users\Erica Gallogo\AppData\Local\Python\pythoncore-3.14-64\Lib\tkinter\ttk.py", line 1207, in get_children
    self.tk.call(self._w, "children", item or '') or ())
    ~~~~~~~~~~~~^^^^^^^^^^^^^^^^^^^^^^^^^^^^^^^^^
_tkinter.TclError: invalid command name ".!frame4.!canvas.!frame.!frame.!frame3.!frame2.!treeview"
2026-09-03 13:44:55 - INFO - Hardware item added: MQ-2 GAS (Sensor) x5
2026-09-03 13:44:57 - ERROR - Dashboard refresh error: invalid command name ".!frame4.!canvas.!frame.!frame.!frame3.!frame2.!treeview"
Traceback (most recent call last):
  File "C:\Users\Erica Gallogo\OneDrive - National University\Desktop\MIDTERM\views\tracker_view.py", line 692, in load_data
    for item in self.tree.get_children():
                ~~~~~~~~~~~~~~~~~~~~~~^^
  File "C:\Users\Erica Gallogo\AppData\Local\Python\pythoncore-3.14-64\Lib\tkinter\ttk.py", line 1207, in get_children
    self.tk.call(self._w, "children", item or '') or ())
    ~~~~~~~~~~~~^^^^^^^^^^^^^^^^^^^^^^^^^^^^^^^^^
_tkinter.TclError: invalid command name ".!frame4.!canvas.!frame.!frame.!frame3.!frame2.!treeview"
2026-09-03 13:45:02 - ERROR - Dashboard refresh error: invalid command name ".!frame4.!canvas.!frame.!frame.!frame3.!frame2.!treeview"
Traceback (most recent call last):
  File "C:\Users\Erica Gallogo\OneDrive - National University\Desktop\MIDTERM\views\tracker_view.py", line 692, in load_data
    for item in self.tree.get_children():
                ~~~~~~~~~~~~~~~~~~~~~~^^
  File "C:\Users\Erica Gallogo\AppData\Local\Python\pythoncore-3.14-64\Lib\tkinter\ttk.py", line 1207, in get_children
    self.tk.call(self._w, "children", item or '') or ())
    ~~~~~~~~~~~~^^^^^^^^^^^^^^^^^^^^^^^^^^^^^^^^^
_tkinter.TclError: invalid command name ".!frame4.!canvas.!frame.!frame.!frame3.!frame2.!treeview"
2026-09-03 13:45:07 - ERROR - Dashboard refresh error: invalid command name ".!frame4.!canvas.!frame.!frame.!frame3.!frame2.!treeview"
Traceback (most recent call last):
  File "C:\Users\Erica Gallogo\OneDrive - National University\Desktop\MIDTERM\views\tracker_view.py", line 692, in load_data
    for item in self.tree.get_children():
                ~~~~~~~~~~~~~~~~~~~~~~^^
  File "C:\Users\Erica Gallogo\AppData\Local\Python\pythoncore-3.14-64\Lib\tkinter\ttk.py", line 1207, in get_children
    self.tk.call(self._w, "children", item or '') or ())
    ~~~~~~~~~~~~^^^^^^^^^^^^^^^^^^^^^^^^^^^^^^^^^
_tkinter.TclError: invalid command name ".!frame4.!canvas.!frame.!frame.!frame3.!frame2.!treeview"
2026-09-03 13:45:12 - ERROR - Dashboard refresh error: invalid command name ".!frame4.!canvas.!frame.!frame.!frame3.!frame2.!treeview"
Traceback (most recent call last):
  File "C:\Users\Erica Gallogo\OneDrive - National University\Desktop\MIDTERM\views\tracker_view.py", line 692, in load_data
    for item in self.tree.get_children():
                ~~~~~~~~~~~~~~~~~~~~~~^^
  File "C:\Users\Erica Gallogo\AppData\Local\Python\pythoncore-3.14-64\Lib\tkinter\ttk.py", line 1207, in get_children
    self.tk.call(self._w, "children", item or '') or ())
    ~~~~~~~~~~~~^^^^^^^^^^^^^^^^^^^^^^^^^^^^^^^^^
_tkinter.TclError: invalid command name ".!frame4.!canvas.!frame.!frame.!frame3.!frame2.!treeview"
2026-09-03 13:45:17 - ERROR - Dashboard refresh error: invalid command name ".!frame4.!canvas.!frame.!frame.!frame3.!frame2.!treeview"
Traceback (most recent call last):
  File "C:\Users\Erica Gallogo\OneDrive - National University\Desktop\MIDTERM\views\tracker_view.py", line 692, in load_data
    for item in self.tree.get_children():
                ~~~~~~~~~~~~~~~~~~~~~~^^
  File "C:\Users\Erica Gallogo\AppData\Local\Python\pythoncore-3.14-64\Lib\tkinter\ttk.py", line 1207, in get_children
    self.tk.call(self._w, "children", item or '') or ())
    ~~~~~~~~~~~~^^^^^^^^^^^^^^^^^^^^^^^^^^^^^^^^^
_tkinter.TclError: invalid command name ".!frame4.!canvas.!frame.!frame.!frame3.!frame2.!treeview"
2026-09-03 13:45:22 - ERROR - Dashboard refresh error: invalid command name ".!frame4.!canvas.!frame.!frame.!frame3.!frame2.!treeview"
Traceback (most recent call last):
  File "C:\Users\Erica Gallogo\OneDrive - National University\Desktop\MIDTERM\views\tracker_view.py", line 692, in load_data
    for item in self.tree.get_children():
                ~~~~~~~~~~~~~~~~~~~~~~^^
  File "C:\Users\Erica Gallogo\AppData\Local\Python\pythoncore-3.14-64\Lib\tkinter\ttk.py", line 1207, in get_children
    self.tk.call(self._w, "children", item or '') or ())
    ~~~~~~~~~~~~^^^^^^^^^^^^^^^^^^^^^^^^^^^^^^^^^
_tkinter.TclError: invalid command name ".!frame4.!canvas.!frame.!frame.!frame3.!frame2.!treeview"
2026-09-03 13:45:27 - ERROR - Dashboard refresh error: invalid command name ".!frame4.!canvas.!frame.!frame.!frame3.!frame2.!treeview"
Traceback (most recent call last):
  File "C:\Users\Erica Gallogo\OneDrive - National University\Desktop\MIDTERM\views\tracker_view.py", line 692, in load_data
    for item in self.tree.get_children():
                ~~~~~~~~~~~~~~~~~~~~~~^^
  File "C:\Users\Erica Gallogo\AppData\Local\Python\pythoncore-3.14-64\Lib\tkinter\ttk.py", line 1207, in get_children
    self.tk.call(self._w, "children", item or '') or ())
    ~~~~~~~~~~~~^^^^^^^^^^^^^^^^^^^^^^^^^^^^^^^^^
_tkinter.TclError: invalid command name ".!frame4.!canvas.!frame.!frame.!frame3.!frame2.!treeview"
2026-09-03 13:45:32 - ERROR - Dashboard refresh error: invalid command name ".!frame4.!canvas.!frame.!frame.!frame3.!frame2.!treeview"
Traceback (most recent call last):
  File "C:\Users\Erica Gallogo\OneDrive - National University\Desktop\MIDTERM\views\tracker_view.py", line 692, in load_data
    for item in self.tree.get_children():
                ~~~~~~~~~~~~~~~~~~~~~~^^
  File "C:\Users\Erica Gallogo\AppData\Local\Python\pythoncore-3.14-64\Lib\tkinter\ttk.py", line 1207, in get_children
    self.tk.call(self._w, "children", item or '') or ())
    ~~~~~~~~~~~~^^^^^^^^^^^^^^^^^^^^^^^^^^^^^^^^^
_tkinter.TclError: invalid command name ".!frame4.!canvas.!frame.!frame.!frame3.!frame2.!treeview"
2026-09-03 13:45:37 - ERROR - Dashboard refresh error: invalid command name ".!frame4.!canvas.!frame.!frame.!frame3.!frame2.!treeview"
Traceback (most recent call last):
  File "C:\Users\Erica Gallogo\OneDrive - National University\Desktop\MIDTERM\views\tracker_view.py", line 692, in load_data
    for item in self.tree.get_children():
                ~~~~~~~~~~~~~~~~~~~~~~^^
  File "C:\Users\Erica Gallogo\AppData\Local\Python\pythoncore-3.14-64\Lib\tkinter\ttk.py", line 1207, in get_children
    self.tk.call(self._w, "children", item or '') or ())
    ~~~~~~~~~~~~^^^^^^^^^^^^^^^^^^^^^^^^^^^^^^^^^
_tkinter.TclError: invalid command name ".!frame4.!canvas.!frame.!frame.!frame3.!frame2.!treeview"
2026-09-03 13:45:42 - ERROR - Dashboard refresh error: invalid command name ".!frame4.!canvas.!frame.!frame.!frame3.!frame2.!treeview"
Traceback (most recent call last):
  File "C:\Users\Erica Gallogo\OneDrive - National University\Desktop\MIDTERM\views\tracker_view.py", line 692, in load_data
    for item in self.tree.get_children():
                ~~~~~~~~~~~~~~~~~~~~~~^^
  File "C:\Users\Erica Gallogo\AppData\Local\Python\pythoncore-3.14-64\Lib\tkinter\ttk.py", line 1207, in get_children
    self.tk.call(self._w, "children", item or '') or ())
    ~~~~~~~~~~~~^^^^^^^^^^^^^^^^^^^^^^^^^^^^^^^^^
_tkinter.TclError: invalid command name ".!frame4.!canvas.!frame.!frame.!frame3.!frame2.!treeview"
2026-09-03 13:45:47 - ERROR - Dashboard refresh error: invalid command name ".!frame4.!canvas.!frame.!frame.!frame3.!frame2.!treeview"
Traceback (most recent call last):
  File "C:\Users\Erica Gallogo\OneDrive - National University\Desktop\MIDTERM\views\tracker_view.py", line 692, in load_data
    for item in self.tree.get_children():
                ~~~~~~~~~~~~~~~~~~~~~~^^
  File "C:\Users\Erica Gallogo\AppData\Local\Python\pythoncore-3.14-64\Lib\tkinter\ttk.py", line 1207, in get_children
    self.tk.call(self._w, "children", item or '') or ())
    ~~~~~~~~~~~~^^^^^^^^^^^^^^^^^^^^^^^^^^^^^^^^^
_tkinter.TclError: invalid command name ".!frame4.!canvas.!frame.!frame.!frame3.!frame2.!treeview"
2026-09-03 13:45:52 - ERROR - Dashboard refresh error: invalid command name ".!frame4.!canvas.!frame.!frame.!frame3.!frame2.!treeview"
Traceback (most recent call last):
  File "C:\Users\Erica Gallogo\OneDrive - National University\Desktop\MIDTERM\views\tracker_view.py", line 692, in load_data
    for item in self.tree.get_children():
                ~~~~~~~~~~~~~~~~~~~~~~^^
  File "C:\Users\Erica Gallogo\AppData\Local\Python\pythoncore-3.14-64\Lib\tkinter\ttk.py", line 1207, in get_children
    self.tk.call(self._w, "children", item or '') or ())
    ~~~~~~~~~~~~^^^^^^^^^^^^^^^^^^^^^^^^^^^^^^^^^
_tkinter.TclError: invalid command name ".!frame4.!canvas.!frame.!frame.!frame3.!frame2.!treeview"
2026-09-03 13:45:57 - ERROR - Dashboard refresh error: invalid command name ".!frame4.!canvas.!frame.!frame.!frame3.!frame2.!treeview"
Traceback (most recent call last):
  File "C:\Users\Erica Gallogo\OneDrive - National University\Desktop\MIDTERM\views\tracker_view.py", line 692, in load_data
    for item in self.tree.get_children():
                ~~~~~~~~~~~~~~~~~~~~~~^^
  File "C:\Users\Erica Gallogo\AppData\Local\Python\pythoncore-3.14-64\Lib\tkinter\ttk.py", line 1207, in get_children
    self.tk.call(self._w, "children", item or '') or ())
    ~~~~~~~~~~~~^^^^^^^^^^^^^^^^^^^^^^^^^^^^^^^^^
_tkinter.TclError: invalid command name ".!frame4.!canvas.!frame.!frame.!frame3.!frame2.!treeview"
2026-09-03 13:46:02 - ERROR - Dashboard refresh error: invalid command name ".!frame4.!canvas.!frame.!frame.!frame3.!frame2.!treeview"
Traceback (most recent call last):
  File "C:\Users\Erica Gallogo\OneDrive - National University\Desktop\MIDTERM\views\tracker_view.py", line 692, in load_data
    for item in self.tree.get_children():
                ~~~~~~~~~~~~~~~~~~~~~~^^
  File "C:\Users\Erica Gallogo\AppData\Local\Python\pythoncore-3.14-64\Lib\tkinter\ttk.py", line 1207, in get_children
    self.tk.call(self._w, "children", item or '') or ())
    ~~~~~~~~~~~~^^^^^^^^^^^^^^^^^^^^^^^^^^^^^^^^^
_tkinter.TclError: invalid command name ".!frame4.!canvas.!frame.!frame.!frame3.!frame2.!treeview"
2026-09-03 13:46:07 - ERROR - Dashboard refresh error: invalid command name ".!frame4.!canvas.!frame.!frame.!frame3.!frame2.!treeview"
Traceback (most recent call last):
  File "C:\Users\Erica Gallogo\OneDrive - National University\Desktop\MIDTERM\views\tracker_view.py", line 692, in load_data
    for item in self.tree.get_children():
                ~~~~~~~~~~~~~~~~~~~~~~^^
  File "C:\Users\Erica Gallogo\AppData\Local\Python\pythoncore-3.14-64\Lib\tkinter\ttk.py", line 1207, in get_children
    self.tk.call(self._w, "children", item or '') or ())
    ~~~~~~~~~~~~^^^^^^^^^^^^^^^^^^^^^^^^^^^^^^^^^
_tkinter.TclError: invalid command name ".!frame4.!canvas.!frame.!frame.!frame3.!frame2.!treeview"
2026-09-03 13:46:12 - ERROR - Dashboard refresh error: invalid command name ".!frame4.!canvas.!frame.!frame.!frame3.!frame2.!treeview"
Traceback (most recent call last):
  File "C:\Users\Erica Gallogo\OneDrive - National University\Desktop\MIDTERM\views\tracker_view.py", line 692, in load_data
    for item in self.tree.get_children():
                ~~~~~~~~~~~~~~~~~~~~~~^^
  File "C:\Users\Erica Gallogo\AppData\Local\Python\pythoncore-3.14-64\Lib\tkinter\ttk.py", line 1207, in get_children
    self.tk.call(self._w, "children", item or '') or ())
    ~~~~~~~~~~~~^^^^^^^^^^^^^^^^^^^^^^^^^^^^^^^^^
_tkinter.TclError: invalid command name ".!frame4.!canvas.!frame.!frame.!frame3.!frame2.!treeview"
2026-09-03 13:46:17 - ERROR - Dashboard refresh error: invalid command name ".!frame4.!canvas.!frame.!frame.!frame3.!frame2.!treeview"
Traceback (most recent call last):
  File "C:\Users\Erica Gallogo\OneDrive - National University\Desktop\MIDTERM\views\tracker_view.py", line 692, in load_data
    for item in self.tree.get_children():
                ~~~~~~~~~~~~~~~~~~~~~~^^
  File "C:\Users\Erica Gallogo\AppData\Local\Python\pythoncore-3.14-64\Lib\tkinter\ttk.py", line 1207, in get_children
    self.tk.call(self._w, "children", item or '') or ())
    ~~~~~~~~~~~~^^^^^^^^^^^^^^^^^^^^^^^^^^^^^^^^^
_tkinter.TclError: invalid command name ".!frame4.!canvas.!frame.!frame.!frame3.!frame2.!treeview"
2026-09-03 13:46:22 - ERROR - Dashboard refresh error: invalid command name ".!frame4.!canvas.!frame.!frame.!frame3.!frame2.!treeview"
Traceback (most recent call last):
  File "C:\Users\Erica Gallogo\OneDrive - National University\Desktop\MIDTERM\views\tracker_view.py", line 692, in load_data
    for item in self.tree.get_children():
                ~~~~~~~~~~~~~~~~~~~~~~^^
  File "C:\Users\Erica Gallogo\AppData\Local\Python\pythoncore-3.14-64\Lib\tkinter\ttk.py", line 1207, in get_children
    self.tk.call(self._w, "children", item or '') or ())
    ~~~~~~~~~~~~^^^^^^^^^^^^^^^^^^^^^^^^^^^^^^^^^
_tkinter.TclError: invalid command name ".!frame4.!canvas.!frame.!frame.!frame3.!frame2.!treeview"
2026-09-03 13:46:27 - ERROR - Dashboard refresh error: invalid command name ".!frame4.!canvas.!frame.!frame.!frame3.!frame2.!treeview"
Traceback (most recent call last):
  File "C:\Users\Erica Gallogo\OneDrive - National University\Desktop\MIDTERM\views\tracker_view.py", line 692, in load_data
    for item in self.tree.get_children():
                ~~~~~~~~~~~~~~~~~~~~~~^^
  File "C:\Users\Erica Gallogo\AppData\Local\Python\pythoncore-3.14-64\Lib\tkinter\ttk.py", line 1207, in get_children
    self.tk.call(self._w, "children", item or '') or ())
    ~~~~~~~~~~~~^^^^^^^^^^^^^^^^^^^^^^^^^^^^^^^^^
_tkinter.TclError: invalid command name ".!frame4.!canvas.!frame.!frame.!frame3.!frame2.!treeview"
2026-09-03 13:46:32 - INFO - Hardware item added: RS Pro PT100 (Sensor) x300
2026-09-03 13:46:32 - ERROR - Dashboard refresh error: invalid command name ".!frame4.!canvas.!frame.!frame.!frame3.!frame2.!treeview"
Traceback (most recent call last):
  File "C:\Users\Erica Gallogo\OneDrive - National University\Desktop\MIDTERM\views\tracker_view.py", line 692, in load_data
    for item in self.tree.get_children():
                ~~~~~~~~~~~~~~~~~~~~~~^^
  File "C:\Users\Erica Gallogo\AppData\Local\Python\pythoncore-3.14-64\Lib\tkinter\ttk.py", line 1207, in get_children
    self.tk.call(self._w, "children", item or '') or ())
    ~~~~~~~~~~~~^^^^^^^^^^^^^^^^^^^^^^^^^^^^^^^^^
_tkinter.TclError: invalid command name ".!frame4.!canvas.!frame.!frame.!frame3.!frame2.!treeview"
2026-09-03 13:46:37 - ERROR - Dashboard refresh error: invalid command name ".!frame4.!canvas.!frame.!frame.!frame3.!frame2.!treeview"
Traceback (most recent call last):
  File "C:\Users\Erica Gallogo\OneDrive - National University\Desktop\MIDTERM\views\tracker_view.py", line 692, in load_data
    for item in self.tree.get_children():
                ~~~~~~~~~~~~~~~~~~~~~~^^
  File "C:\Users\Erica Gallogo\AppData\Local\Python\pythoncore-3.14-64\Lib\tkinter\ttk.py", line 1207, in get_children
    self.tk.call(self._w, "children", item or '') or ())
    ~~~~~~~~~~~~^^^^^^^^^^^^^^^^^^^^^^^^^^^^^^^^^
_tkinter.TclError: invalid command name ".!frame4.!canvas.!frame.!frame.!frame3.!frame2.!treeview"
2026-09-03 13:46:42 - ERROR - Dashboard refresh error: invalid command name ".!frame4.!canvas.!frame.!frame.!frame3.!frame2.!treeview"
Traceback (most recent call last):
  File "C:\Users\Erica Gallogo\OneDrive - National University\Desktop\MIDTERM\views\tracker_view.py", line 692, in load_data
    for item in self.tree.get_children():
                ~~~~~~~~~~~~~~~~~~~~~~^^
  File "C:\Users\Erica Gallogo\AppData\Local\Python\pythoncore-3.14-64\Lib\tkinter\ttk.py", line 1207, in get_children
    self.tk.call(self._w, "children", item or '') or ())
    ~~~~~~~~~~~~^^^^^^^^^^^^^^^^^^^^^^^^^^^^^^^^^
_tkinter.TclError: invalid command name ".!frame4.!canvas.!frame.!frame.!frame3.!frame2.!treeview"
2026-09-03 13:46:47 - ERROR - Dashboard refresh error: invalid command name ".!frame4.!canvas.!frame.!frame.!frame3.!frame2.!treeview"
Traceback (most recent call last):
  File "C:\Users\Erica Gallogo\OneDrive - National University\Desktop\MIDTERM\views\tracker_view.py", line 692, in load_data
    for item in self.tree.get_children():
                ~~~~~~~~~~~~~~~~~~~~~~^^
  File "C:\Users\Erica Gallogo\AppData\Local\Python\pythoncore-3.14-64\Lib\tkinter\ttk.py", line 1207, in get_children
    self.tk.call(self._w, "children", item or '') or ())
    ~~~~~~~~~~~~^^^^^^^^^^^^^^^^^^^^^^^^^^^^^^^^^
_tkinter.TclError: invalid command name ".!frame4.!canvas.!frame.!frame.!frame3.!frame2.!treeview"
2026-09-03 13:46:52 - ERROR - Dashboard refresh error: invalid command name ".!frame4.!canvas.!frame.!frame.!frame3.!frame2.!treeview"
Traceback (most recent call last):
  File "C:\Users\Erica Gallogo\OneDrive - National University\Desktop\MIDTERM\views\tracker_view.py", line 692, in load_data
    for item in self.tree.get_children():
                ~~~~~~~~~~~~~~~~~~~~~~^^
  File "C:\Users\Erica Gallogo\AppData\Local\Python\pythoncore-3.14-64\Lib\tkinter\ttk.py", line 1207, in get_children
    self.tk.call(self._w, "children", item or '') or ())
    ~~~~~~~~~~~~^^^^^^^^^^^^^^^^^^^^^^^^^^^^^^^^^
_tkinter.TclError: invalid command name ".!frame4.!canvas.!frame.!frame.!frame3.!frame2.!treeview"
2026-09-03 13:46:57 - ERROR - Dashboard refresh error: invalid command name ".!frame4.!canvas.!frame.!frame.!frame3.!frame2.!treeview"
Traceback (most recent call last):
  File "C:\Users\Erica Gallogo\OneDrive - National University\Desktop\MIDTERM\views\tracker_view.py", line 692, in load_data
    for item in self.tree.get_children():
                ~~~~~~~~~~~~~~~~~~~~~~^^
  File "C:\Users\Erica Gallogo\AppData\Local\Python\pythoncore-3.14-64\Lib\tkinter\ttk.py", line 1207, in get_children
    self.tk.call(self._w, "children", item or '') or ())
    ~~~~~~~~~~~~^^^^^^^^^^^^^^^^^^^^^^^^^^^^^^^^^
_tkinter.TclError: invalid command name ".!frame4.!canvas.!frame.!frame.!frame3.!frame2.!treeview"
2026-09-03 13:47:02 - ERROR - Dashboard refresh error: invalid command name ".!frame4.!canvas.!frame.!frame.!frame3.!frame2.!treeview"
Traceback (most recent call last):
  File "C:\Users\Erica Gallogo\OneDrive - National University\Desktop\MIDTERM\views\tracker_view.py", line 692, in load_data
    for item in self.tree.get_children():
                ~~~~~~~~~~~~~~~~~~~~~~^^
  File "C:\Users\Erica Gallogo\AppData\Local\Python\pythoncore-3.14-64\Lib\tkinter\ttk.py", line 1207, in get_children
    self.tk.call(self._w, "children", item or '') or ())
    ~~~~~~~~~~~~^^^^^^^^^^^^^^^^^^^^^^^^^^^^^^^^^
_tkinter.TclError: invalid command name ".!frame4.!canvas.!frame.!frame.!frame3.!frame2.!treeview"
2026-09-03 13:47:07 - ERROR - Dashboard refresh error: invalid command name ".!frame4.!canvas.!frame.!frame.!frame3.!frame2.!treeview"
Traceback (most recent call last):
  File "C:\Users\Erica Gallogo\OneDrive - National University\Desktop\MIDTERM\views\tracker_view.py", line 692, in load_data
    for item in self.tree.get_children():
                ~~~~~~~~~~~~~~~~~~~~~~^^
  File "C:\Users\Erica Gallogo\AppData\Local\Python\pythoncore-3.14-64\Lib\tkinter\ttk.py", line 1207, in get_children
    self.tk.call(self._w, "children", item or '') or ())
    ~~~~~~~~~~~~^^^^^^^^^^^^^^^^^^^^^^^^^^^^^^^^^
_tkinter.TclError: invalid command name ".!frame4.!canvas.!frame.!frame.!frame3.!frame2.!treeview"
2026-09-03 13:47:12 - ERROR - Dashboard refresh error: invalid command name ".!frame4.!canvas.!frame.!frame.!frame3.!frame2.!treeview"
Traceback (most recent call last):
  File "C:\Users\Erica Gallogo\OneDrive - National University\Desktop\MIDTERM\views\tracker_view.py", line 692, in load_data
    for item in self.tree.get_children():
                ~~~~~~~~~~~~~~~~~~~~~~^^
  File "C:\Users\Erica Gallogo\AppData\Local\Python\pythoncore-3.14-64\Lib\tkinter\ttk.py", line 1207, in get_children
    self.tk.call(self._w, "children", item or '') or ())
    ~~~~~~~~~~~~^^^^^^^^^^^^^^^^^^^^^^^^^^^^^^^^^
_tkinter.TclError: invalid command name ".!frame4.!canvas.!frame.!frame.!frame3.!frame2.!treeview"
2026-09-03 13:47:17 - ERROR - Dashboard refresh error: invalid command name ".!frame4.!canvas.!frame.!frame.!frame3.!frame2.!treeview"
Traceback (most recent call last):
  File "C:\Users\Erica Gallogo\OneDrive - National University\Desktop\MIDTERM\views\tracker_view.py", line 692, in load_data
    for item in self.tree.get_children():
                ~~~~~~~~~~~~~~~~~~~~~~^^
  File "C:\Users\Erica Gallogo\AppData\Local\Python\pythoncore-3.14-64\Lib\tkinter\ttk.py", line 1207, in get_children
    self.tk.call(self._w, "children", item or '') or ())
    ~~~~~~~~~~~~^^^^^^^^^^^^^^^^^^^^^^^^^^^^^^^^^
_tkinter.TclError: invalid command name ".!frame4.!canvas.!frame.!frame.!frame3.!frame2.!treeview"
2026-09-03 13:47:18 - INFO - User Logged Out: 'eca'
2026-09-03 13:47:22 - ERROR - Dashboard refresh error: invalid command name ".!frame8.!canvas.!frame.!frame.!frame3.!frame2.!treeview"
Traceback (most recent call last):
  File "C:\Users\Erica Gallogo\OneDrive - National University\Desktop\MIDTERM\views\tracker_view.py", line 692, in load_data
    for item in self.tree.get_children():
                ~~~~~~~~~~~~~~~~~~~~~~^^
  File "C:\Users\Erica Gallogo\AppData\Local\Python\pythoncore-3.14-64\Lib\tkinter\ttk.py", line 1207, in get_children
    self.tk.call(self._w, "children", item or '') or ())
    ~~~~~~~~~~~~^^^^^^^^^^^^^^^^^^^^^^^^^^^^^^^^^
_tkinter.TclError: invalid command name ".!frame8.!canvas.!frame.!frame.!frame3.!frame2.!treeview"
2026-09-03 13:47:22 - ERROR - Dashboard refresh error: invalid command name ".!frame4.!canvas.!frame.!frame.!frame3.!frame2.!treeview"
Traceback (most recent call last):
  File "C:\Users\Erica Gallogo\OneDrive - National University\Desktop\MIDTERM\views\tracker_view.py", line 692, in load_data
    for item in self.tree.get_children():
                ~~~~~~~~~~~~~~~~~~~~~~^^
  File "C:\Users\Erica Gallogo\AppData\Local\Python\pythoncore-3.14-64\Lib\tkinter\ttk.py", line 1207, in get_children
    self.tk.call(self._w, "children", item or '') or ())
    ~~~~~~~~~~~~^^^^^^^^^^^^^^^^^^^^^^^^^^^^^^^^^
_tkinter.TclError: invalid command name ".!frame4.!canvas.!frame.!frame.!frame3.!frame2.!treeview"
2026-09-03 13:47:27 - ERROR - Dashboard refresh error: invalid command name ".!frame8.!canvas.!frame.!frame.!frame3.!frame2.!treeview"
Traceback (most recent call last):
  File "C:\Users\Erica Gallogo\OneDrive - National University\Desktop\MIDTERM\views\tracker_view.py", line 692, in load_data
    for item in self.tree.get_children():
                ~~~~~~~~~~~~~~~~~~~~~~^^
  File "C:\Users\Erica Gallogo\AppData\Local\Python\pythoncore-3.14-64\Lib\tkinter\ttk.py", line 1207, in get_children
    self.tk.call(self._w, "children", item or '') or ())
    ~~~~~~~~~~~~^^^^^^^^^^^^^^^^^^^^^^^^^^^^^^^^^
_tkinter.TclError: invalid command name ".!frame8.!canvas.!frame.!frame.!frame3.!frame2.!treeview"
2026-09-03 13:47:27 - ERROR - Dashboard refresh error: invalid command name ".!frame4.!canvas.!frame.!frame.!frame3.!frame2.!treeview"
Traceback (most recent call last):
  File "C:\Users\Erica Gallogo\OneDrive - National University\Desktop\MIDTERM\views\tracker_view.py", line 692, in load_data
    for item in self.tree.get_children():
                ~~~~~~~~~~~~~~~~~~~~~~^^
  File "C:\Users\Erica Gallogo\AppData\Local\Python\pythoncore-3.14-64\Lib\tkinter\ttk.py", line 1207, in get_children
    self.tk.call(self._w, "children", item or '') or ())
    ~~~~~~~~~~~~^^^^^^^^^^^^^^^^^^^^^^^^^^^^^^^^^
_tkinter.TclError: invalid command name ".!frame4.!canvas.!frame.!frame.!frame3.!frame2.!treeview"
2026-09-03 13:47:32 - ERROR - Dashboard refresh error: invalid command name ".!frame8.!canvas.!frame.!frame.!frame3.!frame2.!treeview"
Traceback (most recent call last):
  File "C:\Users\Erica Gallogo\OneDrive - National University\Desktop\MIDTERM\views\tracker_view.py", line 692, in load_data
    for item in self.tree.get_children():
                ~~~~~~~~~~~~~~~~~~~~~~^^
  File "C:\Users\Erica Gallogo\AppData\Local\Python\pythoncore-3.14-64\Lib\tkinter\ttk.py", line 1207, in get_children
    self.tk.call(self._w, "children", item or '') or ())
    ~~~~~~~~~~~~^^^^^^^^^^^^^^^^^^^^^^^^^^^^^^^^^
_tkinter.TclError: invalid command name ".!frame8.!canvas.!frame.!frame.!frame3.!frame2.!treeview"
2026-09-03 13:47:33 - ERROR - Dashboard refresh error: invalid command name ".!frame4.!canvas.!frame.!frame.!frame3.!frame2.!treeview"
Traceback (most recent call last):
  File "C:\Users\Erica Gallogo\OneDrive - National University\Desktop\MIDTERM\views\tracker_view.py", line 692, in load_data
    for item in self.tree.get_children():
                ~~~~~~~~~~~~~~~~~~~~~~^^
  File "C:\Users\Erica Gallogo\AppData\Local\Python\pythoncore-3.14-64\Lib\tkinter\ttk.py", line 1207, in get_children
    self.tk.call(self._w, "children", item or '') or ())
    ~~~~~~~~~~~~^^^^^^^^^^^^^^^^^^^^^^^^^^^^^^^^^
_tkinter.TclError: invalid command name ".!frame4.!canvas.!frame.!frame.!frame3.!frame2.!treeview"
2026-09-03 13:47:37 - ERROR - Dashboard refresh error: invalid command name ".!frame8.!canvas.!frame.!frame.!frame3.!frame2.!treeview"
Traceback (most recent call last):
  File "C:\Users\Erica Gallogo\OneDrive - National University\Desktop\MIDTERM\views\tracker_view.py", line 692, in load_data
    for item in self.tree.get_children():
                ~~~~~~~~~~~~~~~~~~~~~~^^
  File "C:\Users\Erica Gallogo\AppData\Local\Python\pythoncore-3.14-64\Lib\tkinter\ttk.py", line 1207, in get_children
    self.tk.call(self._w, "children", item or '') or ())
    ~~~~~~~~~~~~^^^^^^^^^^^^^^^^^^^^^^^^^^^^^^^^^
_tkinter.TclError: invalid command name ".!frame8.!canvas.!frame.!frame.!frame3.!frame2.!treeview"
2026-09-03 13:47:38 - ERROR - Dashboard refresh error: invalid command name ".!frame4.!canvas.!frame.!frame.!frame3.!frame2.!treeview"
Traceback (most recent call last):
  File "C:\Users\Erica Gallogo\OneDrive - National University\Desktop\MIDTERM\views\tracker_view.py", line 692, in load_data
    for item in self.tree.get_children():
                ~~~~~~~~~~~~~~~~~~~~~~^^
  File "C:\Users\Erica Gallogo\AppData\Local\Python\pythoncore-3.14-64\Lib\tkinter\ttk.py", line 1207, in get_children
    self.tk.call(self._w, "children", item or '') or ())
    ~~~~~~~~~~~~^^^^^^^^^^^^^^^^^^^^^^^^^^^^^^^^^
_tkinter.TclError: invalid command name ".!frame4.!canvas.!frame.!frame.!frame3.!frame2.!treeview"
2026-09-03 13:47:42 - ERROR - Dashboard refresh error: invalid command name ".!frame8.!canvas.!frame.!frame.!frame3.!frame2.!treeview"
Traceback (most recent call last):
  File "C:\Users\Erica Gallogo\OneDrive - National University\Desktop\MIDTERM\views\tracker_view.py", line 692, in load_data
    for item in self.tree.get_children():
                ~~~~~~~~~~~~~~~~~~~~~~^^
  File "C:\Users\Erica Gallogo\AppData\Local\Python\pythoncore-3.14-64\Lib\tkinter\ttk.py", line 1207, in get_children
    self.tk.call(self._w, "children", item or '') or ())
    ~~~~~~~~~~~~^^^^^^^^^^^^^^^^^^^^^^^^^^^^^^^^^
_tkinter.TclError: invalid command name ".!frame8.!canvas.!frame.!frame.!frame3.!frame2.!treeview"
2026-09-03 13:47:43 - ERROR - Dashboard refresh error: invalid command name ".!frame4.!canvas.!frame.!frame.!frame3.!frame2.!treeview"
Traceback (most recent call last):
  File "C:\Users\Erica Gallogo\OneDrive - National University\Desktop\MIDTERM\views\tracker_view.py", line 692, in load_data
    for item in self.tree.get_children():
                ~~~~~~~~~~~~~~~~~~~~~~^^
  File "C:\Users\Erica Gallogo\AppData\Local\Python\pythoncore-3.14-64\Lib\tkinter\ttk.py", line 1207, in get_children
    self.tk.call(self._w, "children", item or '') or ())
    ~~~~~~~~~~~~^^^^^^^^^^^^^^^^^^^^^^^^^^^^^^^^^
_tkinter.TclError: invalid command name ".!frame4.!canvas.!frame.!frame.!frame3.!frame2.!treeview"
2026-09-03 13:47:45 - INFO - User Logged In: 'erica'
2026-09-03 13:47:47 - ERROR - Dashboard refresh error: invalid command name ".!frame8.!canvas.!frame.!frame.!frame3.!frame2.!treeview"
Traceback (most recent call last):
  File "C:\Users\Erica Gallogo\OneDrive - National University\Desktop\MIDTERM\views\tracker_view.py", line 692, in load_data
    for item in self.tree.get_children():
                ~~~~~~~~~~~~~~~~~~~~~~^^
  File "C:\Users\Erica Gallogo\AppData\Local\Python\pythoncore-3.14-64\Lib\tkinter\ttk.py", line 1207, in get_children
    self.tk.call(self._w, "children", item or '') or ())
    ~~~~~~~~~~~~^^^^^^^^^^^^^^^^^^^^^^^^^^^^^^^^^
_tkinter.TclError: invalid command name ".!frame8.!canvas.!frame.!frame.!frame3.!frame2.!treeview"
2026-09-03 13:47:48 - ERROR - Dashboard refresh error: invalid command name ".!frame4.!canvas.!frame.!frame.!frame3.!frame2.!treeview"
Traceback (most recent call last):
  File "C:\Users\Erica Gallogo\OneDrive - National University\Desktop\MIDTERM\views\tracker_view.py", line 692, in load_data
    for item in self.tree.get_children():
                ~~~~~~~~~~~~~~~~~~~~~~^^
  File "C:\Users\Erica Gallogo\AppData\Local\Python\pythoncore-3.14-64\Lib\tkinter\ttk.py", line 1207, in get_children
    self.tk.call(self._w, "children", item or '') or ())
    ~~~~~~~~~~~~^^^^^^^^^^^^^^^^^^^^^^^^^^^^^^^^^
_tkinter.TclError: invalid command name ".!frame4.!canvas.!frame.!frame.!frame3.!frame2.!treeview"
2026-09-03 13:47:52 - ERROR - Dashboard refresh error: invalid command name ".!frame8.!canvas.!frame.!frame.!frame3.!frame2.!treeview"
Traceback (most recent call last):
  File "C:\Users\Erica Gallogo\OneDrive - National University\Desktop\MIDTERM\views\tracker_view.py", line 692, in load_data
    for item in self.tree.get_children():
                ~~~~~~~~~~~~~~~~~~~~~~^^
  File "C:\Users\Erica Gallogo\AppData\Local\Python\pythoncore-3.14-64\Lib\tkinter\ttk.py", line 1207, in get_children
    self.tk.call(self._w, "children", item or '') or ())
    ~~~~~~~~~~~~^^^^^^^^^^^^^^^^^^^^^^^^^^^^^^^^^
_tkinter.TclError: invalid command name ".!frame8.!canvas.!frame.!frame.!frame3.!frame2.!treeview"
2026-09-03 13:47:53 - ERROR - Dashboard refresh error: invalid command name ".!frame4.!canvas.!frame.!frame.!frame3.!frame2.!treeview"
Traceback (most recent call last):
  File "C:\Users\Erica Gallogo\OneDrive - National University\Desktop\MIDTERM\views\tracker_view.py", line 692, in load_data
    for item in self.tree.get_children():
                ~~~~~~~~~~~~~~~~~~~~~~^^
  File "C:\Users\Erica Gallogo\AppData\Local\Python\pythoncore-3.14-64\Lib\tkinter\ttk.py", line 1207, in get_children
    self.tk.call(self._w, "children", item or '') or ())
    ~~~~~~~~~~~~^^^^^^^^^^^^^^^^^^^^^^^^^^^^^^^^^
_tkinter.TclError: invalid command name ".!frame4.!canvas.!frame.!frame.!frame3.!frame2.!treeview"
2026-09-03 13:47:57 - ERROR - Dashboard refresh error: invalid command name ".!frame8.!canvas.!frame.!frame.!frame3.!frame2.!treeview"
Traceback (most recent call last):
  File "C:\Users\Erica Gallogo\OneDrive - National University\Desktop\MIDTERM\views\tracker_view.py", line 692, in load_data
    for item in self.tree.get_children():
                ~~~~~~~~~~~~~~~~~~~~~~^^
  File "C:\Users\Erica Gallogo\AppData\Local\Python\pythoncore-3.14-64\Lib\tkinter\ttk.py", line 1207, in get_children
    self.tk.call(self._w, "children", item or '') or ())
    ~~~~~~~~~~~~^^^^^^^^^^^^^^^^^^^^^^^^^^^^^^^^^
_tkinter.TclError: invalid command name ".!frame8.!canvas.!frame.!frame.!frame3.!frame2.!treeview"
2026-09-03 13:47:58 - ERROR - Dashboard refresh error: invalid command name ".!frame4.!canvas.!frame.!frame.!frame3.!frame2.!treeview"
Traceback (most recent call last):
  File "C:\Users\Erica Gallogo\OneDrive - National University\Desktop\MIDTERM\views\tracker_view.py", line 692, in load_data
    for item in self.tree.get_children():
                ~~~~~~~~~~~~~~~~~~~~~~^^
  File "C:\Users\Erica Gallogo\AppData\Local\Python\pythoncore-3.14-64\Lib\tkinter\ttk.py", line 1207, in get_children
    self.tk.call(self._w, "children", item or '') or ())
    ~~~~~~~~~~~~^^^^^^^^^^^^^^^^^^^^^^^^^^^^^^^^^
_tkinter.TclError: invalid command name ".!frame4.!canvas.!frame.!frame.!frame3.!frame2.!treeview"
2026-09-03 13:48:02 - ERROR - Dashboard refresh error: invalid command name ".!frame8.!canvas.!frame.!frame.!frame3.!frame2.!treeview"
Traceback (most recent call last):
  File "C:\Users\Erica Gallogo\OneDrive - National University\Desktop\MIDTERM\views\tracker_view.py", line 692, in load_data
    for item in self.tree.get_children():
                ~~~~~~~~~~~~~~~~~~~~~~^^
  File "C:\Users\Erica Gallogo\AppData\Local\Python\pythoncore-3.14-64\Lib\tkinter\ttk.py", line 1207, in get_children
    self.tk.call(self._w, "children", item or '') or ())
    ~~~~~~~~~~~~^^^^^^^^^^^^^^^^^^^^^^^^^^^^^^^^^
_tkinter.TclError: invalid command name ".!frame8.!canvas.!frame.!frame.!frame3.!frame2.!treeview"
2026-09-03 13:48:03 - ERROR - Dashboard refresh error: invalid command name ".!frame4.!canvas.!frame.!frame.!frame3.!frame2.!treeview"
Traceback (most recent call last):
  File "C:\Users\Erica Gallogo\OneDrive - National University\Desktop\MIDTERM\views\tracker_view.py", line 692, in load_data
    for item in self.tree.get_children():
                ~~~~~~~~~~~~~~~~~~~~~~^^
  File "C:\Users\Erica Gallogo\AppData\Local\Python\pythoncore-3.14-64\Lib\tkinter\ttk.py", line 1207, in get_children
    self.tk.call(self._w, "children", item or '') or ())
    ~~~~~~~~~~~~^^^^^^^^^^^^^^^^^^^^^^^^^^^^^^^^^
_tkinter.TclError: invalid command name ".!frame4.!canvas.!frame.!frame.!frame3.!frame2.!treeview"
2026-09-03 13:48:07 - ERROR - Dashboard refresh error: invalid command name ".!frame8.!canvas.!frame.!frame.!frame3.!frame2.!treeview"
Traceback (most recent call last):
  File "C:\Users\Erica Gallogo\OneDrive - National University\Desktop\MIDTERM\views\tracker_view.py", line 692, in load_data
    for item in self.tree.get_children():
                ~~~~~~~~~~~~~~~~~~~~~~^^
  File "C:\Users\Erica Gallogo\AppData\Local\Python\pythoncore-3.14-64\Lib\tkinter\ttk.py", line 1207, in get_children
    self.tk.call(self._w, "children", item or '') or ())
    ~~~~~~~~~~~~^^^^^^^^^^^^^^^^^^^^^^^^^^^^^^^^^
_tkinter.TclError: invalid command name ".!frame8.!canvas.!frame.!frame.!frame3.!frame2.!treeview"
2026-09-03 13:48:08 - ERROR - Dashboard refresh error: invalid command name ".!frame4.!canvas.!frame.!frame.!frame3.!frame2.!treeview"
Traceback (most recent call last):
  File "C:\Users\Erica Gallogo\OneDrive - National University\Desktop\MIDTERM\views\tracker_view.py", line 692, in load_data
    for item in self.tree.get_children():
                ~~~~~~~~~~~~~~~~~~~~~~^^
  File "C:\Users\Erica Gallogo\AppData\Local\Python\pythoncore-3.14-64\Lib\tkinter\ttk.py", line 1207, in get_children
    self.tk.call(self._w, "children", item or '') or ())
    ~~~~~~~~~~~~^^^^^^^^^^^^^^^^^^^^^^^^^^^^^^^^^
_tkinter.TclError: invalid command name ".!frame4.!canvas.!frame.!frame.!frame3.!frame2.!treeview"
2026-09-03 13:48:12 - ERROR - Dashboard refresh error: invalid command name ".!frame8.!canvas.!frame.!frame.!frame3.!frame2.!treeview"
Traceback (most recent call last):
  File "C:\Users\Erica Gallogo\OneDrive - National University\Desktop\MIDTERM\views\tracker_view.py", line 692, in load_data
    for item in self.tree.get_children():
                ~~~~~~~~~~~~~~~~~~~~~~^^
  File "C:\Users\Erica Gallogo\AppData\Local\Python\pythoncore-3.14-64\Lib\tkinter\ttk.py", line 1207, in get_children
    self.tk.call(self._w, "children", item or '') or ())
    ~~~~~~~~~~~~^^^^^^^^^^^^^^^^^^^^^^^^^^^^^^^^^
_tkinter.TclError: invalid command name ".!frame8.!canvas.!frame.!frame.!frame3.!frame2.!treeview"
2026-09-03 13:48:13 - ERROR - Dashboard refresh error: invalid command name ".!frame4.!canvas.!frame.!frame.!frame3.!frame2.!treeview"
Traceback (most recent call last):
  File "C:\Users\Erica Gallogo\OneDrive - National University\Desktop\MIDTERM\views\tracker_view.py", line 692, in load_data
    for item in self.tree.get_children():
                ~~~~~~~~~~~~~~~~~~~~~~^^
  File "C:\Users\Erica Gallogo\AppData\Local\Python\pythoncore-3.14-64\Lib\tkinter\ttk.py", line 1207, in get_children
    self.tk.call(self._w, "children", item or '') or ())
    ~~~~~~~~~~~~^^^^^^^^^^^^^^^^^^^^^^^^^^^^^^^^^
_tkinter.TclError: invalid command name ".!frame4.!canvas.!frame.!frame.!frame3.!frame2.!treeview"
2026-09-03 13:48:15 - INFO - Borrowed item: student=Leo, student_id=1234567, item_id=2, quantity=3
2026-09-03 13:48:17 - ERROR - Dashboard refresh error: invalid command name ".!frame8.!canvas.!frame.!frame.!frame3.!frame2.!treeview"
Traceback (most recent call last):
  File "C:\Users\Erica Gallogo\OneDrive - National University\Desktop\MIDTERM\views\tracker_view.py", line 692, in load_data
    for item in self.tree.get_children():
                ~~~~~~~~~~~~~~~~~~~~~~^^
  File "C:\Users\Erica Gallogo\AppData\Local\Python\pythoncore-3.14-64\Lib\tkinter\ttk.py", line 1207, in get_children
    self.tk.call(self._w, "children", item or '') or ())
    ~~~~~~~~~~~~^^^^^^^^^^^^^^^^^^^^^^^^^^^^^^^^^
_tkinter.TclError: invalid command name ".!frame8.!canvas.!frame.!frame.!frame3.!frame2.!treeview"
2026-09-03 13:48:18 - ERROR - Dashboard refresh error: invalid command name ".!frame4.!canvas.!frame.!frame.!frame3.!frame2.!treeview"
Traceback (most recent call last):
  File "C:\Users\Erica Gallogo\OneDrive - National University\Desktop\MIDTERM\views\tracker_view.py", line 692, in load_data
    for item in self.tree.get_children():
                ~~~~~~~~~~~~~~~~~~~~~~^^
  File "C:\Users\Erica Gallogo\AppData\Local\Python\pythoncore-3.14-64\Lib\tkinter\ttk.py", line 1207, in get_children
    self.tk.call(self._w, "children", item or '') or ())
    ~~~~~~~~~~~~^^^^^^^^^^^^^^^^^^^^^^^^^^^^^^^^^
_tkinter.TclError: invalid command name ".!frame4.!canvas.!frame.!frame.!frame3.!frame2.!treeview"
2026-09-03 13:48:22 - ERROR - Dashboard refresh error: invalid command name ".!frame8.!canvas.!frame.!frame.!frame3.!frame2.!treeview"
Traceback (most recent call last):
  File "C:\Users\Erica Gallogo\OneDrive - National University\Desktop\MIDTERM\views\tracker_view.py", line 692, in load_data
    for item in self.tree.get_children():
                ~~~~~~~~~~~~~~~~~~~~~~^^
  File "C:\Users\Erica Gallogo\AppData\Local\Python\pythoncore-3.14-64\Lib\tkinter\ttk.py", line 1207, in get_children
    self.tk.call(self._w, "children", item or '') or ())
    ~~~~~~~~~~~~^^^^^^^^^^^^^^^^^^^^^^^^^^^^^^^^^
_tkinter.TclError: invalid command name ".!frame8.!canvas.!frame.!frame.!frame3.!frame2.!treeview"
2026-09-03 13:48:23 - ERROR - Dashboard refresh error: invalid command name ".!frame4.!canvas.!frame.!frame.!frame3.!frame2.!treeview"
Traceback (most recent call last):
  File "C:\Users\Erica Gallogo\OneDrive - National University\Desktop\MIDTERM\views\tracker_view.py", line 692, in load_data
    for item in self.tree.get_children():
                ~~~~~~~~~~~~~~~~~~~~~~^^
  File "C:\Users\Erica Gallogo\AppData\Local\Python\pythoncore-3.14-64\Lib\tkinter\ttk.py", line 1207, in get_children
    self.tk.call(self._w, "children", item or '') or ())
    ~~~~~~~~~~~~^^^^^^^^^^^^^^^^^^^^^^^^^^^^^^^^^
_tkinter.TclError: invalid command name ".!frame4.!canvas.!frame.!frame.!frame3.!frame2.!treeview"
2026-09-03 13:48:26 - INFO - User Logged Out: 'erica'
2026-09-03 13:48:27 - ERROR - Dashboard refresh error: invalid command name ".!frame8.!canvas.!frame.!frame.!frame3.!frame2.!treeview"
Traceback (most recent call last):
  File "C:\Users\Erica Gallogo\OneDrive - National University\Desktop\MIDTERM\views\tracker_view.py", line 692, in load_data
    for item in self.tree.get_children():
                ~~~~~~~~~~~~~~~~~~~~~~^^
  File "C:\Users\Erica Gallogo\AppData\Local\Python\pythoncore-3.14-64\Lib\tkinter\ttk.py", line 1207, in get_children
    self.tk.call(self._w, "children", item or '') or ())
    ~~~~~~~~~~~~^^^^^^^^^^^^^^^^^^^^^^^^^^^^^^^^^
_tkinter.TclError: invalid command name ".!frame8.!canvas.!frame.!frame.!frame3.!frame2.!treeview"
2026-09-03 13:48:27 - ERROR - Dashboard refresh error: invalid command name ".!frame12.!canvas.!frame.!frame.!frame3.!frame2.!treeview"
Traceback (most recent call last):
  File "C:\Users\Erica Gallogo\OneDrive - National University\Desktop\MIDTERM\views\tracker_view.py", line 692, in load_data
    for item in self.tree.get_children():
                ~~~~~~~~~~~~~~~~~~~~~~^^
  File "C:\Users\Erica Gallogo\AppData\Local\Python\pythoncore-3.14-64\Lib\tkinter\ttk.py", line 1207, in get_children
    self.tk.call(self._w, "children", item or '') or ())
    ~~~~~~~~~~~~^^^^^^^^^^^^^^^^^^^^^^^^^^^^^^^^^
_tkinter.TclError: invalid command name ".!frame12.!canvas.!frame.!frame.!frame3.!frame2.!treeview"
2026-09-03 13:48:28 - ERROR - Dashboard refresh error: invalid command name ".!frame4.!canvas.!frame.!frame.!frame3.!frame2.!treeview"
Traceback (most recent call last):
  File "C:\Users\Erica Gallogo\OneDrive - National University\Desktop\MIDTERM\views\tracker_view.py", line 692, in load_data
    for item in self.tree.get_children():
                ~~~~~~~~~~~~~~~~~~~~~~^^
  File "C:\Users\Erica Gallogo\AppData\Local\Python\pythoncore-3.14-64\Lib\tkinter\ttk.py", line 1207, in get_children
    self.tk.call(self._w, "children", item or '') or ())
    ~~~~~~~~~~~~^^^^^^^^^^^^^^^^^^^^^^^^^^^^^^^^^
_tkinter.TclError: invalid command name ".!frame4.!canvas.!frame.!frame.!frame3.!frame2.!treeview"
2026-09-03 13:48:32 - ERROR - Dashboard refresh error: invalid command name ".!frame8.!canvas.!frame.!frame.!frame3.!frame2.!treeview"
Traceback (most recent call last):
  File "C:\Users\Erica Gallogo\OneDrive - National University\Desktop\MIDTERM\views\tracker_view.py", line 692, in load_data
    for item in self.tree.get_children():
                ~~~~~~~~~~~~~~~~~~~~~~^^
  File "C:\Users\Erica Gallogo\AppData\Local\Python\pythoncore-3.14-64\Lib\tkinter\ttk.py", line 1207, in get_children
    self.tk.call(self._w, "children", item or '') or ())
    ~~~~~~~~~~~~^^^^^^^^^^^^^^^^^^^^^^^^^^^^^^^^^
_tkinter.TclError: invalid command name ".!frame8.!canvas.!frame.!frame.!frame3.!frame2.!treeview"
2026-09-03 13:48:32 - ERROR - Dashboard refresh error: invalid command name ".!frame12.!canvas.!frame.!frame.!frame3.!frame2.!treeview"
Traceback (most recent call last):
  File "C:\Users\Erica Gallogo\OneDrive - National University\Desktop\MIDTERM\views\tracker_view.py", line 692, in load_data
    for item in self.tree.get_children():
                ~~~~~~~~~~~~~~~~~~~~~~^^
  File "C:\Users\Erica Gallogo\AppData\Local\Python\pythoncore-3.14-64\Lib\tkinter\ttk.py", line 1207, in get_children
    self.tk.call(self._w, "children", item or '') or ())
    ~~~~~~~~~~~~^^^^^^^^^^^^^^^^^^^^^^^^^^^^^^^^^
_tkinter.TclError: invalid command name ".!frame12.!canvas.!frame.!frame.!frame3.!frame2.!treeview"
2026-09-03 13:48:33 - ERROR - Dashboard refresh error: invalid command name ".!frame4.!canvas.!frame.!frame.!frame3.!frame2.!treeview"
Traceback (most recent call last):
  File "C:\Users\Erica Gallogo\OneDrive - National University\Desktop\MIDTERM\views\tracker_view.py", line 692, in load_data
    for item in self.tree.get_children():
                ~~~~~~~~~~~~~~~~~~~~~~^^
  File "C:\Users\Erica Gallogo\AppData\Local\Python\pythoncore-3.14-64\Lib\tkinter\ttk.py", line 1207, in get_children
    self.tk.call(self._w, "children", item or '') or ())
    ~~~~~~~~~~~~^^^^^^^^^^^^^^^^^^^^^^^^^^^^^^^^^
_tkinter.TclError: invalid command name ".!frame4.!canvas.!frame.!frame.!frame3.!frame2.!treeview"
2026-09-03 13:48:37 - ERROR - Dashboard refresh error: invalid command name ".!frame8.!canvas.!frame.!frame.!frame3.!frame2.!treeview"
Traceback (most recent call last):
  File "C:\Users\Erica Gallogo\OneDrive - National University\Desktop\MIDTERM\views\tracker_view.py", line 692, in load_data
    for item in self.tree.get_children():
                ~~~~~~~~~~~~~~~~~~~~~~^^
  File "C:\Users\Erica Gallogo\AppData\Local\Python\pythoncore-3.14-64\Lib\tkinter\ttk.py", line 1207, in get_children
    self.tk.call(self._w, "children", item or '') or ())
    ~~~~~~~~~~~~^^^^^^^^^^^^^^^^^^^^^^^^^^^^^^^^^
_tkinter.TclError: invalid command name ".!frame8.!canvas.!frame.!frame.!frame3.!frame2.!treeview"
2026-09-03 13:48:37 - ERROR - Dashboard refresh error: invalid command name ".!frame12.!canvas.!frame.!frame.!frame3.!frame2.!treeview"
Traceback (most recent call last):
  File "C:\Users\Erica Gallogo\OneDrive - National University\Desktop\MIDTERM\views\tracker_view.py", line 692, in load_data
    for item in self.tree.get_children():
                ~~~~~~~~~~~~~~~~~~~~~~^^
  File "C:\Users\Erica Gallogo\AppData\Local\Python\pythoncore-3.14-64\Lib\tkinter\ttk.py", line 1207, in get_children
    self.tk.call(self._w, "children", item or '') or ())
    ~~~~~~~~~~~~^^^^^^^^^^^^^^^^^^^^^^^^^^^^^^^^^
_tkinter.TclError: invalid command name ".!frame12.!canvas.!frame.!frame.!frame3.!frame2.!treeview"
2026-09-03 13:48:38 - ERROR - Dashboard refresh error: invalid command name ".!frame4.!canvas.!frame.!frame.!frame3.!frame2.!treeview"
Traceback (most recent call last):
  File "C:\Users\Erica Gallogo\OneDrive - National University\Desktop\MIDTERM\views\tracker_view.py", line 692, in load_data
    for item in self.tree.get_children():
                ~~~~~~~~~~~~~~~~~~~~~~^^
  File "C:\Users\Erica Gallogo\AppData\Local\Python\pythoncore-3.14-64\Lib\tkinter\ttk.py", line 1207, in get_children
    self.tk.call(self._w, "children", item or '') or ())
    ~~~~~~~~~~~~^^^^^^^^^^^^^^^^^^^^^^^^^^^^^^^^^
_tkinter.TclError: invalid command name ".!frame4.!canvas.!frame.!frame.!frame3.!frame2.!treeview"
2026-09-03 13:48:42 - ERROR - Dashboard refresh error: invalid command name ".!frame8.!canvas.!frame.!frame.!frame3.!frame2.!treeview"
Traceback (most recent call last):
  File "C:\Users\Erica Gallogo\OneDrive - National University\Desktop\MIDTERM\views\tracker_view.py", line 692, in load_data
    for item in self.tree.get_children():
                ~~~~~~~~~~~~~~~~~~~~~~^^
  File "C:\Users\Erica Gallogo\AppData\Local\Python\pythoncore-3.14-64\Lib\tkinter\ttk.py", line 1207, in get_children
    self.tk.call(self._w, "children", item or '') or ())
    ~~~~~~~~~~~~^^^^^^^^^^^^^^^^^^^^^^^^^^^^^^^^^
_tkinter.TclError: invalid command name ".!frame8.!canvas.!frame.!frame.!frame3.!frame2.!treeview"
2026-09-03 13:48:42 - ERROR - Dashboard refresh error: invalid command name ".!frame12.!canvas.!frame.!frame.!frame3.!frame2.!treeview"
Traceback (most recent call last):
  File "C:\Users\Erica Gallogo\OneDrive - National University\Desktop\MIDTERM\views\tracker_view.py", line 692, in load_data
    for item in self.tree.get_children():
                ~~~~~~~~~~~~~~~~~~~~~~^^
  File "C:\Users\Erica Gallogo\AppData\Local\Python\pythoncore-3.14-64\Lib\tkinter\ttk.py", line 1207, in get_children
    self.tk.call(self._w, "children", item or '') or ())
    ~~~~~~~~~~~~^^^^^^^^^^^^^^^^^^^^^^^^^^^^^^^^^
_tkinter.TclError: invalid command name ".!frame12.!canvas.!frame.!frame.!frame3.!frame2.!treeview"
2026-09-03 13:48:43 - ERROR - Dashboard refresh error: invalid command name ".!frame4.!canvas.!frame.!frame.!frame3.!frame2.!treeview"
Traceback (most recent call last):
  File "C:\Users\Erica Gallogo\OneDrive - National University\Desktop\MIDTERM\views\tracker_view.py", line 692, in load_data
    for item in self.tree.get_children():
                ~~~~~~~~~~~~~~~~~~~~~~^^
  File "C:\Users\Erica Gallogo\AppData\Local\Python\pythoncore-3.14-64\Lib\tkinter\ttk.py", line 1207, in get_children
    self.tk.call(self._w, "children", item or '') or ())
    ~~~~~~~~~~~~^^^^^^^^^^^^^^^^^^^^^^^^^^^^^^^^^
_tkinter.TclError: invalid command name ".!frame4.!canvas.!frame.!frame.!frame3.!frame2.!treeview"
2026-09-03 13:48:47 - ERROR - Dashboard refresh error: invalid command name ".!frame8.!canvas.!frame.!frame.!frame3.!frame2.!treeview"
Traceback (most recent call last):
  File "C:\Users\Erica Gallogo\OneDrive - National University\Desktop\MIDTERM\views\tracker_view.py", line 692, in load_data
    for item in self.tree.get_children():
                ~~~~~~~~~~~~~~~~~~~~~~^^
  File "C:\Users\Erica Gallogo\AppData\Local\Python\pythoncore-3.14-64\Lib\tkinter\ttk.py", line 1207, in get_children
    self.tk.call(self._w, "children", item or '') or ())
    ~~~~~~~~~~~~^^^^^^^^^^^^^^^^^^^^^^^^^^^^^^^^^
_tkinter.TclError: invalid command name ".!frame8.!canvas.!frame.!frame.!frame3.!frame2.!treeview"
2026-09-03 13:48:47 - ERROR - Dashboard refresh error: invalid command name ".!frame12.!canvas.!frame.!frame.!frame3.!frame2.!treeview"
Traceback (most recent call last):
  File "C:\Users\Erica Gallogo\OneDrive - National University\Desktop\MIDTERM\views\tracker_view.py", line 692, in load_data
    for item in self.tree.get_children():
                ~~~~~~~~~~~~~~~~~~~~~~^^
  File "C:\Users\Erica Gallogo\AppData\Local\Python\pythoncore-3.14-64\Lib\tkinter\ttk.py", line 1207, in get_children
    self.tk.call(self._w, "children", item or '') or ())
    ~~~~~~~~~~~~^^^^^^^^^^^^^^^^^^^^^^^^^^^^^^^^^
_tkinter.TclError: invalid command name ".!frame12.!canvas.!frame.!frame.!frame3.!frame2.!treeview"
2026-09-03 13:48:48 - ERROR - Dashboard refresh error: invalid command name ".!frame4.!canvas.!frame.!frame.!frame3.!frame2.!treeview"
Traceback (most recent call last):
  File "C:\Users\Erica Gallogo\OneDrive - National University\Desktop\MIDTERM\views\tracker_view.py", line 692, in load_data
    for item in self.tree.get_children():
                ~~~~~~~~~~~~~~~~~~~~~~^^
  File "C:\Users\Erica Gallogo\AppData\Local\Python\pythoncore-3.14-64\Lib\tkinter\ttk.py", line 1207, in get_children
    self.tk.call(self._w, "children", item or '') or ())
    ~~~~~~~~~~~~^^^^^^^^^^^^^^^^^^^^^^^^^^^^^^^^^
_tkinter.TclError: invalid command name ".!frame4.!canvas.!frame.!frame.!frame3.!frame2.!treeview"
2026-09-03 13:48:50 - INFO - User Logged In: 'eca'
2026-09-03 13:48:52 - ERROR - Dashboard refresh error: invalid command name ".!frame8.!canvas.!frame.!frame.!frame3.!frame2.!treeview"
Traceback (most recent call last):
  File "C:\Users\Erica Gallogo\OneDrive - National University\Desktop\MIDTERM\views\tracker_view.py", line 692, in load_data
    for item in self.tree.get_children():
                ~~~~~~~~~~~~~~~~~~~~~~^^
  File "C:\Users\Erica Gallogo\AppData\Local\Python\pythoncore-3.14-64\Lib\tkinter\ttk.py", line 1207, in get_children
    self.tk.call(self._w, "children", item or '') or ())
    ~~~~~~~~~~~~^^^^^^^^^^^^^^^^^^^^^^^^^^^^^^^^^
_tkinter.TclError: invalid command name ".!frame8.!canvas.!frame.!frame.!frame3.!frame2.!treeview"
2026-09-03 13:48:52 - ERROR - Dashboard refresh error: invalid command name ".!frame12.!canvas.!frame.!frame.!frame3.!frame2.!treeview"
Traceback (most recent call last):
  File "C:\Users\Erica Gallogo\OneDrive - National University\Desktop\MIDTERM\views\tracker_view.py", line 692, in load_data
    for item in self.tree.get_children():
                ~~~~~~~~~~~~~~~~~~~~~~^^
  File "C:\Users\Erica Gallogo\AppData\Local\Python\pythoncore-3.14-64\Lib\tkinter\ttk.py", line 1207, in get_children
    self.tk.call(self._w, "children", item or '') or ())
    ~~~~~~~~~~~~^^^^^^^^^^^^^^^^^^^^^^^^^^^^^^^^^
_tkinter.TclError: invalid command name ".!frame12.!canvas.!frame.!frame.!frame3.!frame2.!treeview"
2026-09-03 13:48:53 - ERROR - Dashboard refresh error: invalid command name ".!frame4.!canvas.!frame.!frame.!frame3.!frame2.!treeview"
Traceback (most recent call last):
  File "C:\Users\Erica Gallogo\OneDrive - National University\Desktop\MIDTERM\views\tracker_view.py", line 692, in load_data
    for item in self.tree.get_children():
                ~~~~~~~~~~~~~~~~~~~~~~^^
  File "C:\Users\Erica Gallogo\AppData\Local\Python\pythoncore-3.14-64\Lib\tkinter\ttk.py", line 1207, in get_children
    self.tk.call(self._w, "children", item or '') or ())
    ~~~~~~~~~~~~^^^^^^^^^^^^^^^^^^^^^^^^^^^^^^^^^
_tkinter.TclError: invalid command name ".!frame4.!canvas.!frame.!frame.!frame3.!frame2.!treeview"
2026-09-03 13:48:57 - ERROR - Dashboard refresh error: invalid command name ".!frame8.!canvas.!frame.!frame.!frame3.!frame2.!treeview"
Traceback (most recent call last):
  File "C:\Users\Erica Gallogo\OneDrive - National University\Desktop\MIDTERM\views\tracker_view.py", line 692, in load_data
    for item in self.tree.get_children():
                ~~~~~~~~~~~~~~~~~~~~~~^^
  File "C:\Users\Erica Gallogo\AppData\Local\Python\pythoncore-3.14-64\Lib\tkinter\ttk.py", line 1207, in get_children
    self.tk.call(self._w, "children", item or '') or ())
    ~~~~~~~~~~~~^^^^^^^^^^^^^^^^^^^^^^^^^^^^^^^^^
_tkinter.TclError: invalid command name ".!frame8.!canvas.!frame.!frame.!frame3.!frame2.!treeview"
2026-09-03 13:48:57 - ERROR - Dashboard refresh error: invalid command name ".!frame12.!canvas.!frame.!frame.!frame3.!frame2.!treeview"
Traceback (most recent call last):
  File "C:\Users\Erica Gallogo\OneDrive - National University\Desktop\MIDTERM\views\tracker_view.py", line 692, in load_data
    for item in self.tree.get_children():
                ~~~~~~~~~~~~~~~~~~~~~~^^
  File "C:\Users\Erica Gallogo\AppData\Local\Python\pythoncore-3.14-64\Lib\tkinter\ttk.py", line 1207, in get_children
    self.tk.call(self._w, "children", item or '') or ())
    ~~~~~~~~~~~~^^^^^^^^^^^^^^^^^^^^^^^^^^^^^^^^^
_tkinter.TclError: invalid command name ".!frame12.!canvas.!frame.!frame.!frame3.!frame2.!treeview"
2026-09-03 13:48:58 - ERROR - Dashboard refresh error: invalid command name ".!frame4.!canvas.!frame.!frame.!frame3.!frame2.!treeview"
Traceback (most recent call last):
  File "C:\Users\Erica Gallogo\OneDrive - National University\Desktop\MIDTERM\views\tracker_view.py", line 692, in load_data
    for item in self.tree.get_children():
                ~~~~~~~~~~~~~~~~~~~~~~^^
  File "C:\Users\Erica Gallogo\AppData\Local\Python\pythoncore-3.14-64\Lib\tkinter\ttk.py", line 1207, in get_children
    self.tk.call(self._w, "children", item or '') or ())
    ~~~~~~~~~~~~^^^^^^^^^^^^^^^^^^^^^^^^^^^^^^^^^
_tkinter.TclError: invalid command name ".!frame4.!canvas.!frame.!frame.!frame3.!frame2.!treeview"
2026-09-03 13:49:02 - ERROR - Dashboard refresh error: invalid command name ".!frame8.!canvas.!frame.!frame.!frame3.!frame2.!treeview"
Traceback (most recent call last):
  File "C:\Users\Erica Gallogo\OneDrive - National University\Desktop\MIDTERM\views\tracker_view.py", line 692, in load_data
    for item in self.tree.get_children():
                ~~~~~~~~~~~~~~~~~~~~~~^^
  File "C:\Users\Erica Gallogo\AppData\Local\Python\pythoncore-3.14-64\Lib\tkinter\ttk.py", line 1207, in get_children
    self.tk.call(self._w, "children", item or '') or ())
    ~~~~~~~~~~~~^^^^^^^^^^^^^^^^^^^^^^^^^^^^^^^^^
_tkinter.TclError: invalid command name ".!frame8.!canvas.!frame.!frame.!frame3.!frame2.!treeview"
2026-09-03 13:49:02 - ERROR - Dashboard refresh error: invalid command name ".!frame12.!canvas.!frame.!frame.!frame3.!frame2.!treeview"
Traceback (most recent call last):
  File "C:\Users\Erica Gallogo\OneDrive - National University\Desktop\MIDTERM\views\tracker_view.py", line 692, in load_data
    for item in self.tree.get_children():
                ~~~~~~~~~~~~~~~~~~~~~~^^
  File "C:\Users\Erica Gallogo\AppData\Local\Python\pythoncore-3.14-64\Lib\tkinter\ttk.py", line 1207, in get_children
    self.tk.call(self._w, "children", item or '') or ())
    ~~~~~~~~~~~~^^^^^^^^^^^^^^^^^^^^^^^^^^^^^^^^^
_tkinter.TclError: invalid command name ".!frame12.!canvas.!frame.!frame.!frame3.!frame2.!treeview"
2026-09-03 13:49:03 - ERROR - Dashboard refresh error: invalid command name ".!frame4.!canvas.!frame.!frame.!frame3.!frame2.!treeview"
Traceback (most recent call last):
  File "C:\Users\Erica Gallogo\OneDrive - National University\Desktop\MIDTERM\views\tracker_view.py", line 692, in load_data
    for item in self.tree.get_children():
                ~~~~~~~~~~~~~~~~~~~~~~^^
  File "C:\Users\Erica Gallogo\AppData\Local\Python\pythoncore-3.14-64\Lib\tkinter\ttk.py", line 1207, in get_children
    self.tk.call(self._w, "children", item or '') or ())
    ~~~~~~~~~~~~^^^^^^^^^^^^^^^^^^^^^^^^^^^^^^^^^
_tkinter.TclError: invalid command name ".!frame4.!canvas.!frame.!frame.!frame3.!frame2.!treeview"
2026-09-03 13:49:07 - ERROR - Dashboard refresh error: invalid command name ".!frame8.!canvas.!frame.!frame.!frame3.!frame2.!treeview"
Traceback (most recent call last):
  File "C:\Users\Erica Gallogo\OneDrive - National University\Desktop\MIDTERM\views\tracker_view.py", line 692, in load_data
    for item in self.tree.get_children():
                ~~~~~~~~~~~~~~~~~~~~~~^^
  File "C:\Users\Erica Gallogo\AppData\Local\Python\pythoncore-3.14-64\Lib\tkinter\ttk.py", line 1207, in get_children
    self.tk.call(self._w, "children", item or '') or ())
    ~~~~~~~~~~~~^^^^^^^^^^^^^^^^^^^^^^^^^^^^^^^^^
_tkinter.TclError: invalid command name ".!frame8.!canvas.!frame.!frame.!frame3.!frame2.!treeview"
2026-09-03 13:49:07 - ERROR - Dashboard refresh error: invalid command name ".!frame12.!canvas.!frame.!frame.!frame3.!frame2.!treeview"
Traceback (most recent call last):
  File "C:\Users\Erica Gallogo\OneDrive - National University\Desktop\MIDTERM\views\tracker_view.py", line 692, in load_data
    for item in self.tree.get_children():
                ~~~~~~~~~~~~~~~~~~~~~~^^
  File "C:\Users\Erica Gallogo\AppData\Local\Python\pythoncore-3.14-64\Lib\tkinter\ttk.py", line 1207, in get_children
    self.tk.call(self._w, "children", item or '') or ())
    ~~~~~~~~~~~~^^^^^^^^^^^^^^^^^^^^^^^^^^^^^^^^^
_tkinter.TclError: invalid command name ".!frame12.!canvas.!frame.!frame.!frame3.!frame2.!treeview"
2026-09-03 13:49:08 - ERROR - Dashboard refresh error: invalid command name ".!frame4.!canvas.!frame.!frame.!frame3.!frame2.!treeview"
Traceback (most recent call last):
  File "C:\Users\Erica Gallogo\OneDrive - National University\Desktop\MIDTERM\views\tracker_view.py", line 692, in load_data
    for item in self.tree.get_children():
                ~~~~~~~~~~~~~~~~~~~~~~^^
  File "C:\Users\Erica Gallogo\AppData\Local\Python\pythoncore-3.14-64\Lib\tkinter\ttk.py", line 1207, in get_children
    self.tk.call(self._w, "children", item or '') or ())
    ~~~~~~~~~~~~^^^^^^^^^^^^^^^^^^^^^^^^^^^^^^^^^
_tkinter.TclError: invalid command name ".!frame4.!canvas.!frame.!frame.!frame3.!frame2.!treeview"
2026-09-03 13:49:12 - ERROR - Dashboard refresh error: invalid command name ".!frame8.!canvas.!frame.!frame.!frame3.!frame2.!treeview"
Traceback (most recent call last):
  File "C:\Users\Erica Gallogo\OneDrive - National University\Desktop\MIDTERM\views\tracker_view.py", line 692, in load_data
    for item in self.tree.get_children():
                ~~~~~~~~~~~~~~~~~~~~~~^^
  File "C:\Users\Erica Gallogo\AppData\Local\Python\pythoncore-3.14-64\Lib\tkinter\ttk.py", line 1207, in get_children
    self.tk.call(self._w, "children", item or '') or ())
    ~~~~~~~~~~~~^^^^^^^^^^^^^^^^^^^^^^^^^^^^^^^^^
_tkinter.TclError: invalid command name ".!frame8.!canvas.!frame.!frame.!frame3.!frame2.!treeview"
2026-09-03 13:49:12 - ERROR - Dashboard refresh error: invalid command name ".!frame12.!canvas.!frame.!frame.!frame3.!frame2.!treeview"
Traceback (most recent call last):
  File "C:\Users\Erica Gallogo\OneDrive - National University\Desktop\MIDTERM\views\tracker_view.py", line 692, in load_data
    for item in self.tree.get_children():
                ~~~~~~~~~~~~~~~~~~~~~~^^
  File "C:\Users\Erica Gallogo\AppData\Local\Python\pythoncore-3.14-64\Lib\tkinter\ttk.py", line 1207, in get_children
    self.tk.call(self._w, "children", item or '') or ())
    ~~~~~~~~~~~~^^^^^^^^^^^^^^^^^^^^^^^^^^^^^^^^^
_tkinter.TclError: invalid command name ".!frame12.!canvas.!frame.!frame.!frame3.!frame2.!treeview"
2026-09-03 13:49:13 - ERROR - Dashboard refresh error: invalid command name ".!frame4.!canvas.!frame.!frame.!frame3.!frame2.!treeview"
Traceback (most recent call last):
  File "C:\Users\Erica Gallogo\OneDrive - National University\Desktop\MIDTERM\views\tracker_view.py", line 692, in load_data
    for item in self.tree.get_children():
                ~~~~~~~~~~~~~~~~~~~~~~^^
  File "C:\Users\Erica Gallogo\AppData\Local\Python\pythoncore-3.14-64\Lib\tkinter\ttk.py", line 1207, in get_children
    self.tk.call(self._w, "children", item or '') or ())
    ~~~~~~~~~~~~^^^^^^^^^^^^^^^^^^^^^^^^^^^^^^^^^
_tkinter.TclError: invalid command name ".!frame4.!canvas.!frame.!frame.!frame3.!frame2.!treeview"
2026-09-03 13:49:17 - ERROR - Dashboard refresh error: invalid command name ".!frame8.!canvas.!frame.!frame.!frame3.!frame2.!treeview"
Traceback (most recent call last):
  File "C:\Users\Erica Gallogo\OneDrive - National University\Desktop\MIDTERM\views\tracker_view.py", line 692, in load_data
    for item in self.tree.get_children():
                ~~~~~~~~~~~~~~~~~~~~~~^^
  File "C:\Users\Erica Gallogo\AppData\Local\Python\pythoncore-3.14-64\Lib\tkinter\ttk.py", line 1207, in get_children
    self.tk.call(self._w, "children", item or '') or ())
    ~~~~~~~~~~~~^^^^^^^^^^^^^^^^^^^^^^^^^^^^^^^^^
_tkinter.TclError: invalid command name ".!frame8.!canvas.!frame.!frame.!frame3.!frame2.!treeview"
2026-09-03 13:49:17 - ERROR - Dashboard refresh error: invalid command name ".!frame12.!canvas.!frame.!frame.!frame3.!frame2.!treeview"
Traceback (most recent call last):
  File "C:\Users\Erica Gallogo\OneDrive - National University\Desktop\MIDTERM\views\tracker_view.py", line 692, in load_data
    for item in self.tree.get_children():
                ~~~~~~~~~~~~~~~~~~~~~~^^
  File "C:\Users\Erica Gallogo\AppData\Local\Python\pythoncore-3.14-64\Lib\tkinter\ttk.py", line 1207, in get_children
    self.tk.call(self._w, "children", item or '') or ())
    ~~~~~~~~~~~~^^^^^^^^^^^^^^^^^^^^^^^^^^^^^^^^^
_tkinter.TclError: invalid command name ".!frame12.!canvas.!frame.!frame.!frame3.!frame2.!treeview"
2026-09-03 13:49:18 - ERROR - Dashboard refresh error: invalid command name ".!frame4.!canvas.!frame.!frame.!frame3.!frame2.!treeview"
Traceback (most recent call last):
  File "C:\Users\Erica Gallogo\OneDrive - National University\Desktop\MIDTERM\views\tracker_view.py", line 692, in load_data
    for item in self.tree.get_children():
                ~~~~~~~~~~~~~~~~~~~~~~^^
  File "C:\Users\Erica Gallogo\AppData\Local\Python\pythoncore-3.14-64\Lib\tkinter\ttk.py", line 1207, in get_children
    self.tk.call(self._w, "children", item or '') or ())
    ~~~~~~~~~~~~^^^^^^^^^^^^^^^^^^^^^^^^^^^^^^^^^
_tkinter.TclError: invalid command name ".!frame4.!canvas.!frame.!frame.!frame3.!frame2.!treeview"
2026-09-03 13:49:22 - ERROR - Dashboard refresh error: invalid command name ".!frame8.!canvas.!frame.!frame.!frame3.!frame2.!treeview"
Traceback (most recent call last):
  File "C:\Users\Erica Gallogo\OneDrive - National University\Desktop\MIDTERM\views\tracker_view.py", line 692, in load_data
    for item in self.tree.get_children():
                ~~~~~~~~~~~~~~~~~~~~~~^^
  File "C:\Users\Erica Gallogo\AppData\Local\Python\pythoncore-3.14-64\Lib\tkinter\ttk.py", line 1207, in get_children
    self.tk.call(self._w, "children", item or '') or ())
    ~~~~~~~~~~~~^^^^^^^^^^^^^^^^^^^^^^^^^^^^^^^^^
_tkinter.TclError: invalid command name ".!frame8.!canvas.!frame.!frame.!frame3.!frame2.!treeview"
2026-09-03 13:49:22 - ERROR - Dashboard refresh error: invalid command name ".!frame12.!canvas.!frame.!frame.!frame3.!frame2.!treeview"
Traceback (most recent call last):
  File "C:\Users\Erica Gallogo\OneDrive - National University\Desktop\MIDTERM\views\tracker_view.py", line 692, in load_data
    for item in self.tree.get_children():
                ~~~~~~~~~~~~~~~~~~~~~~^^
  File "C:\Users\Erica Gallogo\AppData\Local\Python\pythoncore-3.14-64\Lib\tkinter\ttk.py", line 1207, in get_children
    self.tk.call(self._w, "children", item or '') or ())
    ~~~~~~~~~~~~^^^^^^^^^^^^^^^^^^^^^^^^^^^^^^^^^
_tkinter.TclError: invalid command name ".!frame12.!canvas.!frame.!frame.!frame3.!frame2.!treeview"
2026-09-03 13:49:23 - ERROR - Dashboard refresh error: invalid command name ".!frame4.!canvas.!frame.!frame.!frame3.!frame2.!treeview"
Traceback (most recent call last):
  File "C:\Users\Erica Gallogo\OneDrive - National University\Desktop\MIDTERM\views\tracker_view.py", line 692, in load_data
    for item in self.tree.get_children():
                ~~~~~~~~~~~~~~~~~~~~~~^^
  File "C:\Users\Erica Gallogo\AppData\Local\Python\pythoncore-3.14-64\Lib\tkinter\ttk.py", line 1207, in get_children
    self.tk.call(self._w, "children", item or '') or ())
    ~~~~~~~~~~~~^^^^^^^^^^^^^^^^^^^^^^^^^^^^^^^^^
_tkinter.TclError: invalid command name ".!frame4.!canvas.!frame.!frame.!frame3.!frame2.!treeview"
2026-09-03 13:49:27 - ERROR - Dashboard refresh error: invalid command name ".!frame8.!canvas.!frame.!frame.!frame3.!frame2.!treeview"
Traceback (most recent call last):
  File "C:\Users\Erica Gallogo\OneDrive - National University\Desktop\MIDTERM\views\tracker_view.py", line 692, in load_data
    for item in self.tree.get_children():
                ~~~~~~~~~~~~~~~~~~~~~~^^
  File "C:\Users\Erica Gallogo\AppData\Local\Python\pythoncore-3.14-64\Lib\tkinter\ttk.py", line 1207, in get_children
    self.tk.call(self._w, "children", item or '') or ())
    ~~~~~~~~~~~~^^^^^^^^^^^^^^^^^^^^^^^^^^^^^^^^^
_tkinter.TclError: invalid command name ".!frame8.!canvas.!frame.!frame.!frame3.!frame2.!treeview"
2026-09-03 13:49:27 - ERROR - Dashboard refresh error: invalid command name ".!frame12.!canvas.!frame.!frame.!frame3.!frame2.!treeview"
Traceback (most recent call last):
  File "C:\Users\Erica Gallogo\OneDrive - National University\Desktop\MIDTERM\views\tracker_view.py", line 692, in load_data
    for item in self.tree.get_children():
                ~~~~~~~~~~~~~~~~~~~~~~^^
  File "C:\Users\Erica Gallogo\AppData\Local\Python\pythoncore-3.14-64\Lib\tkinter\ttk.py", line 1207, in get_children
    self.tk.call(self._w, "children", item or '') or ())
    ~~~~~~~~~~~~^^^^^^^^^^^^^^^^^^^^^^^^^^^^^^^^^
_tkinter.TclError: invalid command name ".!frame12.!canvas.!frame.!frame.!frame3.!frame2.!treeview"
2026-09-03 13:49:28 - ERROR - Dashboard refresh error: invalid command name ".!frame4.!canvas.!frame.!frame.!frame3.!frame2.!treeview"
Traceback (most recent call last):
  File "C:\Users\Erica Gallogo\OneDrive - National University\Desktop\MIDTERM\views\tracker_view.py", line 692, in load_data
    for item in self.tree.get_children():
                ~~~~~~~~~~~~~~~~~~~~~~^^
  File "C:\Users\Erica Gallogo\AppData\Local\Python\pythoncore-3.14-64\Lib\tkinter\ttk.py", line 1207, in get_children
    self.tk.call(self._w, "children", item or '') or ())
    ~~~~~~~~~~~~^^^^^^^^^^^^^^^^^^^^^^^^^^^^^^^^^
_tkinter.TclError: invalid command name ".!frame4.!canvas.!frame.!frame.!frame3.!frame2.!treeview"
2026-09-03 13:49:32 - ERROR - Dashboard refresh error: invalid command name ".!frame8.!canvas.!frame.!frame.!frame3.!frame2.!treeview"
Traceback (most recent call last):
  File "C:\Users\Erica Gallogo\OneDrive - National University\Desktop\MIDTERM\views\tracker_view.py", line 692, in load_data
    for item in self.tree.get_children():
                ~~~~~~~~~~~~~~~~~~~~~~^^
  File "C:\Users\Erica Gallogo\AppData\Local\Python\pythoncore-3.14-64\Lib\tkinter\ttk.py", line 1207, in get_children
    self.tk.call(self._w, "children", item or '') or ())
    ~~~~~~~~~~~~^^^^^^^^^^^^^^^^^^^^^^^^^^^^^^^^^
_tkinter.TclError: invalid command name ".!frame8.!canvas.!frame.!frame.!frame3.!frame2.!treeview"
2026-09-03 13:49:32 - ERROR - Dashboard refresh error: invalid command name ".!frame12.!canvas.!frame.!frame.!frame3.!frame2.!treeview"
Traceback (most recent call last):
  File "C:\Users\Erica Gallogo\OneDrive - National University\Desktop\MIDTERM\views\tracker_view.py", line 692, in load_data
    for item in self.tree.get_children():
                ~~~~~~~~~~~~~~~~~~~~~~^^
  File "C:\Users\Erica Gallogo\AppData\Local\Python\pythoncore-3.14-64\Lib\tkinter\ttk.py", line 1207, in get_children
    self.tk.call(self._w, "children", item or '') or ())
    ~~~~~~~~~~~~^^^^^^^^^^^^^^^^^^^^^^^^^^^^^^^^^
_tkinter.TclError: invalid command name ".!frame12.!canvas.!frame.!frame.!frame3.!frame2.!treeview"
2026-09-03 13:49:33 - ERROR - Dashboard refresh error: invalid command name ".!frame4.!canvas.!frame.!frame.!frame3.!frame2.!treeview"
Traceback (most recent call last):
  File "C:\Users\Erica Gallogo\OneDrive - National University\Desktop\MIDTERM\views\tracker_view.py", line 692, in load_data
    for item in self.tree.get_children():
                ~~~~~~~~~~~~~~~~~~~~~~^^
  File "C:\Users\Erica Gallogo\AppData\Local\Python\pythoncore-3.14-64\Lib\tkinter\ttk.py", line 1207, in get_children
    self.tk.call(self._w, "children", item or '') or ())
    ~~~~~~~~~~~~^^^^^^^^^^^^^^^^^^^^^^^^^^^^^^^^^
_tkinter.TclError: invalid command name ".!frame4.!canvas.!frame.!frame.!frame3.!frame2.!treeview"
2026-09-03 13:49:37 - ERROR - Dashboard refresh error: invalid command name ".!frame8.!canvas.!frame.!frame.!frame3.!frame2.!treeview"
Traceback (most recent call last):
  File "C:\Users\Erica Gallogo\OneDrive - National University\Desktop\MIDTERM\views\tracker_view.py", line 692, in load_data
    for item in self.tree.get_children():
                ~~~~~~~~~~~~~~~~~~~~~~^^
  File "C:\Users\Erica Gallogo\AppData\Local\Python\pythoncore-3.14-64\Lib\tkinter\ttk.py", line 1207, in get_children
    self.tk.call(self._w, "children", item or '') or ())
    ~~~~~~~~~~~~^^^^^^^^^^^^^^^^^^^^^^^^^^^^^^^^^
_tkinter.TclError: invalid command name ".!frame8.!canvas.!frame.!frame.!frame3.!frame2.!treeview"
2026-09-03 13:49:37 - ERROR - Dashboard refresh error: invalid command name ".!frame12.!canvas.!frame.!frame.!frame3.!frame2.!treeview"
Traceback (most recent call last):
  File "C:\Users\Erica Gallogo\OneDrive - National University\Desktop\MIDTERM\views\tracker_view.py", line 692, in load_data
    for item in self.tree.get_children():
                ~~~~~~~~~~~~~~~~~~~~~~^^
  File "C:\Users\Erica Gallogo\AppData\Local\Python\pythoncore-3.14-64\Lib\tkinter\ttk.py", line 1207, in get_children
    self.tk.call(self._w, "children", item or '') or ())
    ~~~~~~~~~~~~^^^^^^^^^^^^^^^^^^^^^^^^^^^^^^^^^
_tkinter.TclError: invalid command name ".!frame12.!canvas.!frame.!frame.!frame3.!frame2.!treeview"
2026-09-03 13:49:38 - ERROR - Dashboard refresh error: invalid command name ".!frame4.!canvas.!frame.!frame.!frame3.!frame2.!treeview"
Traceback (most recent call last):
  File "C:\Users\Erica Gallogo\OneDrive - National University\Desktop\MIDTERM\views\tracker_view.py", line 692, in load_data
    for item in self.tree.get_children():
                ~~~~~~~~~~~~~~~~~~~~~~^^
  File "C:\Users\Erica Gallogo\AppData\Local\Python\pythoncore-3.14-64\Lib\tkinter\ttk.py", line 1207, in get_children
    self.tk.call(self._w, "children", item or '') or ())
    ~~~~~~~~~~~~^^^^^^^^^^^^^^^^^^^^^^^^^^^^^^^^^
_tkinter.TclError: invalid command name ".!frame4.!canvas.!frame.!frame.!frame3.!frame2.!treeview"
2026-09-03 13:49:42 - ERROR - Dashboard refresh error: invalid command name ".!frame8.!canvas.!frame.!frame.!frame3.!frame2.!treeview"
Traceback (most recent call last):
  File "C:\Users\Erica Gallogo\OneDrive - National University\Desktop\MIDTERM\views\tracker_view.py", line 692, in load_data
    for item in self.tree.get_children():
                ~~~~~~~~~~~~~~~~~~~~~~^^
  File "C:\Users\Erica Gallogo\AppData\Local\Python\pythoncore-3.14-64\Lib\tkinter\ttk.py", line 1207, in get_children
    self.tk.call(self._w, "children", item or '') or ())
    ~~~~~~~~~~~~^^^^^^^^^^^^^^^^^^^^^^^^^^^^^^^^^
_tkinter.TclError: invalid command name ".!frame8.!canvas.!frame.!frame.!frame3.!frame2.!treeview"
2026-09-03 13:49:42 - ERROR - Dashboard refresh error: invalid command name ".!frame12.!canvas.!frame.!frame.!frame3.!frame2.!treeview"
Traceback (most recent call last):
  File "C:\Users\Erica Gallogo\OneDrive - National University\Desktop\MIDTERM\views\tracker_view.py", line 692, in load_data
    for item in self.tree.get_children():
                ~~~~~~~~~~~~~~~~~~~~~~^^
  File "C:\Users\Erica Gallogo\AppData\Local\Python\pythoncore-3.14-64\Lib\tkinter\ttk.py", line 1207, in get_children
    self.tk.call(self._w, "children", item or '') or ())
    ~~~~~~~~~~~~^^^^^^^^^^^^^^^^^^^^^^^^^^^^^^^^^
_tkinter.TclError: invalid command name ".!frame12.!canvas.!frame.!frame.!frame3.!frame2.!treeview"
2026-09-03 13:49:43 - ERROR - Dashboard refresh error: invalid command name ".!frame4.!canvas.!frame.!frame.!frame3.!frame2.!treeview"
Traceback (most recent call last):
  File "C:\Users\Erica Gallogo\OneDrive - National University\Desktop\MIDTERM\views\tracker_view.py", line 692, in load_data
    for item in self.tree.get_children():
                ~~~~~~~~~~~~~~~~~~~~~~^^
  File "C:\Users\Erica Gallogo\AppData\Local\Python\pythoncore-3.14-64\Lib\tkinter\ttk.py", line 1207, in get_children
    self.tk.call(self._w, "children", item or '') or ())
    ~~~~~~~~~~~~^^^^^^^^^^^^^^^^^^^^^^^^^^^^^^^^^
_tkinter.TclError: invalid command name ".!frame4.!canvas.!frame.!frame.!frame3.!frame2.!treeview"
2026-09-03 13:49:47 - ERROR - Dashboard refresh error: invalid command name ".!frame8.!canvas.!frame.!frame.!frame3.!frame2.!treeview"
Traceback (most recent call last):
  File "C:\Users\Erica Gallogo\OneDrive - National University\Desktop\MIDTERM\views\tracker_view.py", line 692, in load_data
    for item in self.tree.get_children():
                ~~~~~~~~~~~~~~~~~~~~~~^^
  File "C:\Users\Erica Gallogo\AppData\Local\Python\pythoncore-3.14-64\Lib\tkinter\ttk.py", line 1207, in get_children
    self.tk.call(self._w, "children", item or '') or ())
    ~~~~~~~~~~~~^^^^^^^^^^^^^^^^^^^^^^^^^^^^^^^^^
_tkinter.TclError: invalid command name ".!frame8.!canvas.!frame.!frame.!frame3.!frame2.!treeview"
2026-09-03 13:49:47 - ERROR - Dashboard refresh error: invalid command name ".!frame12.!canvas.!frame.!frame.!frame3.!frame2.!treeview"
Traceback (most recent call last):
  File "C:\Users\Erica Gallogo\OneDrive - National University\Desktop\MIDTERM\views\tracker_view.py", line 692, in load_data
    for item in self.tree.get_children():
                ~~~~~~~~~~~~~~~~~~~~~~^^
  File "C:\Users\Erica Gallogo\AppData\Local\Python\pythoncore-3.14-64\Lib\tkinter\ttk.py", line 1207, in get_children
    self.tk.call(self._w, "children", item or '') or ())
    ~~~~~~~~~~~~^^^^^^^^^^^^^^^^^^^^^^^^^^^^^^^^^
_tkinter.TclError: invalid command name ".!frame12.!canvas.!frame.!frame.!frame3.!frame2.!treeview"
2026-09-03 13:49:48 - ERROR - Dashboard refresh error: invalid command name ".!frame4.!canvas.!frame.!frame.!frame3.!frame2.!treeview"
Traceback (most recent call last):
  File "C:\Users\Erica Gallogo\OneDrive - National University\Desktop\MIDTERM\views\tracker_view.py", line 692, in load_data
    for item in self.tree.get_children():
                ~~~~~~~~~~~~~~~~~~~~~~^^
  File "C:\Users\Erica Gallogo\AppData\Local\Python\pythoncore-3.14-64\Lib\tkinter\ttk.py", line 1207, in get_children
    self.tk.call(self._w, "children", item or '') or ())
    ~~~~~~~~~~~~^^^^^^^^^^^^^^^^^^^^^^^^^^^^^^^^^
_tkinter.TclError: invalid command name ".!frame4.!canvas.!frame.!frame.!frame3.!frame2.!treeview"
2026-09-03 13:49:52 - ERROR - Dashboard refresh error: invalid command name ".!frame8.!canvas.!frame.!frame.!frame3.!frame2.!treeview"
Traceback (most recent call last):
  File "C:\Users\Erica Gallogo\OneDrive - National University\Desktop\MIDTERM\views\tracker_view.py", line 692, in load_data
    for item in self.tree.get_children():
                ~~~~~~~~~~~~~~~~~~~~~~^^
  File "C:\Users\Erica Gallogo\AppData\Local\Python\pythoncore-3.14-64\Lib\tkinter\ttk.py", line 1207, in get_children
    self.tk.call(self._w, "children", item or '') or ())
    ~~~~~~~~~~~~^^^^^^^^^^^^^^^^^^^^^^^^^^^^^^^^^
_tkinter.TclError: invalid command name ".!frame8.!canvas.!frame.!frame.!frame3.!frame2.!treeview"
2026-09-03 13:49:52 - ERROR - Dashboard refresh error: invalid command name ".!frame12.!canvas.!frame.!frame.!frame3.!frame2.!treeview"
Traceback (most recent call last):
  File "C:\Users\Erica Gallogo\OneDrive - National University\Desktop\MIDTERM\views\tracker_view.py", line 692, in load_data
    for item in self.tree.get_children():
                ~~~~~~~~~~~~~~~~~~~~~~^^
  File "C:\Users\Erica Gallogo\AppData\Local\Python\pythoncore-3.14-64\Lib\tkinter\ttk.py", line 1207, in get_children
    self.tk.call(self._w, "children", item or '') or ())
    ~~~~~~~~~~~~^^^^^^^^^^^^^^^^^^^^^^^^^^^^^^^^^
_tkinter.TclError: invalid command name ".!frame12.!canvas.!frame.!frame.!frame3.!frame2.!treeview"
2026-09-03 13:49:53 - ERROR - Dashboard refresh error: invalid command name ".!frame4.!canvas.!frame.!frame.!frame3.!frame2.!treeview"
Traceback (most recent call last):
  File "C:\Users\Erica Gallogo\OneDrive - National University\Desktop\MIDTERM\views\tracker_view.py", line 692, in load_data
    for item in self.tree.get_children():
                ~~~~~~~~~~~~~~~~~~~~~~^^
  File "C:\Users\Erica Gallogo\AppData\Local\Python\pythoncore-3.14-64\Lib\tkinter\ttk.py", line 1207, in get_children
    self.tk.call(self._w, "children", item or '') or ())
    ~~~~~~~~~~~~^^^^^^^^^^^^^^^^^^^^^^^^^^^^^^^^^
_tkinter.TclError: invalid command name ".!frame4.!canvas.!frame.!frame.!frame3.!frame2.!treeview"
2026-09-03 13:49:57 - ERROR - Dashboard refresh error: invalid command name ".!frame8.!canvas.!frame.!frame.!frame3.!frame2.!treeview"
Traceback (most recent call last):
  File "C:\Users\Erica Gallogo\OneDrive - National University\Desktop\MIDTERM\views\tracker_view.py", line 692, in load_data
    for item in self.tree.get_children():
                ~~~~~~~~~~~~~~~~~~~~~~^^
  File "C:\Users\Erica Gallogo\AppData\Local\Python\pythoncore-3.14-64\Lib\tkinter\ttk.py", line 1207, in get_children
    self.tk.call(self._w, "children", item or '') or ())
    ~~~~~~~~~~~~^^^^^^^^^^^^^^^^^^^^^^^^^^^^^^^^^
_tkinter.TclError: invalid command name ".!frame8.!canvas.!frame.!frame.!frame3.!frame2.!treeview"
2026-09-03 13:49:57 - ERROR - Dashboard refresh error: invalid command name ".!frame12.!canvas.!frame.!frame.!frame3.!frame2.!treeview"
Traceback (most recent call last):
  File "C:\Users\Erica Gallogo\OneDrive - National University\Desktop\MIDTERM\views\tracker_view.py", line 692, in load_data
    for item in self.tree.get_children():
                ~~~~~~~~~~~~~~~~~~~~~~^^
  File "C:\Users\Erica Gallogo\AppData\Local\Python\pythoncore-3.14-64\Lib\tkinter\ttk.py", line 1207, in get_children
    self.tk.call(self._w, "children", item or '') or ())
    ~~~~~~~~~~~~^^^^^^^^^^^^^^^^^^^^^^^^^^^^^^^^^
_tkinter.TclError: invalid command name ".!frame12.!canvas.!frame.!frame.!frame3.!frame2.!treeview"
2026-09-03 13:49:58 - ERROR - Dashboard refresh error: invalid command name ".!frame4.!canvas.!frame.!frame.!frame3.!frame2.!treeview"
Traceback (most recent call last):
  File "C:\Users\Erica Gallogo\OneDrive - National University\Desktop\MIDTERM\views\tracker_view.py", line 692, in load_data
    for item in self.tree.get_children():
                ~~~~~~~~~~~~~~~~~~~~~~^^
  File "C:\Users\Erica Gallogo\AppData\Local\Python\pythoncore-3.14-64\Lib\tkinter\ttk.py", line 1207, in get_children
    self.tk.call(self._w, "children", item or '') or ())
    ~~~~~~~~~~~~^^^^^^^^^^^^^^^^^^^^^^^^^^^^^^^^^
_tkinter.TclError: invalid command name ".!frame4.!canvas.!frame.!frame.!frame3.!frame2.!treeview"
2026-09-03 13:50:02 - ERROR - Dashboard refresh error: invalid command name ".!frame8.!canvas.!frame.!frame.!frame3.!frame2.!treeview"
Traceback (most recent call last):
  File "C:\Users\Erica Gallogo\OneDrive - National University\Desktop\MIDTERM\views\tracker_view.py", line 692, in load_data
    for item in self.tree.get_children():
                ~~~~~~~~~~~~~~~~~~~~~~^^
  File "C:\Users\Erica Gallogo\AppData\Local\Python\pythoncore-3.14-64\Lib\tkinter\ttk.py", line 1207, in get_children
    self.tk.call(self._w, "children", item or '') or ())
    ~~~~~~~~~~~~^^^^^^^^^^^^^^^^^^^^^^^^^^^^^^^^^
_tkinter.TclError: invalid command name ".!frame8.!canvas.!frame.!frame.!frame3.!frame2.!treeview"
2026-09-03 13:50:02 - ERROR - Dashboard refresh error: invalid command name ".!frame12.!canvas.!frame.!frame.!frame3.!frame2.!treeview"
Traceback (most recent call last):
  File "C:\Users\Erica Gallogo\OneDrive - National University\Desktop\MIDTERM\views\tracker_view.py", line 692, in load_data
    for item in self.tree.get_children():
                ~~~~~~~~~~~~~~~~~~~~~~^^
  File "C:\Users\Erica Gallogo\AppData\Local\Python\pythoncore-3.14-64\Lib\tkinter\ttk.py", line 1207, in get_children
    self.tk.call(self._w, "children", item or '') or ())
    ~~~~~~~~~~~~^^^^^^^^^^^^^^^^^^^^^^^^^^^^^^^^^
_tkinter.TclError: invalid command name ".!frame12.!canvas.!frame.!frame.!frame3.!frame2.!treeview"
2026-09-03 13:50:03 - ERROR - Dashboard refresh error: invalid command name ".!frame4.!canvas.!frame.!frame.!frame3.!frame2.!treeview"
Traceback (most recent call last):
  File "C:\Users\Erica Gallogo\OneDrive - National University\Desktop\MIDTERM\views\tracker_view.py", line 692, in load_data
    for item in self.tree.get_children():
                ~~~~~~~~~~~~~~~~~~~~~~^^
  File "C:\Users\Erica Gallogo\AppData\Local\Python\pythoncore-3.14-64\Lib\tkinter\ttk.py", line 1207, in get_children
    self.tk.call(self._w, "children", item or '') or ())
    ~~~~~~~~~~~~^^^^^^^^^^^^^^^^^^^^^^^^^^^^^^^^^
_tkinter.TclError: invalid command name ".!frame4.!canvas.!frame.!frame.!frame3.!frame2.!treeview"
2026-09-03 13:50:07 - ERROR - Dashboard refresh error: invalid command name ".!frame8.!canvas.!frame.!frame.!frame3.!frame2.!treeview"
Traceback (most recent call last):
  File "C:\Users\Erica Gallogo\OneDrive - National University\Desktop\MIDTERM\views\tracker_view.py", line 692, in load_data
    for item in self.tree.get_children():
                ~~~~~~~~~~~~~~~~~~~~~~^^
  File "C:\Users\Erica Gallogo\AppData\Local\Python\pythoncore-3.14-64\Lib\tkinter\ttk.py", line 1207, in get_children
    self.tk.call(self._w, "children", item or '') or ())
    ~~~~~~~~~~~~^^^^^^^^^^^^^^^^^^^^^^^^^^^^^^^^^
_tkinter.TclError: invalid command name ".!frame8.!canvas.!frame.!frame.!frame3.!frame2.!treeview"
2026-09-03 13:50:07 - ERROR - Dashboard refresh error: invalid command name ".!frame12.!canvas.!frame.!frame.!frame3.!frame2.!treeview"
Traceback (most recent call last):
  File "C:\Users\Erica Gallogo\OneDrive - National University\Desktop\MIDTERM\views\tracker_view.py", line 692, in load_data
    for item in self.tree.get_children():
                ~~~~~~~~~~~~~~~~~~~~~~^^
  File "C:\Users\Erica Gallogo\AppData\Local\Python\pythoncore-3.14-64\Lib\tkinter\ttk.py", line 1207, in get_children
    self.tk.call(self._w, "children", item or '') or ())
    ~~~~~~~~~~~~^^^^^^^^^^^^^^^^^^^^^^^^^^^^^^^^^
_tkinter.TclError: invalid command name ".!frame12.!canvas.!frame.!frame.!frame3.!frame2.!treeview"
2026-09-03 13:50:08 - ERROR - Dashboard refresh error: invalid command name ".!frame4.!canvas.!frame.!frame.!frame3.!frame2.!treeview"
Traceback (most recent call last):
  File "C:\Users\Erica Gallogo\OneDrive - National University\Desktop\MIDTERM\views\tracker_view.py", line 692, in load_data
    for item in self.tree.get_children():
                ~~~~~~~~~~~~~~~~~~~~~~^^
  File "C:\Users\Erica Gallogo\AppData\Local\Python\pythoncore-3.14-64\Lib\tkinter\ttk.py", line 1207, in get_children
    self.tk.call(self._w, "children", item or '') or ())
    ~~~~~~~~~~~~^^^^^^^^^^^^^^^^^^^^^^^^^^^^^^^^^
_tkinter.TclError: invalid command name ".!frame4.!canvas.!frame.!frame.!frame3.!frame2.!treeview"
2026-09-03 13:50:12 - ERROR - Dashboard refresh error: invalid command name ".!frame8.!canvas.!frame.!frame.!frame3.!frame2.!treeview"
Traceback (most recent call last):
  File "C:\Users\Erica Gallogo\OneDrive - National University\Desktop\MIDTERM\views\tracker_view.py", line 692, in load_data
    for item in self.tree.get_children():
                ~~~~~~~~~~~~~~~~~~~~~~^^
  File "C:\Users\Erica Gallogo\AppData\Local\Python\pythoncore-3.14-64\Lib\tkinter\ttk.py", line 1207, in get_children
    self.tk.call(self._w, "children", item or '') or ())
    ~~~~~~~~~~~~^^^^^^^^^^^^^^^^^^^^^^^^^^^^^^^^^
_tkinter.TclError: invalid command name ".!frame8.!canvas.!frame.!frame.!frame3.!frame2.!treeview"
2026-09-03 13:50:12 - ERROR - Dashboard refresh error: invalid command name ".!frame12.!canvas.!frame.!frame.!frame3.!frame2.!treeview"
Traceback (most recent call last):
  File "C:\Users\Erica Gallogo\OneDrive - National University\Desktop\MIDTERM\views\tracker_view.py", line 692, in load_data
    for item in self.tree.get_children():
                ~~~~~~~~~~~~~~~~~~~~~~^^
  File "C:\Users\Erica Gallogo\AppData\Local\Python\pythoncore-3.14-64\Lib\tkinter\ttk.py", line 1207, in get_children
    self.tk.call(self._w, "children", item or '') or ())
    ~~~~~~~~~~~~^^^^^^^^^^^^^^^^^^^^^^^^^^^^^^^^^
_tkinter.TclError: invalid command name ".!frame12.!canvas.!frame.!frame.!frame3.!frame2.!treeview"
2026-09-03 13:50:13 - ERROR - Dashboard refresh error: invalid command name ".!frame4.!canvas.!frame.!frame.!frame3.!frame2.!treeview"
Traceback (most recent call last):
  File "C:\Users\Erica Gallogo\OneDrive - National University\Desktop\MIDTERM\views\tracker_view.py", line 692, in load_data
    for item in self.tree.get_children():
                ~~~~~~~~~~~~~~~~~~~~~~^^
  File "C:\Users\Erica Gallogo\AppData\Local\Python\pythoncore-3.14-64\Lib\tkinter\ttk.py", line 1207, in get_children
    self.tk.call(self._w, "children", item or '') or ())
    ~~~~~~~~~~~~^^^^^^^^^^^^^^^^^^^^^^^^^^^^^^^^^
_tkinter.TclError: invalid command name ".!frame4.!canvas.!frame.!frame.!frame3.!frame2.!treeview"
2026-09-03 13:50:14 - INFO - User Logged Out: 'eca'
2026-09-03 13:50:17 - ERROR - Dashboard refresh error: invalid command name ".!frame8.!canvas.!frame.!frame.!frame3.!frame2.!treeview"
Traceback (most recent call last):
  File "C:\Users\Erica Gallogo\OneDrive - National University\Desktop\MIDTERM\views\tracker_view.py", line 692, in load_data
    for item in self.tree.get_children():
                ~~~~~~~~~~~~~~~~~~~~~~^^
  File "C:\Users\Erica Gallogo\AppData\Local\Python\pythoncore-3.14-64\Lib\tkinter\ttk.py", line 1207, in get_children
    self.tk.call(self._w, "children", item or '') or ())
    ~~~~~~~~~~~~^^^^^^^^^^^^^^^^^^^^^^^^^^^^^^^^^
_tkinter.TclError: invalid command name ".!frame8.!canvas.!frame.!frame.!frame3.!frame2.!treeview"
2026-09-03 13:50:17 - ERROR - Dashboard refresh error: invalid command name ".!frame16.!canvas.!frame.!frame.!frame3.!frame2.!treeview"
Traceback (most recent call last):
  File "C:\Users\Erica Gallogo\OneDrive - National University\Desktop\MIDTERM\views\tracker_view.py", line 692, in load_data
    for item in self.tree.get_children():
                ~~~~~~~~~~~~~~~~~~~~~~^^
  File "C:\Users\Erica Gallogo\AppData\Local\Python\pythoncore-3.14-64\Lib\tkinter\ttk.py", line 1207, in get_children
    self.tk.call(self._w, "children", item or '') or ())
    ~~~~~~~~~~~~^^^^^^^^^^^^^^^^^^^^^^^^^^^^^^^^^
_tkinter.TclError: invalid command name ".!frame16.!canvas.!frame.!frame.!frame3.!frame2.!treeview"
2026-09-03 13:50:17 - ERROR - Dashboard refresh error: invalid command name ".!frame12.!canvas.!frame.!frame.!frame3.!frame2.!treeview"
Traceback (most recent call last):
  File "C:\Users\Erica Gallogo\OneDrive - National University\Desktop\MIDTERM\views\tracker_view.py", line 692, in load_data
    for item in self.tree.get_children():
                ~~~~~~~~~~~~~~~~~~~~~~^^
  File "C:\Users\Erica Gallogo\AppData\Local\Python\pythoncore-3.14-64\Lib\tkinter\ttk.py", line 1207, in get_children
    self.tk.call(self._w, "children", item or '') or ())
    ~~~~~~~~~~~~^^^^^^^^^^^^^^^^^^^^^^^^^^^^^^^^^
_tkinter.TclError: invalid command name ".!frame12.!canvas.!frame.!frame.!frame3.!frame2.!treeview"
2026-09-03 13:50:18 - ERROR - Dashboard refresh error: invalid command name ".!frame4.!canvas.!frame.!frame.!frame3.!frame2.!treeview"
Traceback (most recent call last):
  File "C:\Users\Erica Gallogo\OneDrive - National University\Desktop\MIDTERM\views\tracker_view.py", line 692, in load_data
    for item in self.tree.get_children():
                ~~~~~~~~~~~~~~~~~~~~~~^^
  File "C:\Users\Erica Gallogo\AppData\Local\Python\pythoncore-3.14-64\Lib\tkinter\ttk.py", line 1207, in get_children
    self.tk.call(self._w, "children", item or '') or ())
    ~~~~~~~~~~~~^^^^^^^^^^^^^^^^^^^^^^^^^^^^^^^^^
_tkinter.TclError: invalid command name ".!frame4.!canvas.!frame.!frame.!frame3.!frame2.!treeview"
2026-09-03 13:50:22 - ERROR - Dashboard refresh error: invalid command name ".!frame8.!canvas.!frame.!frame.!frame3.!frame2.!treeview"
Traceback (most recent call last):
  File "C:\Users\Erica Gallogo\OneDrive - National University\Desktop\MIDTERM\views\tracker_view.py", line 692, in load_data
    for item in self.tree.get_children():
                ~~~~~~~~~~~~~~~~~~~~~~^^
  File "C:\Users\Erica Gallogo\AppData\Local\Python\pythoncore-3.14-64\Lib\tkinter\ttk.py", line 1207, in get_children
    self.tk.call(self._w, "children", item or '') or ())
    ~~~~~~~~~~~~^^^^^^^^^^^^^^^^^^^^^^^^^^^^^^^^^
_tkinter.TclError: invalid command name ".!frame8.!canvas.!frame.!frame.!frame3.!frame2.!treeview"
2026-09-03 13:50:22 - ERROR - Dashboard refresh error: invalid command name ".!frame16.!canvas.!frame.!frame.!frame3.!frame2.!treeview"
Traceback (most recent call last):
  File "C:\Users\Erica Gallogo\OneDrive - National University\Desktop\MIDTERM\views\tracker_view.py", line 692, in load_data
    for item in self.tree.get_children():
                ~~~~~~~~~~~~~~~~~~~~~~^^
  File "C:\Users\Erica Gallogo\AppData\Local\Python\pythoncore-3.14-64\Lib\tkinter\ttk.py", line 1207, in get_children
    self.tk.call(self._w, "children", item or '') or ())
    ~~~~~~~~~~~~^^^^^^^^^^^^^^^^^^^^^^^^^^^^^^^^^
_tkinter.TclError: invalid command name ".!frame16.!canvas.!frame.!frame.!frame3.!frame2.!treeview"
2026-09-03 13:50:22 - ERROR - Dashboard refresh error: invalid command name ".!frame12.!canvas.!frame.!frame.!frame3.!frame2.!treeview"
Traceback (most recent call last):
  File "C:\Users\Erica Gallogo\OneDrive - National University\Desktop\MIDTERM\views\tracker_view.py", line 692, in load_data
    for item in self.tree.get_children():
                ~~~~~~~~~~~~~~~~~~~~~~^^
  File "C:\Users\Erica Gallogo\AppData\Local\Python\pythoncore-3.14-64\Lib\tkinter\ttk.py", line 1207, in get_children
    self.tk.call(self._w, "children", item or '') or ())
    ~~~~~~~~~~~~^^^^^^^^^^^^^^^^^^^^^^^^^^^^^^^^^
_tkinter.TclError: invalid command name ".!frame12.!canvas.!frame.!frame.!frame3.!frame2.!treeview"
2026-09-03 13:50:23 - ERROR - Dashboard refresh error: invalid command name ".!frame4.!canvas.!frame.!frame.!frame3.!frame2.!treeview"
Traceback (most recent call last):
  File "C:\Users\Erica Gallogo\OneDrive - National University\Desktop\MIDTERM\views\tracker_view.py", line 692, in load_data
    for item in self.tree.get_children():
                ~~~~~~~~~~~~~~~~~~~~~~^^
  File "C:\Users\Erica Gallogo\AppData\Local\Python\pythoncore-3.14-64\Lib\tkinter\ttk.py", line 1207, in get_children
    self.tk.call(self._w, "children", item or '') or ())
    ~~~~~~~~~~~~^^^^^^^^^^^^^^^^^^^^^^^^^^^^^^^^^
_tkinter.TclError: invalid command name ".!frame4.!canvas.!frame.!frame.!frame3.!frame2.!treeview"
2026-09-03 13:50:27 - ERROR - Dashboard refresh error: invalid command name ".!frame8.!canvas.!frame.!frame.!frame3.!frame2.!treeview"
Traceback (most recent call last):
  File "C:\Users\Erica Gallogo\OneDrive - National University\Desktop\MIDTERM\views\tracker_view.py", line 692, in load_data
    for item in self.tree.get_children():
                ~~~~~~~~~~~~~~~~~~~~~~^^
  File "C:\Users\Erica Gallogo\AppData\Local\Python\pythoncore-3.14-64\Lib\tkinter\ttk.py", line 1207, in get_children
    self.tk.call(self._w, "children", item or '') or ())
    ~~~~~~~~~~~~^^^^^^^^^^^^^^^^^^^^^^^^^^^^^^^^^
_tkinter.TclError: invalid command name ".!frame8.!canvas.!frame.!frame.!frame3.!frame2.!treeview"
2026-09-03 13:50:27 - ERROR - Dashboard refresh error: invalid command name ".!frame16.!canvas.!frame.!frame.!frame3.!frame2.!treeview"
Traceback (most recent call last):
  File "C:\Users\Erica Gallogo\OneDrive - National University\Desktop\MIDTERM\views\tracker_view.py", line 692, in load_data
    for item in self.tree.get_children():
                ~~~~~~~~~~~~~~~~~~~~~~^^
  File "C:\Users\Erica Gallogo\AppData\Local\Python\pythoncore-3.14-64\Lib\tkinter\ttk.py", line 1207, in get_children
    self.tk.call(self._w, "children", item or '') or ())
    ~~~~~~~~~~~~^^^^^^^^^^^^^^^^^^^^^^^^^^^^^^^^^
_tkinter.TclError: invalid command name ".!frame16.!canvas.!frame.!frame.!frame3.!frame2.!treeview"
2026-09-03 13:50:27 - ERROR - Dashboard refresh error: invalid command name ".!frame12.!canvas.!frame.!frame.!frame3.!frame2.!treeview"
Traceback (most recent call last):
  File "C:\Users\Erica Gallogo\OneDrive - National University\Desktop\MIDTERM\views\tracker_view.py", line 692, in load_data
    for item in self.tree.get_children():
                ~~~~~~~~~~~~~~~~~~~~~~^^
  File "C:\Users\Erica Gallogo\AppData\Local\Python\pythoncore-3.14-64\Lib\tkinter\ttk.py", line 1207, in get_children
    self.tk.call(self._w, "children", item or '') or ())
    ~~~~~~~~~~~~^^^^^^^^^^^^^^^^^^^^^^^^^^^^^^^^^
_tkinter.TclError: invalid command name ".!frame12.!canvas.!frame.!frame.!frame3.!frame2.!treeview"
2026-09-03 13:50:28 - ERROR - Dashboard refresh error: invalid command name ".!frame4.!canvas.!frame.!frame.!frame3.!frame2.!treeview"
Traceback (most recent call last):
  File "C:\Users\Erica Gallogo\OneDrive - National University\Desktop\MIDTERM\views\tracker_view.py", line 692, in load_data
    for item in self.tree.get_children():
                ~~~~~~~~~~~~~~~~~~~~~~^^
  File "C:\Users\Erica Gallogo\AppData\Local\Python\pythoncore-3.14-64\Lib\tkinter\ttk.py", line 1207, in get_children
    self.tk.call(self._w, "children", item or '') or ())
    ~~~~~~~~~~~~^^^^^^^^^^^^^^^^^^^^^^^^^^^^^^^^^
_tkinter.TclError: invalid command name ".!frame4.!canvas.!frame.!frame.!frame3.!frame2.!treeview"
2026-09-03 13:50:32 - ERROR - Dashboard refresh error: invalid command name ".!frame8.!canvas.!frame.!frame.!frame3.!frame2.!treeview"
Traceback (most recent call last):
  File "C:\Users\Erica Gallogo\OneDrive - National University\Desktop\MIDTERM\views\tracker_view.py", line 692, in load_data
    for item in self.tree.get_children():
                ~~~~~~~~~~~~~~~~~~~~~~^^
  File "C:\Users\Erica Gallogo\AppData\Local\Python\pythoncore-3.14-64\Lib\tkinter\ttk.py", line 1207, in get_children
    self.tk.call(self._w, "children", item or '') or ())
    ~~~~~~~~~~~~^^^^^^^^^^^^^^^^^^^^^^^^^^^^^^^^^
_tkinter.TclError: invalid command name ".!frame8.!canvas.!frame.!frame.!frame3.!frame2.!treeview"
2026-09-03 13:50:32 - ERROR - Dashboard refresh error: invalid command name ".!frame16.!canvas.!frame.!frame.!frame3.!frame2.!treeview"
Traceback (most recent call last):
  File "C:\Users\Erica Gallogo\OneDrive - National University\Desktop\MIDTERM\views\tracker_view.py", line 692, in load_data
    for item in self.tree.get_children():
                ~~~~~~~~~~~~~~~~~~~~~~^^
  File "C:\Users\Erica Gallogo\AppData\Local\Python\pythoncore-3.14-64\Lib\tkinter\ttk.py", line 1207, in get_children
    self.tk.call(self._w, "children", item or '') or ())
    ~~~~~~~~~~~~^^^^^^^^^^^^^^^^^^^^^^^^^^^^^^^^^
_tkinter.TclError: invalid command name ".!frame16.!canvas.!frame.!frame.!frame3.!frame2.!treeview"
2026-09-03 13:50:32 - ERROR - Dashboard refresh error: invalid command name ".!frame12.!canvas.!frame.!frame.!frame3.!frame2.!treeview"
Traceback (most recent call last):
  File "C:\Users\Erica Gallogo\OneDrive - National University\Desktop\MIDTERM\views\tracker_view.py", line 692, in load_data
    for item in self.tree.get_children():
                ~~~~~~~~~~~~~~~~~~~~~~^^
  File "C:\Users\Erica Gallogo\AppData\Local\Python\pythoncore-3.14-64\Lib\tkinter\ttk.py", line 1207, in get_children
    self.tk.call(self._w, "children", item or '') or ())
    ~~~~~~~~~~~~^^^^^^^^^^^^^^^^^^^^^^^^^^^^^^^^^
_tkinter.TclError: invalid command name ".!frame12.!canvas.!frame.!frame.!frame3.!frame2.!treeview"
2026-09-03 13:50:33 - ERROR - Dashboard refresh error: invalid command name ".!frame4.!canvas.!frame.!frame.!frame3.!frame2.!treeview"
Traceback (most recent call last):
  File "C:\Users\Erica Gallogo\OneDrive - National University\Desktop\MIDTERM\views\tracker_view.py", line 692, in load_data
    for item in self.tree.get_children():
                ~~~~~~~~~~~~~~~~~~~~~~^^
  File "C:\Users\Erica Gallogo\AppData\Local\Python\pythoncore-3.14-64\Lib\tkinter\ttk.py", line 1207, in get_children
    self.tk.call(self._w, "children", item or '') or ())
    ~~~~~~~~~~~~^^^^^^^^^^^^^^^^^^^^^^^^^^^^^^^^^
_tkinter.TclError: invalid command name ".!frame4.!canvas.!frame.!frame.!frame3.!frame2.!treeview"
2026-09-03 13:50:33 - INFO - User Logged In: 'erica'
2026-09-03 13:50:37 - ERROR - Dashboard refresh error: invalid command name ".!frame8.!canvas.!frame.!frame.!frame3.!frame2.!treeview"
Traceback (most recent call last):
  File "C:\Users\Erica Gallogo\OneDrive - National University\Desktop\MIDTERM\views\tracker_view.py", line 692, in load_data
    for item in self.tree.get_children():
                ~~~~~~~~~~~~~~~~~~~~~~^^
  File "C:\Users\Erica Gallogo\AppData\Local\Python\pythoncore-3.14-64\Lib\tkinter\ttk.py", line 1207, in get_children
    self.tk.call(self._w, "children", item or '') or ())
    ~~~~~~~~~~~~^^^^^^^^^^^^^^^^^^^^^^^^^^^^^^^^^
_tkinter.TclError: invalid command name ".!frame8.!canvas.!frame.!frame.!frame3.!frame2.!treeview"
2026-09-03 13:50:37 - ERROR - Dashboard refresh error: invalid command name ".!frame16.!canvas.!frame.!frame.!frame3.!frame2.!treeview"
Traceback (most recent call last):
  File "C:\Users\Erica Gallogo\OneDrive - National University\Desktop\MIDTERM\views\tracker_view.py", line 692, in load_data
    for item in self.tree.get_children():
                ~~~~~~~~~~~~~~~~~~~~~~^^
  File "C:\Users\Erica Gallogo\AppData\Local\Python\pythoncore-3.14-64\Lib\tkinter\ttk.py", line 1207, in get_children
    self.tk.call(self._w, "children", item or '') or ())
    ~~~~~~~~~~~~^^^^^^^^^^^^^^^^^^^^^^^^^^^^^^^^^
_tkinter.TclError: invalid command name ".!frame16.!canvas.!frame.!frame.!frame3.!frame2.!treeview"
2026-09-03 13:50:37 - ERROR - Dashboard refresh error: invalid command name ".!frame12.!canvas.!frame.!frame.!frame3.!frame2.!treeview"
Traceback (most recent call last):
  File "C:\Users\Erica Gallogo\OneDrive - National University\Desktop\MIDTERM\views\tracker_view.py", line 692, in load_data
    for item in self.tree.get_children():
                ~~~~~~~~~~~~~~~~~~~~~~^^
  File "C:\Users\Erica Gallogo\AppData\Local\Python\pythoncore-3.14-64\Lib\tkinter\ttk.py", line 1207, in get_children
    self.tk.call(self._w, "children", item or '') or ())
    ~~~~~~~~~~~~^^^^^^^^^^^^^^^^^^^^^^^^^^^^^^^^^
_tkinter.TclError: invalid command name ".!frame12.!canvas.!frame.!frame.!frame3.!frame2.!treeview"
2026-09-03 13:50:38 - ERROR - Dashboard refresh error: invalid command name ".!frame4.!canvas.!frame.!frame.!frame3.!frame2.!treeview"
Traceback (most recent call last):
  File "C:\Users\Erica Gallogo\OneDrive - National University\Desktop\MIDTERM\views\tracker_view.py", line 692, in load_data
    for item in self.tree.get_children():
                ~~~~~~~~~~~~~~~~~~~~~~^^
  File "C:\Users\Erica Gallogo\AppData\Local\Python\pythoncore-3.14-64\Lib\tkinter\ttk.py", line 1207, in get_children
    self.tk.call(self._w, "children", item or '') or ())
    ~~~~~~~~~~~~^^^^^^^^^^^^^^^^^^^^^^^^^^^^^^^^^
_tkinter.TclError: invalid command name ".!frame4.!canvas.!frame.!frame.!frame3.!frame2.!treeview"
2026-09-03 13:50:42 - ERROR - Dashboard refresh error: invalid command name ".!frame8.!canvas.!frame.!frame.!frame3.!frame2.!treeview"
Traceback (most recent call last):
  File "C:\Users\Erica Gallogo\OneDrive - National University\Desktop\MIDTERM\views\tracker_view.py", line 692, in load_data
    for item in self.tree.get_children():
                ~~~~~~~~~~~~~~~~~~~~~~^^
  File "C:\Users\Erica Gallogo\AppData\Local\Python\pythoncore-3.14-64\Lib\tkinter\ttk.py", line 1207, in get_children
    self.tk.call(self._w, "children", item or '') or ())
    ~~~~~~~~~~~~^^^^^^^^^^^^^^^^^^^^^^^^^^^^^^^^^
_tkinter.TclError: invalid command name ".!frame8.!canvas.!frame.!frame.!frame3.!frame2.!treeview"
2026-09-03 13:50:42 - ERROR - Dashboard refresh error: invalid command name ".!frame16.!canvas.!frame.!frame.!frame3.!frame2.!treeview"
Traceback (most recent call last):
  File "C:\Users\Erica Gallogo\OneDrive - National University\Desktop\MIDTERM\views\tracker_view.py", line 692, in load_data
    for item in self.tree.get_children():
                ~~~~~~~~~~~~~~~~~~~~~~^^
  File "C:\Users\Erica Gallogo\AppData\Local\Python\pythoncore-3.14-64\Lib\tkinter\ttk.py", line 1207, in get_children
    self.tk.call(self._w, "children", item or '') or ())
    ~~~~~~~~~~~~^^^^^^^^^^^^^^^^^^^^^^^^^^^^^^^^^
_tkinter.TclError: invalid command name ".!frame16.!canvas.!frame.!frame.!frame3.!frame2.!treeview"
2026-09-03 13:50:42 - ERROR - Dashboard refresh error: invalid command name ".!frame12.!canvas.!frame.!frame.!frame3.!frame2.!treeview"
Traceback (most recent call last):
  File "C:\Users\Erica Gallogo\OneDrive - National University\Desktop\MIDTERM\views\tracker_view.py", line 692, in load_data
    for item in self.tree.get_children():
                ~~~~~~~~~~~~~~~~~~~~~~^^
  File "C:\Users\Erica Gallogo\AppData\Local\Python\pythoncore-3.14-64\Lib\tkinter\ttk.py", line 1207, in get_children
    self.tk.call(self._w, "children", item or '') or ())
    ~~~~~~~~~~~~^^^^^^^^^^^^^^^^^^^^^^^^^^^^^^^^^
_tkinter.TclError: invalid command name ".!frame12.!canvas.!frame.!frame.!frame3.!frame2.!treeview"
2026-09-03 13:50:43 - ERROR - Dashboard refresh error: invalid command name ".!frame4.!canvas.!frame.!frame.!frame3.!frame2.!treeview"
Traceback (most recent call last):
  File "C:\Users\Erica Gallogo\OneDrive - National University\Desktop\MIDTERM\views\tracker_view.py", line 692, in load_data
    for item in self.tree.get_children():
                ~~~~~~~~~~~~~~~~~~~~~~^^
  File "C:\Users\Erica Gallogo\AppData\Local\Python\pythoncore-3.14-64\Lib\tkinter\ttk.py", line 1207, in get_children
    self.tk.call(self._w, "children", item or '') or ())
    ~~~~~~~~~~~~^^^^^^^^^^^^^^^^^^^^^^^^^^^^^^^^^
_tkinter.TclError: invalid command name ".!frame4.!canvas.!frame.!frame.!frame3.!frame2.!treeview"
2026-09-03 13:50:47 - ERROR - Dashboard refresh error: invalid command name ".!frame8.!canvas.!frame.!frame.!frame3.!frame2.!treeview"
Traceback (most recent call last):
  File "C:\Users\Erica Gallogo\OneDrive - National University\Desktop\MIDTERM\views\tracker_view.py", line 692, in load_data
    for item in self.tree.get_children():
                ~~~~~~~~~~~~~~~~~~~~~~^^
  File "C:\Users\Erica Gallogo\AppData\Local\Python\pythoncore-3.14-64\Lib\tkinter\ttk.py", line 1207, in get_children
    self.tk.call(self._w, "children", item or '') or ())
    ~~~~~~~~~~~~^^^^^^^^^^^^^^^^^^^^^^^^^^^^^^^^^
_tkinter.TclError: invalid command name ".!frame8.!canvas.!frame.!frame.!frame3.!frame2.!treeview"
2026-09-03 13:50:47 - ERROR - Dashboard refresh error: invalid command name ".!frame16.!canvas.!frame.!frame.!frame3.!frame2.!treeview"
Traceback (most recent call last):
  File "C:\Users\Erica Gallogo\OneDrive - National University\Desktop\MIDTERM\views\tracker_view.py", line 692, in load_data
    for item in self.tree.get_children():
                ~~~~~~~~~~~~~~~~~~~~~~^^
  File "C:\Users\Erica Gallogo\AppData\Local\Python\pythoncore-3.14-64\Lib\tkinter\ttk.py", line 1207, in get_children
    self.tk.call(self._w, "children", item or '') or ())
    ~~~~~~~~~~~~^^^^^^^^^^^^^^^^^^^^^^^^^^^^^^^^^
_tkinter.TclError: invalid command name ".!frame16.!canvas.!frame.!frame.!frame3.!frame2.!treeview"
2026-09-03 13:50:47 - ERROR - Dashboard refresh error: invalid command name ".!frame12.!canvas.!frame.!frame.!frame3.!frame2.!treeview"
Traceback (most recent call last):
  File "C:\Users\Erica Gallogo\OneDrive - National University\Desktop\MIDTERM\views\tracker_view.py", line 692, in load_data
    for item in self.tree.get_children():
                ~~~~~~~~~~~~~~~~~~~~~~^^
  File "C:\Users\Erica Gallogo\AppData\Local\Python\pythoncore-3.14-64\Lib\tkinter\ttk.py", line 1207, in get_children
    self.tk.call(self._w, "children", item or '') or ())
    ~~~~~~~~~~~~^^^^^^^^^^^^^^^^^^^^^^^^^^^^^^^^^
_tkinter.TclError: invalid command name ".!frame12.!canvas.!frame.!frame.!frame3.!frame2.!treeview"
2026-09-03 13:50:48 - ERROR - Dashboard refresh error: invalid command name ".!frame4.!canvas.!frame.!frame.!frame3.!frame2.!treeview"
Traceback (most recent call last):
  File "C:\Users\Erica Gallogo\OneDrive - National University\Desktop\MIDTERM\views\tracker_view.py", line 692, in load_data
    for item in self.tree.get_children():
                ~~~~~~~~~~~~~~~~~~~~~~^^
  File "C:\Users\Erica Gallogo\AppData\Local\Python\pythoncore-3.14-64\Lib\tkinter\ttk.py", line 1207, in get_children
    self.tk.call(self._w, "children", item or '') or ())
    ~~~~~~~~~~~~^^^^^^^^^^^^^^^^^^^^^^^^^^^^^^^^^
_tkinter.TclError: invalid command name ".!frame4.!canvas.!frame.!frame.!frame3.!frame2.!treeview"
2026-09-03 13:50:52 - ERROR - Dashboard refresh error: invalid command name ".!frame8.!canvas.!frame.!frame.!frame3.!frame2.!treeview"
Traceback (most recent call last):
  File "C:\Users\Erica Gallogo\OneDrive - National University\Desktop\MIDTERM\views\tracker_view.py", line 692, in load_data
    for item in self.tree.get_children():
                ~~~~~~~~~~~~~~~~~~~~~~^^
  File "C:\Users\Erica Gallogo\AppData\Local\Python\pythoncore-3.14-64\Lib\tkinter\ttk.py", line 1207, in get_children
    self.tk.call(self._w, "children", item or '') or ())
    ~~~~~~~~~~~~^^^^^^^^^^^^^^^^^^^^^^^^^^^^^^^^^
_tkinter.TclError: invalid command name ".!frame8.!canvas.!frame.!frame.!frame3.!frame2.!treeview"
2026-09-03 13:50:52 - ERROR - Dashboard refresh error: invalid command name ".!frame16.!canvas.!frame.!frame.!frame3.!frame2.!treeview"
Traceback (most recent call last):
  File "C:\Users\Erica Gallogo\OneDrive - National University\Desktop\MIDTERM\views\tracker_view.py", line 692, in load_data
    for item in self.tree.get_children():
                ~~~~~~~~~~~~~~~~~~~~~~^^
  File "C:\Users\Erica Gallogo\AppData\Local\Python\pythoncore-3.14-64\Lib\tkinter\ttk.py", line 1207, in get_children
    self.tk.call(self._w, "children", item or '') or ())
    ~~~~~~~~~~~~^^^^^^^^^^^^^^^^^^^^^^^^^^^^^^^^^
_tkinter.TclError: invalid command name ".!frame16.!canvas.!frame.!frame.!frame3.!frame2.!treeview"
2026-09-03 13:50:53 - ERROR - Dashboard refresh error: invalid command name ".!frame12.!canvas.!frame.!frame.!frame3.!frame2.!treeview"
Traceback (most recent call last):
  File "C:\Users\Erica Gallogo\OneDrive - National University\Desktop\MIDTERM\views\tracker_view.py", line 692, in load_data
    for item in self.tree.get_children():
                ~~~~~~~~~~~~~~~~~~~~~~^^
  File "C:\Users\Erica Gallogo\AppData\Local\Python\pythoncore-3.14-64\Lib\tkinter\ttk.py", line 1207, in get_children
    self.tk.call(self._w, "children", item or '') or ())
    ~~~~~~~~~~~~^^^^^^^^^^^^^^^^^^^^^^^^^^^^^^^^^
_tkinter.TclError: invalid command name ".!frame12.!canvas.!frame.!frame.!frame3.!frame2.!treeview"
2026-09-03 13:50:53 - ERROR - Dashboard refresh error: invalid command name ".!frame4.!canvas.!frame.!frame.!frame3.!frame2.!treeview"
Traceback (most recent call last):
  File "C:\Users\Erica Gallogo\OneDrive - National University\Desktop\MIDTERM\views\tracker_view.py", line 692, in load_data
    for item in self.tree.get_children():
                ~~~~~~~~~~~~~~~~~~~~~~^^
  File "C:\Users\Erica Gallogo\AppData\Local\Python\pythoncore-3.14-64\Lib\tkinter\ttk.py", line 1207, in get_children
    self.tk.call(self._w, "children", item or '') or ())
    ~~~~~~~~~~~~^^^^^^^^^^^^^^^^^^^^^^^^^^^^^^^^^
_tkinter.TclError: invalid command name ".!frame4.!canvas.!frame.!frame.!frame3.!frame2.!treeview"
2026-09-03 13:50:57 - ERROR - Dashboard refresh error: invalid command name ".!frame8.!canvas.!frame.!frame.!frame3.!frame2.!treeview"
Traceback (most recent call last):
  File "C:\Users\Erica Gallogo\OneDrive - National University\Desktop\MIDTERM\views\tracker_view.py", line 692, in load_data
    for item in self.tree.get_children():
                ~~~~~~~~~~~~~~~~~~~~~~^^
  File "C:\Users\Erica Gallogo\AppData\Local\Python\pythoncore-3.14-64\Lib\tkinter\ttk.py", line 1207, in get_children
    self.tk.call(self._w, "children", item or '') or ())
    ~~~~~~~~~~~~^^^^^^^^^^^^^^^^^^^^^^^^^^^^^^^^^
_tkinter.TclError: invalid command name ".!frame8.!canvas.!frame.!frame.!frame3.!frame2.!treeview"
2026-09-03 13:50:57 - ERROR - Dashboard refresh error: invalid command name ".!frame16.!canvas.!frame.!frame.!frame3.!frame2.!treeview"
Traceback (most recent call last):
  File "C:\Users\Erica Gallogo\OneDrive - National University\Desktop\MIDTERM\views\tracker_view.py", line 692, in load_data
    for item in self.tree.get_children():
                ~~~~~~~~~~~~~~~~~~~~~~^^
  File "C:\Users\Erica Gallogo\AppData\Local\Python\pythoncore-3.14-64\Lib\tkinter\ttk.py", line 1207, in get_children
    self.tk.call(self._w, "children", item or '') or ())
    ~~~~~~~~~~~~^^^^^^^^^^^^^^^^^^^^^^^^^^^^^^^^^
_tkinter.TclError: invalid command name ".!frame16.!canvas.!frame.!frame.!frame3.!frame2.!treeview"
2026-09-03 13:50:58 - ERROR - Dashboard refresh error: invalid command name ".!frame12.!canvas.!frame.!frame.!frame3.!frame2.!treeview"
Traceback (most recent call last):
  File "C:\Users\Erica Gallogo\OneDrive - National University\Desktop\MIDTERM\views\tracker_view.py", line 692, in load_data
    for item in self.tree.get_children():
                ~~~~~~~~~~~~~~~~~~~~~~^^
  File "C:\Users\Erica Gallogo\AppData\Local\Python\pythoncore-3.14-64\Lib\tkinter\ttk.py", line 1207, in get_children
    self.tk.call(self._w, "children", item or '') or ())
    ~~~~~~~~~~~~^^^^^^^^^^^^^^^^^^^^^^^^^^^^^^^^^
_tkinter.TclError: invalid command name ".!frame12.!canvas.!frame.!frame.!frame3.!frame2.!treeview"
2026-09-03 13:50:58 - ERROR - Dashboard refresh error: invalid command name ".!frame4.!canvas.!frame.!frame.!frame3.!frame2.!treeview"
Traceback (most recent call last):
  File "C:\Users\Erica Gallogo\OneDrive - National University\Desktop\MIDTERM\views\tracker_view.py", line 692, in load_data
    for item in self.tree.get_children():
                ~~~~~~~~~~~~~~~~~~~~~~^^
  File "C:\Users\Erica Gallogo\AppData\Local\Python\pythoncore-3.14-64\Lib\tkinter\ttk.py", line 1207, in get_children
    self.tk.call(self._w, "children", item or '') or ())
    ~~~~~~~~~~~~^^^^^^^^^^^^^^^^^^^^^^^^^^^^^^^^^
_tkinter.TclError: invalid command name ".!frame4.!canvas.!frame.!frame.!frame3.!frame2.!treeview"
2026-09-03 13:51:02 - ERROR - Dashboard refresh error: invalid command name ".!frame8.!canvas.!frame.!frame.!frame3.!frame2.!treeview"
Traceback (most recent call last):
  File "C:\Users\Erica Gallogo\OneDrive - National University\Desktop\MIDTERM\views\tracker_view.py", line 692, in load_data
    for item in self.tree.get_children():
                ~~~~~~~~~~~~~~~~~~~~~~^^
  File "C:\Users\Erica Gallogo\AppData\Local\Python\pythoncore-3.14-64\Lib\tkinter\ttk.py", line 1207, in get_children
    self.tk.call(self._w, "children", item or '') or ())
    ~~~~~~~~~~~~^^^^^^^^^^^^^^^^^^^^^^^^^^^^^^^^^
_tkinter.TclError: invalid command name ".!frame8.!canvas.!frame.!frame.!frame3.!frame2.!treeview"
2026-09-03 13:51:02 - ERROR - Dashboard refresh error: invalid command name ".!frame16.!canvas.!frame.!frame.!frame3.!frame2.!treeview"
Traceback (most recent call last):
  File "C:\Users\Erica Gallogo\OneDrive - National University\Desktop\MIDTERM\views\tracker_view.py", line 692, in load_data
    for item in self.tree.get_children():
                ~~~~~~~~~~~~~~~~~~~~~~^^
  File "C:\Users\Erica Gallogo\AppData\Local\Python\pythoncore-3.14-64\Lib\tkinter\ttk.py", line 1207, in get_children
    self.tk.call(self._w, "children", item or '') or ())
    ~~~~~~~~~~~~^^^^^^^^^^^^^^^^^^^^^^^^^^^^^^^^^
_tkinter.TclError: invalid command name ".!frame16.!canvas.!frame.!frame.!frame3.!frame2.!treeview"
2026-09-03 13:51:03 - ERROR - Dashboard refresh error: invalid command name ".!frame12.!canvas.!frame.!frame.!frame3.!frame2.!treeview"
Traceback (most recent call last):
  File "C:\Users\Erica Gallogo\OneDrive - National University\Desktop\MIDTERM\views\tracker_view.py", line 692, in load_data
    for item in self.tree.get_children():
                ~~~~~~~~~~~~~~~~~~~~~~^^
  File "C:\Users\Erica Gallogo\AppData\Local\Python\pythoncore-3.14-64\Lib\tkinter\ttk.py", line 1207, in get_children
    self.tk.call(self._w, "children", item or '') or ())
    ~~~~~~~~~~~~^^^^^^^^^^^^^^^^^^^^^^^^^^^^^^^^^
_tkinter.TclError: invalid command name ".!frame12.!canvas.!frame.!frame.!frame3.!frame2.!treeview"
2026-09-03 13:51:03 - ERROR - Dashboard refresh error: invalid command name ".!frame4.!canvas.!frame.!frame.!frame3.!frame2.!treeview"
Traceback (most recent call last):
  File "C:\Users\Erica Gallogo\OneDrive - National University\Desktop\MIDTERM\views\tracker_view.py", line 692, in load_data
    for item in self.tree.get_children():
                ~~~~~~~~~~~~~~~~~~~~~~^^
  File "C:\Users\Erica Gallogo\AppData\Local\Python\pythoncore-3.14-64\Lib\tkinter\ttk.py", line 1207, in get_children
    self.tk.call(self._w, "children", item or '') or ())
    ~~~~~~~~~~~~^^^^^^^^^^^^^^^^^^^^^^^^^^^^^^^^^
_tkinter.TclError: invalid command name ".!frame4.!canvas.!frame.!frame.!frame3.!frame2.!treeview"
2026-09-03 13:51:07 - ERROR - Dashboard refresh error: invalid command name ".!frame8.!canvas.!frame.!frame.!frame3.!frame2.!treeview"
Traceback (most recent call last):
  File "C:\Users\Erica Gallogo\OneDrive - National University\Desktop\MIDTERM\views\tracker_view.py", line 692, in load_data
    for item in self.tree.get_children():
                ~~~~~~~~~~~~~~~~~~~~~~^^
  File "C:\Users\Erica Gallogo\AppData\Local\Python\pythoncore-3.14-64\Lib\tkinter\ttk.py", line 1207, in get_children
    self.tk.call(self._w, "children", item or '') or ())
    ~~~~~~~~~~~~^^^^^^^^^^^^^^^^^^^^^^^^^^^^^^^^^
_tkinter.TclError: invalid command name ".!frame8.!canvas.!frame.!frame.!frame3.!frame2.!treeview"
2026-09-03 13:51:07 - ERROR - Dashboard refresh error: invalid command name ".!frame16.!canvas.!frame.!frame.!frame3.!frame2.!treeview"
Traceback (most recent call last):
  File "C:\Users\Erica Gallogo\OneDrive - National University\Desktop\MIDTERM\views\tracker_view.py", line 692, in load_data
    for item in self.tree.get_children():
                ~~~~~~~~~~~~~~~~~~~~~~^^
  File "C:\Users\Erica Gallogo\AppData\Local\Python\pythoncore-3.14-64\Lib\tkinter\ttk.py", line 1207, in get_children
    self.tk.call(self._w, "children", item or '') or ())
    ~~~~~~~~~~~~^^^^^^^^^^^^^^^^^^^^^^^^^^^^^^^^^
_tkinter.TclError: invalid command name ".!frame16.!canvas.!frame.!frame.!frame3.!frame2.!treeview"
2026-09-03 13:51:08 - ERROR - Dashboard refresh error: invalid command name ".!frame12.!canvas.!frame.!frame.!frame3.!frame2.!treeview"
Traceback (most recent call last):
  File "C:\Users\Erica Gallogo\OneDrive - National University\Desktop\MIDTERM\views\tracker_view.py", line 692, in load_data
    for item in self.tree.get_children():
                ~~~~~~~~~~~~~~~~~~~~~~^^
  File "C:\Users\Erica Gallogo\AppData\Local\Python\pythoncore-3.14-64\Lib\tkinter\ttk.py", line 1207, in get_children
    self.tk.call(self._w, "children", item or '') or ())
    ~~~~~~~~~~~~^^^^^^^^^^^^^^^^^^^^^^^^^^^^^^^^^
_tkinter.TclError: invalid command name ".!frame12.!canvas.!frame.!frame.!frame3.!frame2.!treeview"
2026-09-03 13:51:08 - ERROR - Dashboard refresh error: invalid command name ".!frame4.!canvas.!frame.!frame.!frame3.!frame2.!treeview"
Traceback (most recent call last):
  File "C:\Users\Erica Gallogo\OneDrive - National University\Desktop\MIDTERM\views\tracker_view.py", line 692, in load_data
    for item in self.tree.get_children():
                ~~~~~~~~~~~~~~~~~~~~~~^^
  File "C:\Users\Erica Gallogo\AppData\Local\Python\pythoncore-3.14-64\Lib\tkinter\ttk.py", line 1207, in get_children
    self.tk.call(self._w, "children", item or '') or ())
    ~~~~~~~~~~~~^^^^^^^^^^^^^^^^^^^^^^^^^^^^^^^^^
_tkinter.TclError: invalid command name ".!frame4.!canvas.!frame.!frame.!frame3.!frame2.!treeview"
2026-09-03 13:51:12 - ERROR - Dashboard refresh error: invalid command name ".!frame8.!canvas.!frame.!frame.!frame3.!frame2.!treeview"
Traceback (most recent call last):
  File "C:\Users\Erica Gallogo\OneDrive - National University\Desktop\MIDTERM\views\tracker_view.py", line 692, in load_data
    for item in self.tree.get_children():
                ~~~~~~~~~~~~~~~~~~~~~~^^
  File "C:\Users\Erica Gallogo\AppData\Local\Python\pythoncore-3.14-64\Lib\tkinter\ttk.py", line 1207, in get_children
    self.tk.call(self._w, "children", item or '') or ())
    ~~~~~~~~~~~~^^^^^^^^^^^^^^^^^^^^^^^^^^^^^^^^^
_tkinter.TclError: invalid command name ".!frame8.!canvas.!frame.!frame.!frame3.!frame2.!treeview"
2026-09-03 13:51:12 - ERROR - Dashboard refresh error: invalid command name ".!frame16.!canvas.!frame.!frame.!frame3.!frame2.!treeview"
Traceback (most recent call last):
  File "C:\Users\Erica Gallogo\OneDrive - National University\Desktop\MIDTERM\views\tracker_view.py", line 692, in load_data
    for item in self.tree.get_children():
                ~~~~~~~~~~~~~~~~~~~~~~^^
  File "C:\Users\Erica Gallogo\AppData\Local\Python\pythoncore-3.14-64\Lib\tkinter\ttk.py", line 1207, in get_children
    self.tk.call(self._w, "children", item or '') or ())
    ~~~~~~~~~~~~^^^^^^^^^^^^^^^^^^^^^^^^^^^^^^^^^
_tkinter.TclError: invalid command name ".!frame16.!canvas.!frame.!frame.!frame3.!frame2.!treeview"
2026-09-03 13:51:13 - ERROR - Dashboard refresh error: invalid command name ".!frame12.!canvas.!frame.!frame.!frame3.!frame2.!treeview"
Traceback (most recent call last):
  File "C:\Users\Erica Gallogo\OneDrive - National University\Desktop\MIDTERM\views\tracker_view.py", line 692, in load_data
    for item in self.tree.get_children():
                ~~~~~~~~~~~~~~~~~~~~~~^^
  File "C:\Users\Erica Gallogo\AppData\Local\Python\pythoncore-3.14-64\Lib\tkinter\ttk.py", line 1207, in get_children
    self.tk.call(self._w, "children", item or '') or ())
    ~~~~~~~~~~~~^^^^^^^^^^^^^^^^^^^^^^^^^^^^^^^^^
_tkinter.TclError: invalid command name ".!frame12.!canvas.!frame.!frame.!frame3.!frame2.!treeview"
2026-09-03 13:51:13 - ERROR - Dashboard refresh error: invalid command name ".!frame4.!canvas.!frame.!frame.!frame3.!frame2.!treeview"
Traceback (most recent call last):
  File "C:\Users\Erica Gallogo\OneDrive - National University\Desktop\MIDTERM\views\tracker_view.py", line 692, in load_data
    for item in self.tree.get_children():
                ~~~~~~~~~~~~~~~~~~~~~~^^
  File "C:\Users\Erica Gallogo\AppData\Local\Python\pythoncore-3.14-64\Lib\tkinter\ttk.py", line 1207, in get_children
    self.tk.call(self._w, "children", item or '') or ())
    ~~~~~~~~~~~~^^^^^^^^^^^^^^^^^^^^^^^^^^^^^^^^^
_tkinter.TclError: invalid command name ".!frame4.!canvas.!frame.!frame.!frame3.!frame2.!treeview"
2026-09-03 13:51:17 - ERROR - Dashboard refresh error: invalid command name ".!frame8.!canvas.!frame.!frame.!frame3.!frame2.!treeview"
Traceback (most recent call last):
  File "C:\Users\Erica Gallogo\OneDrive - National University\Desktop\MIDTERM\views\tracker_view.py", line 692, in load_data
    for item in self.tree.get_children():
                ~~~~~~~~~~~~~~~~~~~~~~^^
  File "C:\Users\Erica Gallogo\AppData\Local\Python\pythoncore-3.14-64\Lib\tkinter\ttk.py", line 1207, in get_children
    self.tk.call(self._w, "children", item or '') or ())
    ~~~~~~~~~~~~^^^^^^^^^^^^^^^^^^^^^^^^^^^^^^^^^
_tkinter.TclError: invalid command name ".!frame8.!canvas.!frame.!frame.!frame3.!frame2.!treeview"
2026-09-03 13:51:17 - ERROR - Dashboard refresh error: invalid command name ".!frame16.!canvas.!frame.!frame.!frame3.!frame2.!treeview"
Traceback (most recent call last):
  File "C:\Users\Erica Gallogo\OneDrive - National University\Desktop\MIDTERM\views\tracker_view.py", line 692, in load_data
    for item in self.tree.get_children():
                ~~~~~~~~~~~~~~~~~~~~~~^^
  File "C:\Users\Erica Gallogo\AppData\Local\Python\pythoncore-3.14-64\Lib\tkinter\ttk.py", line 1207, in get_children
    self.tk.call(self._w, "children", item or '') or ())
    ~~~~~~~~~~~~^^^^^^^^^^^^^^^^^^^^^^^^^^^^^^^^^
_tkinter.TclError: invalid command name ".!frame16.!canvas.!frame.!frame.!frame3.!frame2.!treeview"
2026-09-03 13:51:18 - ERROR - Dashboard refresh error: invalid command name ".!frame12.!canvas.!frame.!frame.!frame3.!frame2.!treeview"
Traceback (most recent call last):
  File "C:\Users\Erica Gallogo\OneDrive - National University\Desktop\MIDTERM\views\tracker_view.py", line 692, in load_data
    for item in self.tree.get_children():
                ~~~~~~~~~~~~~~~~~~~~~~^^
  File "C:\Users\Erica Gallogo\AppData\Local\Python\pythoncore-3.14-64\Lib\tkinter\ttk.py", line 1207, in get_children
    self.tk.call(self._w, "children", item or '') or ())
    ~~~~~~~~~~~~^^^^^^^^^^^^^^^^^^^^^^^^^^^^^^^^^
_tkinter.TclError: invalid command name ".!frame12.!canvas.!frame.!frame.!frame3.!frame2.!treeview"
2026-09-03 13:51:18 - ERROR - Dashboard refresh error: invalid command name ".!frame4.!canvas.!frame.!frame.!frame3.!frame2.!treeview"
Traceback (most recent call last):
  File "C:\Users\Erica Gallogo\OneDrive - National University\Desktop\MIDTERM\views\tracker_view.py", line 692, in load_data
    for item in self.tree.get_children():
                ~~~~~~~~~~~~~~~~~~~~~~^^
  File "C:\Users\Erica Gallogo\AppData\Local\Python\pythoncore-3.14-64\Lib\tkinter\ttk.py", line 1207, in get_children
    self.tk.call(self._w, "children", item or '') or ())
    ~~~~~~~~~~~~^^^^^^^^^^^^^^^^^^^^^^^^^^^^^^^^^
_tkinter.TclError: invalid command name ".!frame4.!canvas.!frame.!frame.!frame3.!frame2.!treeview"
2026-09-03 13:51:22 - ERROR - Dashboard refresh error: invalid command name ".!frame8.!canvas.!frame.!frame.!frame3.!frame2.!treeview"
Traceback (most recent call last):
  File "C:\Users\Erica Gallogo\OneDrive - National University\Desktop\MIDTERM\views\tracker_view.py", line 692, in load_data
    for item in self.tree.get_children():
                ~~~~~~~~~~~~~~~~~~~~~~^^
  File "C:\Users\Erica Gallogo\AppData\Local\Python\pythoncore-3.14-64\Lib\tkinter\ttk.py", line 1207, in get_children
    self.tk.call(self._w, "children", item or '') or ())
    ~~~~~~~~~~~~^^^^^^^^^^^^^^^^^^^^^^^^^^^^^^^^^
_tkinter.TclError: invalid command name ".!frame8.!canvas.!frame.!frame.!frame3.!frame2.!treeview"
2026-09-03 13:51:22 - ERROR - Dashboard refresh error: invalid command name ".!frame16.!canvas.!frame.!frame.!frame3.!frame2.!treeview"
Traceback (most recent call last):
  File "C:\Users\Erica Gallogo\OneDrive - National University\Desktop\MIDTERM\views\tracker_view.py", line 692, in load_data
    for item in self.tree.get_children():
                ~~~~~~~~~~~~~~~~~~~~~~^^
  File "C:\Users\Erica Gallogo\AppData\Local\Python\pythoncore-3.14-64\Lib\tkinter\ttk.py", line 1207, in get_children
    self.tk.call(self._w, "children", item or '') or ())
    ~~~~~~~~~~~~^^^^^^^^^^^^^^^^^^^^^^^^^^^^^^^^^
_tkinter.TclError: invalid command name ".!frame16.!canvas.!frame.!frame.!frame3.!frame2.!treeview"
2026-09-03 13:51:23 - ERROR - Dashboard refresh error: invalid command name ".!frame12.!canvas.!frame.!frame.!frame3.!frame2.!treeview"
Traceback (most recent call last):
  File "C:\Users\Erica Gallogo\OneDrive - National University\Desktop\MIDTERM\views\tracker_view.py", line 692, in load_data
    for item in self.tree.get_children():
                ~~~~~~~~~~~~~~~~~~~~~~^^
  File "C:\Users\Erica Gallogo\AppData\Local\Python\pythoncore-3.14-64\Lib\tkinter\ttk.py", line 1207, in get_children
    self.tk.call(self._w, "children", item or '') or ())
    ~~~~~~~~~~~~^^^^^^^^^^^^^^^^^^^^^^^^^^^^^^^^^
_tkinter.TclError: invalid command name ".!frame12.!canvas.!frame.!frame.!frame3.!frame2.!treeview"
2026-09-03 13:51:23 - ERROR - Dashboard refresh error: invalid command name ".!frame4.!canvas.!frame.!frame.!frame3.!frame2.!treeview"
Traceback (most recent call last):
  File "C:\Users\Erica Gallogo\OneDrive - National University\Desktop\MIDTERM\views\tracker_view.py", line 692, in load_data
    for item in self.tree.get_children():
                ~~~~~~~~~~~~~~~~~~~~~~^^
  File "C:\Users\Erica Gallogo\AppData\Local\Python\pythoncore-3.14-64\Lib\tkinter\ttk.py", line 1207, in get_children
    self.tk.call(self._w, "children", item or '') or ())
    ~~~~~~~~~~~~^^^^^^^^^^^^^^^^^^^^^^^^^^^^^^^^^
_tkinter.TclError: invalid command name ".!frame4.!canvas.!frame.!frame.!frame3.!frame2.!treeview"
2026-09-03 13:55:17 - INFO - Hardware inventory database initialized successfully.
2026-09-03 13:55:17 - INFO - Campus Hardware Inventory application started.
2026-09-03 13:55:49 - INFO - User Logged In: 'erica'
2026-09-03 13:56:53 - INFO - Borrowed item: student=erica, student_id=895643, item_id=3, quantity=10
2026-09-03 13:56:59 - INFO - User Logged Out: 'erica'
2026-09-03 13:57:01 - ERROR - Dashboard refresh error: invalid command name ".!frame4.!canvas.!frame.!frame.!frame3.!frame2.!treeview"
Traceback (most recent call last):
  File "C:\Users\Erica Gallogo\OneDrive - National University\Desktop\MIDTERM\views\tracker_view.py", line 699, in load_data
    for item in self.tree.get_children():
                ~~~~~~~~~~~~~~~~~~~~~~^^
  File "C:\Users\Erica Gallogo\AppData\Local\Python\pythoncore-3.14-64\Lib\tkinter\ttk.py", line 1207, in get_children
    self.tk.call(self._w, "children", item or '') or ())
    ~~~~~~~~~~~~^^^^^^^^^^^^^^^^^^^^^^^^^^^^^^^^^
_tkinter.TclError: invalid command name ".!frame4.!canvas.!frame.!frame.!frame3.!frame2.!treeview"
2026-09-03 13:57:06 - ERROR - Dashboard refresh error: invalid command name ".!frame4.!canvas.!frame.!frame.!frame3.!frame2.!treeview"
Traceback (most recent call last):
  File "C:\Users\Erica Gallogo\OneDrive - National University\Desktop\MIDTERM\views\tracker_view.py", line 699, in load_data
    for item in self.tree.get_children():
                ~~~~~~~~~~~~~~~~~~~~~~^^
  File "C:\Users\Erica Gallogo\AppData\Local\Python\pythoncore-3.14-64\Lib\tkinter\ttk.py", line 1207, in get_children
    self.tk.call(self._w, "children", item or '') or ())
    ~~~~~~~~~~~~^^^^^^^^^^^^^^^^^^^^^^^^^^^^^^^^^
_tkinter.TclError: invalid command name ".!frame4.!canvas.!frame.!frame.!frame3.!frame2.!treeview"
2026-09-03 13:57:11 - ERROR - Dashboard refresh error: invalid command name ".!frame4.!canvas.!frame.!frame.!frame3.!frame2.!treeview"
Traceback (most recent call last):
  File "C:\Users\Erica Gallogo\OneDrive - National University\Desktop\MIDTERM\views\tracker_view.py", line 699, in load_data
    for item in self.tree.get_children():
                ~~~~~~~~~~~~~~~~~~~~~~^^
  File "C:\Users\Erica Gallogo\AppData\Local\Python\pythoncore-3.14-64\Lib\tkinter\ttk.py", line 1207, in get_children
    self.tk.call(self._w, "children", item or '') or ())
    ~~~~~~~~~~~~^^^^^^^^^^^^^^^^^^^^^^^^^^^^^^^^^
_tkinter.TclError: invalid command name ".!frame4.!canvas.!frame.!frame.!frame3.!frame2.!treeview"
2026-09-03 13:57:15 - INFO - User Logged In: 'eca'
2026-09-03 13:57:16 - ERROR - Dashboard refresh error: invalid command name ".!frame4.!canvas.!frame.!frame.!frame3.!frame2.!treeview"
Traceback (most recent call last):
  File "C:\Users\Erica Gallogo\OneDrive - National University\Desktop\MIDTERM\views\tracker_view.py", line 699, in load_data
    for item in self.tree.get_children():
                ~~~~~~~~~~~~~~~~~~~~~~^^
  File "C:\Users\Erica Gallogo\AppData\Local\Python\pythoncore-3.14-64\Lib\tkinter\ttk.py", line 1207, in get_children
    self.tk.call(self._w, "children", item or '') or ())
    ~~~~~~~~~~~~^^^^^^^^^^^^^^^^^^^^^^^^^^^^^^^^^
_tkinter.TclError: invalid command name ".!frame4.!canvas.!frame.!frame.!frame3.!frame2.!treeview"
2026-09-03 13:57:21 - ERROR - Dashboard refresh error: invalid command name ".!frame4.!canvas.!frame.!frame.!frame3.!frame2.!treeview"
Traceback (most recent call last):
  File "C:\Users\Erica Gallogo\OneDrive - National University\Desktop\MIDTERM\views\tracker_view.py", line 699, in load_data
    for item in self.tree.get_children():
                ~~~~~~~~~~~~~~~~~~~~~~^^
  File "C:\Users\Erica Gallogo\AppData\Local\Python\pythoncore-3.14-64\Lib\tkinter\ttk.py", line 1207, in get_children
    self.tk.call(self._w, "children", item or '') or ())
    ~~~~~~~~~~~~^^^^^^^^^^^^^^^^^^^^^^^^^^^^^^^^^
_tkinter.TclError: invalid command name ".!frame4.!canvas.!frame.!frame.!frame3.!frame2.!treeview"
2026-09-03 13:57:26 - ERROR - Dashboard refresh error: invalid command name ".!frame4.!canvas.!frame.!frame.!frame3.!frame2.!treeview"
Traceback (most recent call last):
  File "C:\Users\Erica Gallogo\OneDrive - National University\Desktop\MIDTERM\views\tracker_view.py", line 699, in load_data
    for item in self.tree.get_children():
                ~~~~~~~~~~~~~~~~~~~~~~^^
  File "C:\Users\Erica Gallogo\AppData\Local\Python\pythoncore-3.14-64\Lib\tkinter\ttk.py", line 1207, in get_children
    self.tk.call(self._w, "children", item or '') or ())
    ~~~~~~~~~~~~^^^^^^^^^^^^^^^^^^^^^^^^^^^^^^^^^
_tkinter.TclError: invalid command name ".!frame4.!canvas.!frame.!frame.!frame3.!frame2.!treeview"
2026-09-03 13:57:31 - ERROR - Dashboard refresh error: invalid command name ".!frame4.!canvas.!frame.!frame.!frame3.!frame2.!treeview"
Traceback (most recent call last):
  File "C:\Users\Erica Gallogo\OneDrive - National University\Desktop\MIDTERM\views\tracker_view.py", line 699, in load_data
    for item in self.tree.get_children():
                ~~~~~~~~~~~~~~~~~~~~~~^^
  File "C:\Users\Erica Gallogo\AppData\Local\Python\pythoncore-3.14-64\Lib\tkinter\ttk.py", line 1207, in get_children
    self.tk.call(self._w, "children", item or '') or ())
    ~~~~~~~~~~~~^^^^^^^^^^^^^^^^^^^^^^^^^^^^^^^^^
_tkinter.TclError: invalid command name ".!frame4.!canvas.!frame.!frame.!frame3.!frame2.!treeview"
2026-09-03 13:57:36 - ERROR - Dashboard refresh error: invalid command name ".!frame4.!canvas.!frame.!frame.!frame3.!frame2.!treeview"
Traceback (most recent call last):
  File "C:\Users\Erica Gallogo\OneDrive - National University\Desktop\MIDTERM\views\tracker_view.py", line 699, in load_data
    for item in self.tree.get_children():
                ~~~~~~~~~~~~~~~~~~~~~~^^
  File "C:\Users\Erica Gallogo\AppData\Local\Python\pythoncore-3.14-64\Lib\tkinter\ttk.py", line 1207, in get_children
    self.tk.call(self._w, "children", item or '') or ())
    ~~~~~~~~~~~~^^^^^^^^^^^^^^^^^^^^^^^^^^^^^^^^^
_tkinter.TclError: invalid command name ".!frame4.!canvas.!frame.!frame.!frame3.!frame2.!treeview"
2026-09-03 13:57:41 - ERROR - Dashboard refresh error: invalid command name ".!frame4.!canvas.!frame.!frame.!frame3.!frame2.!treeview"
Traceback (most recent call last):
  File "C:\Users\Erica Gallogo\OneDrive - National University\Desktop\MIDTERM\views\tracker_view.py", line 699, in load_data
    for item in self.tree.get_children():
                ~~~~~~~~~~~~~~~~~~~~~~^^
  File "C:\Users\Erica Gallogo\AppData\Local\Python\pythoncore-3.14-64\Lib\tkinter\ttk.py", line 1207, in get_children
    self.tk.call(self._w, "children", item or '') or ())
    ~~~~~~~~~~~~^^^^^^^^^^^^^^^^^^^^^^^^^^^^^^^^^
_tkinter.TclError: invalid command name ".!frame4.!canvas.!frame.!frame.!frame3.!frame2.!treeview"
2026-09-03 13:57:46 - ERROR - Dashboard refresh error: invalid command name ".!frame4.!canvas.!frame.!frame.!frame3.!frame2.!treeview"
Traceback (most recent call last):
  File "C:\Users\Erica Gallogo\OneDrive - National University\Desktop\MIDTERM\views\tracker_view.py", line 699, in load_data
    for item in self.tree.get_children():
                ~~~~~~~~~~~~~~~~~~~~~~^^
  File "C:\Users\Erica Gallogo\AppData\Local\Python\pythoncore-3.14-64\Lib\tkinter\ttk.py", line 1207, in get_children
    self.tk.call(self._w, "children", item or '') or ())
    ~~~~~~~~~~~~^^^^^^^^^^^^^^^^^^^^^^^^^^^^^^^^^
_tkinter.TclError: invalid command name ".!frame4.!canvas.!frame.!frame.!frame3.!frame2.!treeview"
2026-09-03 13:57:51 - ERROR - Dashboard refresh error: invalid command name ".!frame4.!canvas.!frame.!frame.!frame3.!frame2.!treeview"
Traceback (most recent call last):
  File "C:\Users\Erica Gallogo\OneDrive - National University\Desktop\MIDTERM\views\tracker_view.py", line 699, in load_data
    for item in self.tree.get_children():
                ~~~~~~~~~~~~~~~~~~~~~~^^
  File "C:\Users\Erica Gallogo\AppData\Local\Python\pythoncore-3.14-64\Lib\tkinter\ttk.py", line 1207, in get_children
    self.tk.call(self._w, "children", item or '') or ())
    ~~~~~~~~~~~~^^^^^^^^^^^^^^^^^^^^^^^^^^^^^^^^^
_tkinter.TclError: invalid command name ".!frame4.!canvas.!frame.!frame.!frame3.!frame2.!treeview"
2026-09-03 13:57:56 - ERROR - Dashboard refresh error: invalid command name ".!frame4.!canvas.!frame.!frame.!frame3.!frame2.!treeview"
Traceback (most recent call last):
  File "C:\Users\Erica Gallogo\OneDrive - National University\Desktop\MIDTERM\views\tracker_view.py", line 699, in load_data
    for item in self.tree.get_children():
                ~~~~~~~~~~~~~~~~~~~~~~^^
  File "C:\Users\Erica Gallogo\AppData\Local\Python\pythoncore-3.14-64\Lib\tkinter\ttk.py", line 1207, in get_children
    self.tk.call(self._w, "children", item or '') or ())
    ~~~~~~~~~~~~^^^^^^^^^^^^^^^^^^^^^^^^^^^^^^^^^
_tkinter.TclError: invalid command name ".!frame4.!canvas.!frame.!frame.!frame3.!frame2.!treeview"
2026-09-03 13:58:01 - ERROR - Dashboard refresh error: invalid command name ".!frame4.!canvas.!frame.!frame.!frame3.!frame2.!treeview"
Traceback (most recent call last):
  File "C:\Users\Erica Gallogo\OneDrive - National University\Desktop\MIDTERM\views\tracker_view.py", line 699, in load_data
    for item in self.tree.get_children():
                ~~~~~~~~~~~~~~~~~~~~~~^^
  File "C:\Users\Erica Gallogo\AppData\Local\Python\pythoncore-3.14-64\Lib\tkinter\ttk.py", line 1207, in get_children
    self.tk.call(self._w, "children", item or '') or ())
    ~~~~~~~~~~~~^^^^^^^^^^^^^^^^^^^^^^^^^^^^^^^^^
_tkinter.TclError: invalid command name ".!frame4.!canvas.!frame.!frame.!frame3.!frame2.!treeview"
2026-09-03 13:58:06 - ERROR - Dashboard refresh error: invalid command name ".!frame4.!canvas.!frame.!frame.!frame3.!frame2.!treeview"
Traceback (most recent call last):
  File "C:\Users\Erica Gallogo\OneDrive - National University\Desktop\MIDTERM\views\tracker_view.py", line 699, in load_data
    for item in self.tree.get_children():
                ~~~~~~~~~~~~~~~~~~~~~~^^
  File "C:\Users\Erica Gallogo\AppData\Local\Python\pythoncore-3.14-64\Lib\tkinter\ttk.py", line 1207, in get_children
    self.tk.call(self._w, "children", item or '') or ())
    ~~~~~~~~~~~~^^^^^^^^^^^^^^^^^^^^^^^^^^^^^^^^^
_tkinter.TclError: invalid command name ".!frame4.!canvas.!frame.!frame.!frame3.!frame2.!treeview"
2026-09-03 13:58:10 - INFO - User Logged Out: 'eca'
2026-09-03 13:58:11 - ERROR - Dashboard refresh error: invalid command name ".!frame4.!canvas.!frame.!frame.!frame3.!frame2.!treeview"
Traceback (most recent call last):
  File "C:\Users\Erica Gallogo\OneDrive - National University\Desktop\MIDTERM\views\tracker_view.py", line 699, in load_data
    for item in self.tree.get_children():
                ~~~~~~~~~~~~~~~~~~~~~~^^
  File "C:\Users\Erica Gallogo\AppData\Local\Python\pythoncore-3.14-64\Lib\tkinter\ttk.py", line 1207, in get_children
    self.tk.call(self._w, "children", item or '') or ())
    ~~~~~~~~~~~~^^^^^^^^^^^^^^^^^^^^^^^^^^^^^^^^^
_tkinter.TclError: invalid command name ".!frame4.!canvas.!frame.!frame.!frame3.!frame2.!treeview"
2026-09-03 13:58:11 - ERROR - Dashboard refresh error: invalid command name ".!frame8.!canvas.!frame.!frame.!frame3.!frame2.!treeview"
Traceback (most recent call last):
  File "C:\Users\Erica Gallogo\OneDrive - National University\Desktop\MIDTERM\views\tracker_view.py", line 699, in load_data
    for item in self.tree.get_children():
                ~~~~~~~~~~~~~~~~~~~~~~^^
  File "C:\Users\Erica Gallogo\AppData\Local\Python\pythoncore-3.14-64\Lib\tkinter\ttk.py", line 1207, in get_children
    self.tk.call(self._w, "children", item or '') or ())
    ~~~~~~~~~~~~^^^^^^^^^^^^^^^^^^^^^^^^^^^^^^^^^
_tkinter.TclError: invalid command name ".!frame8.!canvas.!frame.!frame.!frame3.!frame2.!treeview"
2026-09-03 13:58:16 - ERROR - Dashboard refresh error: invalid command name ".!frame4.!canvas.!frame.!frame.!frame3.!frame2.!treeview"
Traceback (most recent call last):
  File "C:\Users\Erica Gallogo\OneDrive - National University\Desktop\MIDTERM\views\tracker_view.py", line 699, in load_data
    for item in self.tree.get_children():
                ~~~~~~~~~~~~~~~~~~~~~~^^
  File "C:\Users\Erica Gallogo\AppData\Local\Python\pythoncore-3.14-64\Lib\tkinter\ttk.py", line 1207, in get_children
    self.tk.call(self._w, "children", item or '') or ())
    ~~~~~~~~~~~~^^^^^^^^^^^^^^^^^^^^^^^^^^^^^^^^^
_tkinter.TclError: invalid command name ".!frame4.!canvas.!frame.!frame.!frame3.!frame2.!treeview"
2026-09-03 13:58:16 - ERROR - Dashboard refresh error: invalid command name ".!frame8.!canvas.!frame.!frame.!frame3.!frame2.!treeview"
Traceback (most recent call last):
  File "C:\Users\Erica Gallogo\OneDrive - National University\Desktop\MIDTERM\views\tracker_view.py", line 699, in load_data
    for item in self.tree.get_children():
                ~~~~~~~~~~~~~~~~~~~~~~^^
  File "C:\Users\Erica Gallogo\AppData\Local\Python\pythoncore-3.14-64\Lib\tkinter\ttk.py", line 1207, in get_children
    self.tk.call(self._w, "children", item or '') or ())
    ~~~~~~~~~~~~^^^^^^^^^^^^^^^^^^^^^^^^^^^^^^^^^
_tkinter.TclError: invalid command name ".!frame8.!canvas.!frame.!frame.!frame3.!frame2.!treeview"
2026-09-03 13:58:21 - ERROR - Dashboard refresh error: invalid command name ".!frame4.!canvas.!frame.!frame.!frame3.!frame2.!treeview"
Traceback (most recent call last):
  File "C:\Users\Erica Gallogo\OneDrive - National University\Desktop\MIDTERM\views\tracker_view.py", line 699, in load_data
    for item in self.tree.get_children():
                ~~~~~~~~~~~~~~~~~~~~~~^^
  File "C:\Users\Erica Gallogo\AppData\Local\Python\pythoncore-3.14-64\Lib\tkinter\ttk.py", line 1207, in get_children
    self.tk.call(self._w, "children", item or '') or ())
    ~~~~~~~~~~~~^^^^^^^^^^^^^^^^^^^^^^^^^^^^^^^^^
_tkinter.TclError: invalid command name ".!frame4.!canvas.!frame.!frame.!frame3.!frame2.!treeview"
2026-09-03 13:58:21 - ERROR - Dashboard refresh error: invalid command name ".!frame8.!canvas.!frame.!frame.!frame3.!frame2.!treeview"
Traceback (most recent call last):
  File "C:\Users\Erica Gallogo\OneDrive - National University\Desktop\MIDTERM\views\tracker_view.py", line 699, in load_data
    for item in self.tree.get_children():
                ~~~~~~~~~~~~~~~~~~~~~~^^
  File "C:\Users\Erica Gallogo\AppData\Local\Python\pythoncore-3.14-64\Lib\tkinter\ttk.py", line 1207, in get_children
    self.tk.call(self._w, "children", item or '') or ())
    ~~~~~~~~~~~~^^^^^^^^^^^^^^^^^^^^^^^^^^^^^^^^^
_tkinter.TclError: invalid command name ".!frame8.!canvas.!frame.!frame.!frame3.!frame2.!treeview"
2026-09-03 13:58:24 - INFO - User Logged In: 'erica'
2026-09-03 13:58:26 - ERROR - Dashboard refresh error: invalid command name ".!frame4.!canvas.!frame.!frame.!frame3.!frame2.!treeview"
Traceback (most recent call last):
  File "C:\Users\Erica Gallogo\OneDrive - National University\Desktop\MIDTERM\views\tracker_view.py", line 699, in load_data
    for item in self.tree.get_children():
                ~~~~~~~~~~~~~~~~~~~~~~^^
  File "C:\Users\Erica Gallogo\AppData\Local\Python\pythoncore-3.14-64\Lib\tkinter\ttk.py", line 1207, in get_children
    self.tk.call(self._w, "children", item or '') or ())
    ~~~~~~~~~~~~^^^^^^^^^^^^^^^^^^^^^^^^^^^^^^^^^
_tkinter.TclError: invalid command name ".!frame4.!canvas.!frame.!frame.!frame3.!frame2.!treeview"
2026-09-03 13:58:26 - ERROR - Dashboard refresh error: invalid command name ".!frame8.!canvas.!frame.!frame.!frame3.!frame2.!treeview"
Traceback (most recent call last):
  File "C:\Users\Erica Gallogo\OneDrive - National University\Desktop\MIDTERM\views\tracker_view.py", line 699, in load_data
    for item in self.tree.get_children():
                ~~~~~~~~~~~~~~~~~~~~~~^^
  File "C:\Users\Erica Gallogo\AppData\Local\Python\pythoncore-3.14-64\Lib\tkinter\ttk.py", line 1207, in get_children
    self.tk.call(self._w, "children", item or '') or ())
    ~~~~~~~~~~~~^^^^^^^^^^^^^^^^^^^^^^^^^^^^^^^^^
_tkinter.TclError: invalid command name ".!frame8.!canvas.!frame.!frame.!frame3.!frame2.!treeview"
2026-09-03 13:58:31 - ERROR - Dashboard refresh error: invalid command name ".!frame4.!canvas.!frame.!frame.!frame3.!frame2.!treeview"
Traceback (most recent call last):
  File "C:\Users\Erica Gallogo\OneDrive - National University\Desktop\MIDTERM\views\tracker_view.py", line 699, in load_data
    for item in self.tree.get_children():
                ~~~~~~~~~~~~~~~~~~~~~~^^
  File "C:\Users\Erica Gallogo\AppData\Local\Python\pythoncore-3.14-64\Lib\tkinter\ttk.py", line 1207, in get_children
    self.tk.call(self._w, "children", item or '') or ())
    ~~~~~~~~~~~~^^^^^^^^^^^^^^^^^^^^^^^^^^^^^^^^^
_tkinter.TclError: invalid command name ".!frame4.!canvas.!frame.!frame.!frame3.!frame2.!treeview"
2026-09-03 13:58:32 - ERROR - Dashboard refresh error: invalid command name ".!frame8.!canvas.!frame.!frame.!frame3.!frame2.!treeview"
Traceback (most recent call last):
  File "C:\Users\Erica Gallogo\OneDrive - National University\Desktop\MIDTERM\views\tracker_view.py", line 699, in load_data
    for item in self.tree.get_children():
                ~~~~~~~~~~~~~~~~~~~~~~^^
  File "C:\Users\Erica Gallogo\AppData\Local\Python\pythoncore-3.14-64\Lib\tkinter\ttk.py", line 1207, in get_children
    self.tk.call(self._w, "children", item or '') or ())
    ~~~~~~~~~~~~^^^^^^^^^^^^^^^^^^^^^^^^^^^^^^^^^
_tkinter.TclError: invalid command name ".!frame8.!canvas.!frame.!frame.!frame3.!frame2.!treeview"
2026-09-03 13:58:36 - ERROR - Dashboard refresh error: invalid command name ".!frame4.!canvas.!frame.!frame.!frame3.!frame2.!treeview"
Traceback (most recent call last):
  File "C:\Users\Erica Gallogo\OneDrive - National University\Desktop\MIDTERM\views\tracker_view.py", line 699, in load_data
    for item in self.tree.get_children():
                ~~~~~~~~~~~~~~~~~~~~~~^^
  File "C:\Users\Erica Gallogo\AppData\Local\Python\pythoncore-3.14-64\Lib\tkinter\ttk.py", line 1207, in get_children
    self.tk.call(self._w, "children", item or '') or ())
    ~~~~~~~~~~~~^^^^^^^^^^^^^^^^^^^^^^^^^^^^^^^^^
_tkinter.TclError: invalid command name ".!frame4.!canvas.!frame.!frame.!frame3.!frame2.!treeview"
2026-09-03 13:58:37 - ERROR - Dashboard refresh error: invalid command name ".!frame8.!canvas.!frame.!frame.!frame3.!frame2.!treeview"
Traceback (most recent call last):
  File "C:\Users\Erica Gallogo\OneDrive - National University\Desktop\MIDTERM\views\tracker_view.py", line 699, in load_data
    for item in self.tree.get_children():
                ~~~~~~~~~~~~~~~~~~~~~~^^
  File "C:\Users\Erica Gallogo\AppData\Local\Python\pythoncore-3.14-64\Lib\tkinter\ttk.py", line 1207, in get_children
    self.tk.call(self._w, "children", item or '') or ())
    ~~~~~~~~~~~~^^^^^^^^^^^^^^^^^^^^^^^^^^^^^^^^^
_tkinter.TclError: invalid command name ".!frame8.!canvas.!frame.!frame.!frame3.!frame2.!treeview"
2026-09-03 13:58:41 - ERROR - Dashboard refresh error: invalid command name ".!frame4.!canvas.!frame.!frame.!frame3.!frame2.!treeview"
Traceback (most recent call last):
  File "C:\Users\Erica Gallogo\OneDrive - National University\Desktop\MIDTERM\views\tracker_view.py", line 699, in load_data
    for item in self.tree.get_children():
                ~~~~~~~~~~~~~~~~~~~~~~^^
  File "C:\Users\Erica Gallogo\AppData\Local\Python\pythoncore-3.14-64\Lib\tkinter\ttk.py", line 1207, in get_children
    self.tk.call(self._w, "children", item or '') or ())
    ~~~~~~~~~~~~^^^^^^^^^^^^^^^^^^^^^^^^^^^^^^^^^
_tkinter.TclError: invalid command name ".!frame4.!canvas.!frame.!frame.!frame3.!frame2.!treeview"
2026-09-03 13:58:42 - ERROR - Dashboard refresh error: invalid command name ".!frame8.!canvas.!frame.!frame.!frame3.!frame2.!treeview"
Traceback (most recent call last):
  File "C:\Users\Erica Gallogo\OneDrive - National University\Desktop\MIDTERM\views\tracker_view.py", line 699, in load_data
    for item in self.tree.get_children():
                ~~~~~~~~~~~~~~~~~~~~~~^^
  File "C:\Users\Erica Gallogo\AppData\Local\Python\pythoncore-3.14-64\Lib\tkinter\ttk.py", line 1207, in get_children
    self.tk.call(self._w, "children", item or '') or ())
    ~~~~~~~~~~~~^^^^^^^^^^^^^^^^^^^^^^^^^^^^^^^^^
_tkinter.TclError: invalid command name ".!frame8.!canvas.!frame.!frame.!frame3.!frame2.!treeview"
2026-09-03 13:58:46 - ERROR - Dashboard refresh error: invalid command name ".!frame4.!canvas.!frame.!frame.!frame3.!frame2.!treeview"
Traceback (most recent call last):
  File "C:\Users\Erica Gallogo\OneDrive - National University\Desktop\MIDTERM\views\tracker_view.py", line 699, in load_data
    for item in self.tree.get_children():
                ~~~~~~~~~~~~~~~~~~~~~~^^
  File "C:\Users\Erica Gallogo\AppData\Local\Python\pythoncore-3.14-64\Lib\tkinter\ttk.py", line 1207, in get_children
    self.tk.call(self._w, "children", item or '') or ())
    ~~~~~~~~~~~~^^^^^^^^^^^^^^^^^^^^^^^^^^^^^^^^^
_tkinter.TclError: invalid command name ".!frame4.!canvas.!frame.!frame.!frame3.!frame2.!treeview"
2026-09-03 13:58:47 - ERROR - Dashboard refresh error: invalid command name ".!frame8.!canvas.!frame.!frame.!frame3.!frame2.!treeview"
Traceback (most recent call last):
  File "C:\Users\Erica Gallogo\OneDrive - National University\Desktop\MIDTERM\views\tracker_view.py", line 699, in load_data
    for item in self.tree.get_children():
                ~~~~~~~~~~~~~~~~~~~~~~^^
  File "C:\Users\Erica Gallogo\AppData\Local\Python\pythoncore-3.14-64\Lib\tkinter\ttk.py", line 1207, in get_children
    self.tk.call(self._w, "children", item or '') or ())
    ~~~~~~~~~~~~^^^^^^^^^^^^^^^^^^^^^^^^^^^^^^^^^
_tkinter.TclError: invalid command name ".!frame8.!canvas.!frame.!frame.!frame3.!frame2.!treeview"
2026-09-03 13:58:51 - ERROR - Dashboard refresh error: invalid command name ".!frame4.!canvas.!frame.!frame.!frame3.!frame2.!treeview"
Traceback (most recent call last):
  File "C:\Users\Erica Gallogo\OneDrive - National University\Desktop\MIDTERM\views\tracker_view.py", line 699, in load_data
    for item in self.tree.get_children():
                ~~~~~~~~~~~~~~~~~~~~~~^^
  File "C:\Users\Erica Gallogo\AppData\Local\Python\pythoncore-3.14-64\Lib\tkinter\ttk.py", line 1207, in get_children
    self.tk.call(self._w, "children", item or '') or ())
    ~~~~~~~~~~~~^^^^^^^^^^^^^^^^^^^^^^^^^^^^^^^^^
_tkinter.TclError: invalid command name ".!frame4.!canvas.!frame.!frame.!frame3.!frame2.!treeview"
2026-09-03 13:58:52 - ERROR - Dashboard refresh error: invalid command name ".!frame8.!canvas.!frame.!frame.!frame3.!frame2.!treeview"
Traceback (most recent call last):
  File "C:\Users\Erica Gallogo\OneDrive - National University\Desktop\MIDTERM\views\tracker_view.py", line 699, in load_data
    for item in self.tree.get_children():
                ~~~~~~~~~~~~~~~~~~~~~~^^
  File "C:\Users\Erica Gallogo\AppData\Local\Python\pythoncore-3.14-64\Lib\tkinter\ttk.py", line 1207, in get_children
    self.tk.call(self._w, "children", item or '') or ())
    ~~~~~~~~~~~~^^^^^^^^^^^^^^^^^^^^^^^^^^^^^^^^^
_tkinter.TclError: invalid command name ".!frame8.!canvas.!frame.!frame.!frame3.!frame2.!treeview"
2026-09-03 13:58:56 - ERROR - Dashboard refresh error: invalid command name ".!frame4.!canvas.!frame.!frame.!frame3.!frame2.!treeview"
Traceback (most recent call last):
  File "C:\Users\Erica Gallogo\OneDrive - National University\Desktop\MIDTERM\views\tracker_view.py", line 699, in load_data
    for item in self.tree.get_children():
                ~~~~~~~~~~~~~~~~~~~~~~^^
  File "C:\Users\Erica Gallogo\AppData\Local\Python\pythoncore-3.14-64\Lib\tkinter\ttk.py", line 1207, in get_children
    self.tk.call(self._w, "children", item or '') or ())
    ~~~~~~~~~~~~^^^^^^^^^^^^^^^^^^^^^^^^^^^^^^^^^
_tkinter.TclError: invalid command name ".!frame4.!canvas.!frame.!frame.!frame3.!frame2.!treeview"
2026-09-03 13:58:57 - ERROR - Dashboard refresh error: invalid command name ".!frame8.!canvas.!frame.!frame.!frame3.!frame2.!treeview"
Traceback (most recent call last):
  File "C:\Users\Erica Gallogo\OneDrive - National University\Desktop\MIDTERM\views\tracker_view.py", line 699, in load_data
    for item in self.tree.get_children():
                ~~~~~~~~~~~~~~~~~~~~~~^^
  File "C:\Users\Erica Gallogo\AppData\Local\Python\pythoncore-3.14-64\Lib\tkinter\ttk.py", line 1207, in get_children
    self.tk.call(self._w, "children", item or '') or ())
    ~~~~~~~~~~~~^^^^^^^^^^^^^^^^^^^^^^^^^^^^^^^^^
_tkinter.TclError: invalid command name ".!frame8.!canvas.!frame.!frame.!frame3.!frame2.!treeview"
2026-09-03 13:58:58 - INFO - Password changed: 'erica'
2026-09-03 13:59:01 - ERROR - Dashboard refresh error: invalid command name ".!frame4.!canvas.!frame.!frame.!frame3.!frame2.!treeview"
Traceback (most recent call last):
  File "C:\Users\Erica Gallogo\OneDrive - National University\Desktop\MIDTERM\views\tracker_view.py", line 699, in load_data
    for item in self.tree.get_children():
                ~~~~~~~~~~~~~~~~~~~~~~^^
  File "C:\Users\Erica Gallogo\AppData\Local\Python\pythoncore-3.14-64\Lib\tkinter\ttk.py", line 1207, in get_children
    self.tk.call(self._w, "children", item or '') or ())
    ~~~~~~~~~~~~^^^^^^^^^^^^^^^^^^^^^^^^^^^^^^^^^
_tkinter.TclError: invalid command name ".!frame4.!canvas.!frame.!frame.!frame3.!frame2.!treeview"
2026-09-03 13:59:02 - ERROR - Dashboard refresh error: invalid command name ".!frame8.!canvas.!frame.!frame.!frame3.!frame2.!treeview"
Traceback (most recent call last):
  File "C:\Users\Erica Gallogo\OneDrive - National University\Desktop\MIDTERM\views\tracker_view.py", line 699, in load_data
    for item in self.tree.get_children():
                ~~~~~~~~~~~~~~~~~~~~~~^^
  File "C:\Users\Erica Gallogo\AppData\Local\Python\pythoncore-3.14-64\Lib\tkinter\ttk.py", line 1207, in get_children
    self.tk.call(self._w, "children", item or '') or ())
    ~~~~~~~~~~~~^^^^^^^^^^^^^^^^^^^^^^^^^^^^^^^^^
_tkinter.TclError: invalid command name ".!frame8.!canvas.!frame.!frame.!frame3.!frame2.!treeview"
2026-09-03 13:59:06 - ERROR - Dashboard refresh error: invalid command name ".!frame4.!canvas.!frame.!frame.!frame3.!frame2.!treeview"
Traceback (most recent call last):
  File "C:\Users\Erica Gallogo\OneDrive - National University\Desktop\MIDTERM\views\tracker_view.py", line 699, in load_data
    for item in self.tree.get_children():
                ~~~~~~~~~~~~~~~~~~~~~~^^
  File "C:\Users\Erica Gallogo\AppData\Local\Python\pythoncore-3.14-64\Lib\tkinter\ttk.py", line 1207, in get_children
    self.tk.call(self._w, "children", item or '') or ())
    ~~~~~~~~~~~~^^^^^^^^^^^^^^^^^^^^^^^^^^^^^^^^^
_tkinter.TclError: invalid command name ".!frame4.!canvas.!frame.!frame.!frame3.!frame2.!treeview"
2026-09-03 13:59:07 - ERROR - Dashboard refresh error: invalid command name ".!frame8.!canvas.!frame.!frame.!frame3.!frame2.!treeview"
Traceback (most recent call last):
  File "C:\Users\Erica Gallogo\OneDrive - National University\Desktop\MIDTERM\views\tracker_view.py", line 699, in load_data
    for item in self.tree.get_children():
                ~~~~~~~~~~~~~~~~~~~~~~^^
  File "C:\Users\Erica Gallogo\AppData\Local\Python\pythoncore-3.14-64\Lib\tkinter\ttk.py", line 1207, in get_children
    self.tk.call(self._w, "children", item or '') or ())
    ~~~~~~~~~~~~^^^^^^^^^^^^^^^^^^^^^^^^^^^^^^^^^
_tkinter.TclError: invalid command name ".!frame8.!canvas.!frame.!frame.!frame3.!frame2.!treeview"
2026-09-03 13:59:10 - INFO - User Logged Out: 'erica'
2026-09-03 13:59:11 - ERROR - Dashboard refresh error: invalid command name ".!frame12.!canvas.!frame.!frame.!frame3.!frame2.!treeview"
Traceback (most recent call last):
  File "C:\Users\Erica Gallogo\OneDrive - National University\Desktop\MIDTERM\views\tracker_view.py", line 699, in load_data
    for item in self.tree.get_children():
                ~~~~~~~~~~~~~~~~~~~~~~^^
  File "C:\Users\Erica Gallogo\AppData\Local\Python\pythoncore-3.14-64\Lib\tkinter\ttk.py", line 1207, in get_children
    self.tk.call(self._w, "children", item or '') or ())
    ~~~~~~~~~~~~^^^^^^^^^^^^^^^^^^^^^^^^^^^^^^^^^
_tkinter.TclError: invalid command name ".!frame12.!canvas.!frame.!frame.!frame3.!frame2.!treeview"
2026-09-03 13:59:11 - ERROR - Dashboard refresh error: invalid command name ".!frame4.!canvas.!frame.!frame.!frame3.!frame2.!treeview"
Traceback (most recent call last):
  File "C:\Users\Erica Gallogo\OneDrive - National University\Desktop\MIDTERM\views\tracker_view.py", line 699, in load_data
    for item in self.tree.get_children():
                ~~~~~~~~~~~~~~~~~~~~~~^^
  File "C:\Users\Erica Gallogo\AppData\Local\Python\pythoncore-3.14-64\Lib\tkinter\ttk.py", line 1207, in get_children
    self.tk.call(self._w, "children", item or '') or ())
    ~~~~~~~~~~~~^^^^^^^^^^^^^^^^^^^^^^^^^^^^^^^^^
_tkinter.TclError: invalid command name ".!frame4.!canvas.!frame.!frame.!frame3.!frame2.!treeview"
2026-09-03 13:59:12 - ERROR - Dashboard refresh error: invalid command name ".!frame8.!canvas.!frame.!frame.!frame3.!frame2.!treeview"
Traceback (most recent call last):
  File "C:\Users\Erica Gallogo\OneDrive - National University\Desktop\MIDTERM\views\tracker_view.py", line 699, in load_data
    for item in self.tree.get_children():
                ~~~~~~~~~~~~~~~~~~~~~~^^
  File "C:\Users\Erica Gallogo\AppData\Local\Python\pythoncore-3.14-64\Lib\tkinter\ttk.py", line 1207, in get_children
    self.tk.call(self._w, "children", item or '') or ())
    ~~~~~~~~~~~~^^^^^^^^^^^^^^^^^^^^^^^^^^^^^^^^^
_tkinter.TclError: invalid command name ".!frame8.!canvas.!frame.!frame.!frame3.!frame2.!treeview"
2026-09-03 13:59:16 - ERROR - Dashboard refresh error: invalid command name ".!frame12.!canvas.!frame.!frame.!frame3.!frame2.!treeview"
Traceback (most recent call last):
  File "C:\Users\Erica Gallogo\OneDrive - National University\Desktop\MIDTERM\views\tracker_view.py", line 699, in load_data
    for item in self.tree.get_children():
                ~~~~~~~~~~~~~~~~~~~~~~^^
  File "C:\Users\Erica Gallogo\AppData\Local\Python\pythoncore-3.14-64\Lib\tkinter\ttk.py", line 1207, in get_children
    self.tk.call(self._w, "children", item or '') or ())
    ~~~~~~~~~~~~^^^^^^^^^^^^^^^^^^^^^^^^^^^^^^^^^
_tkinter.TclError: invalid command name ".!frame12.!canvas.!frame.!frame.!frame3.!frame2.!treeview"
2026-09-03 13:59:16 - ERROR - Dashboard refresh error: invalid command name ".!frame4.!canvas.!frame.!frame.!frame3.!frame2.!treeview"
Traceback (most recent call last):
  File "C:\Users\Erica Gallogo\OneDrive - National University\Desktop\MIDTERM\views\tracker_view.py", line 699, in load_data
    for item in self.tree.get_children():
                ~~~~~~~~~~~~~~~~~~~~~~^^
  File "C:\Users\Erica Gallogo\AppData\Local\Python\pythoncore-3.14-64\Lib\tkinter\ttk.py", line 1207, in get_children
    self.tk.call(self._w, "children", item or '') or ())
    ~~~~~~~~~~~~^^^^^^^^^^^^^^^^^^^^^^^^^^^^^^^^^
_tkinter.TclError: invalid command name ".!frame4.!canvas.!frame.!frame.!frame3.!frame2.!treeview"
2026-09-03 13:59:17 - ERROR - Dashboard refresh error: invalid command name ".!frame8.!canvas.!frame.!frame.!frame3.!frame2.!treeview"
Traceback (most recent call last):
  File "C:\Users\Erica Gallogo\OneDrive - National University\Desktop\MIDTERM\views\tracker_view.py", line 699, in load_data
    for item in self.tree.get_children():
                ~~~~~~~~~~~~~~~~~~~~~~^^
  File "C:\Users\Erica Gallogo\AppData\Local\Python\pythoncore-3.14-64\Lib\tkinter\ttk.py", line 1207, in get_children
    self.tk.call(self._w, "children", item or '') or ())
    ~~~~~~~~~~~~^^^^^^^^^^^^^^^^^^^^^^^^^^^^^^^^^
_tkinter.TclError: invalid command name ".!frame8.!canvas.!frame.!frame.!frame3.!frame2.!treeview"
2026-09-03 13:59:21 - ERROR - Dashboard refresh error: invalid command name ".!frame12.!canvas.!frame.!frame.!frame3.!frame2.!treeview"
Traceback (most recent call last):
  File "C:\Users\Erica Gallogo\OneDrive - National University\Desktop\MIDTERM\views\tracker_view.py", line 699, in load_data
    for item in self.tree.get_children():
                ~~~~~~~~~~~~~~~~~~~~~~^^
  File "C:\Users\Erica Gallogo\AppData\Local\Python\pythoncore-3.14-64\Lib\tkinter\ttk.py", line 1207, in get_children
    self.tk.call(self._w, "children", item or '') or ())
    ~~~~~~~~~~~~^^^^^^^^^^^^^^^^^^^^^^^^^^^^^^^^^
_tkinter.TclError: invalid command name ".!frame12.!canvas.!frame.!frame.!frame3.!frame2.!treeview"
2026-09-03 13:59:21 - ERROR - Dashboard refresh error: invalid command name ".!frame4.!canvas.!frame.!frame.!frame3.!frame2.!treeview"
Traceback (most recent call last):
  File "C:\Users\Erica Gallogo\OneDrive - National University\Desktop\MIDTERM\views\tracker_view.py", line 699, in load_data
    for item in self.tree.get_children():
                ~~~~~~~~~~~~~~~~~~~~~~^^
  File "C:\Users\Erica Gallogo\AppData\Local\Python\pythoncore-3.14-64\Lib\tkinter\ttk.py", line 1207, in get_children
    self.tk.call(self._w, "children", item or '') or ())
    ~~~~~~~~~~~~^^^^^^^^^^^^^^^^^^^^^^^^^^^^^^^^^
_tkinter.TclError: invalid command name ".!frame4.!canvas.!frame.!frame.!frame3.!frame2.!treeview"
2026-09-03 13:59:22 - ERROR - Dashboard refresh error: invalid command name ".!frame8.!canvas.!frame.!frame.!frame3.!frame2.!treeview"
Traceback (most recent call last):
  File "C:\Users\Erica Gallogo\OneDrive - National University\Desktop\MIDTERM\views\tracker_view.py", line 699, in load_data
    for item in self.tree.get_children():
                ~~~~~~~~~~~~~~~~~~~~~~^^
  File "C:\Users\Erica Gallogo\AppData\Local\Python\pythoncore-3.14-64\Lib\tkinter\ttk.py", line 1207, in get_children
    self.tk.call(self._w, "children", item or '') or ())
    ~~~~~~~~~~~~^^^^^^^^^^^^^^^^^^^^^^^^^^^^^^^^^
_tkinter.TclError: invalid command name ".!frame8.!canvas.!frame.!frame.!frame3.!frame2.!treeview"
2026-09-03 13:59:26 - ERROR - Dashboard refresh error: invalid command name ".!frame12.!canvas.!frame.!frame.!frame3.!frame2.!treeview"
Traceback (most recent call last):
  File "C:\Users\Erica Gallogo\OneDrive - National University\Desktop\MIDTERM\views\tracker_view.py", line 699, in load_data
    for item in self.tree.get_children():
                ~~~~~~~~~~~~~~~~~~~~~~^^
  File "C:\Users\Erica Gallogo\AppData\Local\Python\pythoncore-3.14-64\Lib\tkinter\ttk.py", line 1207, in get_children
    self.tk.call(self._w, "children", item or '') or ())
    ~~~~~~~~~~~~^^^^^^^^^^^^^^^^^^^^^^^^^^^^^^^^^
_tkinter.TclError: invalid command name ".!frame12.!canvas.!frame.!frame.!frame3.!frame2.!treeview"
2026-09-03 13:59:26 - ERROR - Dashboard refresh error: invalid command name ".!frame4.!canvas.!frame.!frame.!frame3.!frame2.!treeview"
Traceback (most recent call last):
  File "C:\Users\Erica Gallogo\OneDrive - National University\Desktop\MIDTERM\views\tracker_view.py", line 699, in load_data
    for item in self.tree.get_children():
                ~~~~~~~~~~~~~~~~~~~~~~^^
  File "C:\Users\Erica Gallogo\AppData\Local\Python\pythoncore-3.14-64\Lib\tkinter\ttk.py", line 1207, in get_children
    self.tk.call(self._w, "children", item or '') or ())
    ~~~~~~~~~~~~^^^^^^^^^^^^^^^^^^^^^^^^^^^^^^^^^
_tkinter.TclError: invalid command name ".!frame4.!canvas.!frame.!frame.!frame3.!frame2.!treeview"
2026-09-03 13:59:27 - ERROR - Dashboard refresh error: invalid command name ".!frame8.!canvas.!frame.!frame.!frame3.!frame2.!treeview"
Traceback (most recent call last):
  File "C:\Users\Erica Gallogo\OneDrive - National University\Desktop\MIDTERM\views\tracker_view.py", line 699, in load_data
    for item in self.tree.get_children():
                ~~~~~~~~~~~~~~~~~~~~~~^^
  File "C:\Users\Erica Gallogo\AppData\Local\Python\pythoncore-3.14-64\Lib\tkinter\ttk.py", line 1207, in get_children
    self.tk.call(self._w, "children", item or '') or ())
    ~~~~~~~~~~~~^^^^^^^^^^^^^^^^^^^^^^^^^^^^^^^^^
_tkinter.TclError: invalid command name ".!frame8.!canvas.!frame.!frame.!frame3.!frame2.!treeview"
2026-09-03 13:59:30 - INFO - User Logged In: 'eca'
2026-09-03 13:59:31 - ERROR - Dashboard refresh error: invalid command name ".!frame12.!canvas.!frame.!frame.!frame3.!frame2.!treeview"
Traceback (most recent call last):
  File "C:\Users\Erica Gallogo\OneDrive - National University\Desktop\MIDTERM\views\tracker_view.py", line 699, in load_data
    for item in self.tree.get_children():
                ~~~~~~~~~~~~~~~~~~~~~~^^
  File "C:\Users\Erica Gallogo\AppData\Local\Python\pythoncore-3.14-64\Lib\tkinter\ttk.py", line 1207, in get_children
    self.tk.call(self._w, "children", item or '') or ())
    ~~~~~~~~~~~~^^^^^^^^^^^^^^^^^^^^^^^^^^^^^^^^^
_tkinter.TclError: invalid command name ".!frame12.!canvas.!frame.!frame.!frame3.!frame2.!treeview"
2026-09-03 13:59:31 - ERROR - Dashboard refresh error: invalid command name ".!frame4.!canvas.!frame.!frame.!frame3.!frame2.!treeview"
Traceback (most recent call last):
  File "C:\Users\Erica Gallogo\OneDrive - National University\Desktop\MIDTERM\views\tracker_view.py", line 699, in load_data
    for item in self.tree.get_children():
                ~~~~~~~~~~~~~~~~~~~~~~^^
  File "C:\Users\Erica Gallogo\AppData\Local\Python\pythoncore-3.14-64\Lib\tkinter\ttk.py", line 1207, in get_children
    self.tk.call(self._w, "children", item or '') or ())
    ~~~~~~~~~~~~^^^^^^^^^^^^^^^^^^^^^^^^^^^^^^^^^
_tkinter.TclError: invalid command name ".!frame4.!canvas.!frame.!frame.!frame3.!frame2.!treeview"
2026-09-03 13:59:32 - ERROR - Dashboard refresh error: invalid command name ".!frame8.!canvas.!frame.!frame.!frame3.!frame2.!treeview"
Traceback (most recent call last):
  File "C:\Users\Erica Gallogo\OneDrive - National University\Desktop\MIDTERM\views\tracker_view.py", line 699, in load_data
    for item in self.tree.get_children():
                ~~~~~~~~~~~~~~~~~~~~~~^^
  File "C:\Users\Erica Gallogo\AppData\Local\Python\pythoncore-3.14-64\Lib\tkinter\ttk.py", line 1207, in get_children
    self.tk.call(self._w, "children", item or '') or ())
    ~~~~~~~~~~~~^^^^^^^^^^^^^^^^^^^^^^^^^^^^^^^^^
_tkinter.TclError: invalid command name ".!frame8.!canvas.!frame.!frame.!frame3.!frame2.!treeview"
2026-09-03 13:59:36 - ERROR - Dashboard refresh error: invalid command name ".!frame12.!canvas.!frame.!frame.!frame3.!frame2.!treeview"
Traceback (most recent call last):
  File "C:\Users\Erica Gallogo\OneDrive - National University\Desktop\MIDTERM\views\tracker_view.py", line 699, in load_data
    for item in self.tree.get_children():
                ~~~~~~~~~~~~~~~~~~~~~~^^
  File "C:\Users\Erica Gallogo\AppData\Local\Python\pythoncore-3.14-64\Lib\tkinter\ttk.py", line 1207, in get_children
    self.tk.call(self._w, "children", item or '') or ())
    ~~~~~~~~~~~~^^^^^^^^^^^^^^^^^^^^^^^^^^^^^^^^^
_tkinter.TclError: invalid command name ".!frame12.!canvas.!frame.!frame.!frame3.!frame2.!treeview"
2026-09-03 13:59:36 - ERROR - Dashboard refresh error: invalid command name ".!frame4.!canvas.!frame.!frame.!frame3.!frame2.!treeview"
Traceback (most recent call last):
  File "C:\Users\Erica Gallogo\OneDrive - National University\Desktop\MIDTERM\views\tracker_view.py", line 699, in load_data
    for item in self.tree.get_children():
                ~~~~~~~~~~~~~~~~~~~~~~^^
  File "C:\Users\Erica Gallogo\AppData\Local\Python\pythoncore-3.14-64\Lib\tkinter\ttk.py", line 1207, in get_children
    self.tk.call(self._w, "children", item or '') or ())
    ~~~~~~~~~~~~^^^^^^^^^^^^^^^^^^^^^^^^^^^^^^^^^
_tkinter.TclError: invalid command name ".!frame4.!canvas.!frame.!frame.!frame3.!frame2.!treeview"
2026-09-03 13:59:37 - ERROR - Dashboard refresh error: invalid command name ".!frame8.!canvas.!frame.!frame.!frame3.!frame2.!treeview"
Traceback (most recent call last):
  File "C:\Users\Erica Gallogo\OneDrive - National University\Desktop\MIDTERM\views\tracker_view.py", line 699, in load_data
    for item in self.tree.get_children():
                ~~~~~~~~~~~~~~~~~~~~~~^^
  File "C:\Users\Erica Gallogo\AppData\Local\Python\pythoncore-3.14-64\Lib\tkinter\ttk.py", line 1207, in get_children
    self.tk.call(self._w, "children", item or '') or ())
    ~~~~~~~~~~~~^^^^^^^^^^^^^^^^^^^^^^^^^^^^^^^^^
_tkinter.TclError: invalid command name ".!frame8.!canvas.!frame.!frame.!frame3.!frame2.!treeview"
2026-09-03 13:59:41 - ERROR - Dashboard refresh error: invalid command name ".!frame12.!canvas.!frame.!frame.!frame3.!frame2.!treeview"
Traceback (most recent call last):
  File "C:\Users\Erica Gallogo\OneDrive - National University\Desktop\MIDTERM\views\tracker_view.py", line 699, in load_data
    for item in self.tree.get_children():
                ~~~~~~~~~~~~~~~~~~~~~~^^
  File "C:\Users\Erica Gallogo\AppData\Local\Python\pythoncore-3.14-64\Lib\tkinter\ttk.py", line 1207, in get_children
    self.tk.call(self._w, "children", item or '') or ())
    ~~~~~~~~~~~~^^^^^^^^^^^^^^^^^^^^^^^^^^^^^^^^^
_tkinter.TclError: invalid command name ".!frame12.!canvas.!frame.!frame.!frame3.!frame2.!treeview"
2026-09-03 13:59:41 - ERROR - Dashboard refresh error: invalid command name ".!frame4.!canvas.!frame.!frame.!frame3.!frame2.!treeview"
Traceback (most recent call last):
  File "C:\Users\Erica Gallogo\OneDrive - National University\Desktop\MIDTERM\views\tracker_view.py", line 699, in load_data
    for item in self.tree.get_children():
                ~~~~~~~~~~~~~~~~~~~~~~^^
  File "C:\Users\Erica Gallogo\AppData\Local\Python\pythoncore-3.14-64\Lib\tkinter\ttk.py", line 1207, in get_children
    self.tk.call(self._w, "children", item or '') or ())
    ~~~~~~~~~~~~^^^^^^^^^^^^^^^^^^^^^^^^^^^^^^^^^
_tkinter.TclError: invalid command name ".!frame4.!canvas.!frame.!frame.!frame3.!frame2.!treeview"
2026-09-03 13:59:42 - ERROR - Dashboard refresh error: invalid command name ".!frame8.!canvas.!frame.!frame.!frame3.!frame2.!treeview"
Traceback (most recent call last):
  File "C:\Users\Erica Gallogo\OneDrive - National University\Desktop\MIDTERM\views\tracker_view.py", line 699, in load_data
    for item in self.tree.get_children():
                ~~~~~~~~~~~~~~~~~~~~~~^^
  File "C:\Users\Erica Gallogo\AppData\Local\Python\pythoncore-3.14-64\Lib\tkinter\ttk.py", line 1207, in get_children
    self.tk.call(self._w, "children", item or '') or ())
    ~~~~~~~~~~~~^^^^^^^^^^^^^^^^^^^^^^^^^^^^^^^^^
_tkinter.TclError: invalid command name ".!frame8.!canvas.!frame.!frame.!frame3.!frame2.!treeview"
2026-09-03 13:59:46 - ERROR - Dashboard refresh error: invalid command name ".!frame12.!canvas.!frame.!frame.!frame3.!frame2.!treeview"
Traceback (most recent call last):
  File "C:\Users\Erica Gallogo\OneDrive - National University\Desktop\MIDTERM\views\tracker_view.py", line 699, in load_data
    for item in self.tree.get_children():
                ~~~~~~~~~~~~~~~~~~~~~~^^
  File "C:\Users\Erica Gallogo\AppData\Local\Python\pythoncore-3.14-64\Lib\tkinter\ttk.py", line 1207, in get_children
    self.tk.call(self._w, "children", item or '') or ())
    ~~~~~~~~~~~~^^^^^^^^^^^^^^^^^^^^^^^^^^^^^^^^^
_tkinter.TclError: invalid command name ".!frame12.!canvas.!frame.!frame.!frame3.!frame2.!treeview"
2026-09-03 13:59:46 - ERROR - Dashboard refresh error: invalid command name ".!frame4.!canvas.!frame.!frame.!frame3.!frame2.!treeview"
Traceback (most recent call last):
  File "C:\Users\Erica Gallogo\OneDrive - National University\Desktop\MIDTERM\views\tracker_view.py", line 699, in load_data
    for item in self.tree.get_children():
                ~~~~~~~~~~~~~~~~~~~~~~^^
  File "C:\Users\Erica Gallogo\AppData\Local\Python\pythoncore-3.14-64\Lib\tkinter\ttk.py", line 1207, in get_children
    self.tk.call(self._w, "children", item or '') or ())
    ~~~~~~~~~~~~^^^^^^^^^^^^^^^^^^^^^^^^^^^^^^^^^
_tkinter.TclError: invalid command name ".!frame4.!canvas.!frame.!frame.!frame3.!frame2.!treeview"
2026-09-03 13:59:47 - ERROR - Dashboard refresh error: invalid command name ".!frame8.!canvas.!frame.!frame.!frame3.!frame2.!treeview"
Traceback (most recent call last):
  File "C:\Users\Erica Gallogo\OneDrive - National University\Desktop\MIDTERM\views\tracker_view.py", line 699, in load_data
    for item in self.tree.get_children():
                ~~~~~~~~~~~~~~~~~~~~~~^^
  File "C:\Users\Erica Gallogo\AppData\Local\Python\pythoncore-3.14-64\Lib\tkinter\ttk.py", line 1207, in get_children
    self.tk.call(self._w, "children", item or '') or ())
    ~~~~~~~~~~~~^^^^^^^^^^^^^^^^^^^^^^^^^^^^^^^^^
_tkinter.TclError: invalid command name ".!frame8.!canvas.!frame.!frame.!frame3.!frame2.!treeview"
2026-09-03 13:59:51 - ERROR - Dashboard refresh error: invalid command name ".!frame12.!canvas.!frame.!frame.!frame3.!frame2.!treeview"
Traceback (most recent call last):
  File "C:\Users\Erica Gallogo\OneDrive - National University\Desktop\MIDTERM\views\tracker_view.py", line 699, in load_data
    for item in self.tree.get_children():
                ~~~~~~~~~~~~~~~~~~~~~~^^
  File "C:\Users\Erica Gallogo\AppData\Local\Python\pythoncore-3.14-64\Lib\tkinter\ttk.py", line 1207, in get_children
    self.tk.call(self._w, "children", item or '') or ())
    ~~~~~~~~~~~~^^^^^^^^^^^^^^^^^^^^^^^^^^^^^^^^^
_tkinter.TclError: invalid command name ".!frame12.!canvas.!frame.!frame.!frame3.!frame2.!treeview"
2026-09-03 13:59:51 - ERROR - Dashboard refresh error: invalid command name ".!frame4.!canvas.!frame.!frame.!frame3.!frame2.!treeview"
Traceback (most recent call last):
  File "C:\Users\Erica Gallogo\OneDrive - National University\Desktop\MIDTERM\views\tracker_view.py", line 699, in load_data
    for item in self.tree.get_children():
                ~~~~~~~~~~~~~~~~~~~~~~^^
  File "C:\Users\Erica Gallogo\AppData\Local\Python\pythoncore-3.14-64\Lib\tkinter\ttk.py", line 1207, in get_children
    self.tk.call(self._w, "children", item or '') or ())
    ~~~~~~~~~~~~^^^^^^^^^^^^^^^^^^^^^^^^^^^^^^^^^
_tkinter.TclError: invalid command name ".!frame4.!canvas.!frame.!frame.!frame3.!frame2.!treeview"
2026-09-03 13:59:52 - ERROR - Dashboard refresh error: invalid command name ".!frame8.!canvas.!frame.!frame.!frame3.!frame2.!treeview"
Traceback (most recent call last):
  File "C:\Users\Erica Gallogo\OneDrive - National University\Desktop\MIDTERM\views\tracker_view.py", line 699, in load_data
    for item in self.tree.get_children():
                ~~~~~~~~~~~~~~~~~~~~~~^^
  File "C:\Users\Erica Gallogo\AppData\Local\Python\pythoncore-3.14-64\Lib\tkinter\ttk.py", line 1207, in get_children
    self.tk.call(self._w, "children", item or '') or ())
    ~~~~~~~~~~~~^^^^^^^^^^^^^^^^^^^^^^^^^^^^^^^^^
_tkinter.TclError: invalid command name ".!frame8.!canvas.!frame.!frame.!frame3.!frame2.!treeview"
2026-09-03 13:59:56 - ERROR - Dashboard refresh error: invalid command name ".!frame12.!canvas.!frame.!frame.!frame3.!frame2.!treeview"
Traceback (most recent call last):
  File "C:\Users\Erica Gallogo\OneDrive - National University\Desktop\MIDTERM\views\tracker_view.py", line 699, in load_data
    for item in self.tree.get_children():
                ~~~~~~~~~~~~~~~~~~~~~~^^
  File "C:\Users\Erica Gallogo\AppData\Local\Python\pythoncore-3.14-64\Lib\tkinter\ttk.py", line 1207, in get_children
    self.tk.call(self._w, "children", item or '') or ())
    ~~~~~~~~~~~~^^^^^^^^^^^^^^^^^^^^^^^^^^^^^^^^^
_tkinter.TclError: invalid command name ".!frame12.!canvas.!frame.!frame.!frame3.!frame2.!treeview"
2026-09-03 13:59:56 - ERROR - Dashboard refresh error: invalid command name ".!frame4.!canvas.!frame.!frame.!frame3.!frame2.!treeview"
Traceback (most recent call last):
  File "C:\Users\Erica Gallogo\OneDrive - National University\Desktop\MIDTERM\views\tracker_view.py", line 699, in load_data
    for item in self.tree.get_children():
                ~~~~~~~~~~~~~~~~~~~~~~^^
  File "C:\Users\Erica Gallogo\AppData\Local\Python\pythoncore-3.14-64\Lib\tkinter\ttk.py", line 1207, in get_children
    self.tk.call(self._w, "children", item or '') or ())
    ~~~~~~~~~~~~^^^^^^^^^^^^^^^^^^^^^^^^^^^^^^^^^
_tkinter.TclError: invalid command name ".!frame4.!canvas.!frame.!frame.!frame3.!frame2.!treeview"
2026-09-03 13:59:57 - ERROR - Dashboard refresh error: invalid command name ".!frame8.!canvas.!frame.!frame.!frame3.!frame2.!treeview"
Traceback (most recent call last):
  File "C:\Users\Erica Gallogo\OneDrive - National University\Desktop\MIDTERM\views\tracker_view.py", line 699, in load_data
    for item in self.tree.get_children():
                ~~~~~~~~~~~~~~~~~~~~~~^^
  File "C:\Users\Erica Gallogo\AppData\Local\Python\pythoncore-3.14-64\Lib\tkinter\ttk.py", line 1207, in get_children
    self.tk.call(self._w, "children", item or '') or ())
    ~~~~~~~~~~~~^^^^^^^^^^^^^^^^^^^^^^^^^^^^^^^^^
_tkinter.TclError: invalid command name ".!frame8.!canvas.!frame.!frame.!frame3.!frame2.!treeview"
2026-09-03 14:00:01 - ERROR - Dashboard refresh error: invalid command name ".!frame12.!canvas.!frame.!frame.!frame3.!frame2.!treeview"
Traceback (most recent call last):
  File "C:\Users\Erica Gallogo\OneDrive - National University\Desktop\MIDTERM\views\tracker_view.py", line 699, in load_data
    for item in self.tree.get_children():
                ~~~~~~~~~~~~~~~~~~~~~~^^
  File "C:\Users\Erica Gallogo\AppData\Local\Python\pythoncore-3.14-64\Lib\tkinter\ttk.py", line 1207, in get_children
    self.tk.call(self._w, "children", item or '') or ())
    ~~~~~~~~~~~~^^^^^^^^^^^^^^^^^^^^^^^^^^^^^^^^^
_tkinter.TclError: invalid command name ".!frame12.!canvas.!frame.!frame.!frame3.!frame2.!treeview"
2026-09-03 14:00:01 - ERROR - Dashboard refresh error: invalid command name ".!frame4.!canvas.!frame.!frame.!frame3.!frame2.!treeview"
Traceback (most recent call last):
  File "C:\Users\Erica Gallogo\OneDrive - National University\Desktop\MIDTERM\views\tracker_view.py", line 699, in load_data
    for item in self.tree.get_children():
                ~~~~~~~~~~~~~~~~~~~~~~^^
  File "C:\Users\Erica Gallogo\AppData\Local\Python\pythoncore-3.14-64\Lib\tkinter\ttk.py", line 1207, in get_children
    self.tk.call(self._w, "children", item or '') or ())
    ~~~~~~~~~~~~^^^^^^^^^^^^^^^^^^^^^^^^^^^^^^^^^
_tkinter.TclError: invalid command name ".!frame4.!canvas.!frame.!frame.!frame3.!frame2.!treeview"
2026-09-03 14:00:02 - ERROR - Dashboard refresh error: invalid command name ".!frame8.!canvas.!frame.!frame.!frame3.!frame2.!treeview"
Traceback (most recent call last):
  File "C:\Users\Erica Gallogo\OneDrive - National University\Desktop\MIDTERM\views\tracker_view.py", line 699, in load_data
    for item in self.tree.get_children():
                ~~~~~~~~~~~~~~~~~~~~~~^^
  File "C:\Users\Erica Gallogo\AppData\Local\Python\pythoncore-3.14-64\Lib\tkinter\ttk.py", line 1207, in get_children
    self.tk.call(self._w, "children", item or '') or ())
    ~~~~~~~~~~~~^^^^^^^^^^^^^^^^^^^^^^^^^^^^^^^^^
_tkinter.TclError: invalid command name ".!frame8.!canvas.!frame.!frame.!frame3.!frame2.!treeview"
2026-09-03 14:00:05 - INFO - User Logged Out: 'eca'
2026-09-03 14:00:06 - ERROR - Dashboard refresh error: invalid command name ".!frame12.!canvas.!frame.!frame.!frame3.!frame2.!treeview"
Traceback (most recent call last):
  File "C:\Users\Erica Gallogo\OneDrive - National University\Desktop\MIDTERM\views\tracker_view.py", line 699, in load_data
    for item in self.tree.get_children():
                ~~~~~~~~~~~~~~~~~~~~~~^^
  File "C:\Users\Erica Gallogo\AppData\Local\Python\pythoncore-3.14-64\Lib\tkinter\ttk.py", line 1207, in get_children
    self.tk.call(self._w, "children", item or '') or ())
    ~~~~~~~~~~~~^^^^^^^^^^^^^^^^^^^^^^^^^^^^^^^^^
_tkinter.TclError: invalid command name ".!frame12.!canvas.!frame.!frame.!frame3.!frame2.!treeview"
2026-09-03 14:00:06 - ERROR - Dashboard refresh error: invalid command name ".!frame4.!canvas.!frame.!frame.!frame3.!frame2.!treeview"
Traceback (most recent call last):
  File "C:\Users\Erica Gallogo\OneDrive - National University\Desktop\MIDTERM\views\tracker_view.py", line 699, in load_data
    for item in self.tree.get_children():
                ~~~~~~~~~~~~~~~~~~~~~~^^
  File "C:\Users\Erica Gallogo\AppData\Local\Python\pythoncore-3.14-64\Lib\tkinter\ttk.py", line 1207, in get_children
    self.tk.call(self._w, "children", item or '') or ())
    ~~~~~~~~~~~~^^^^^^^^^^^^^^^^^^^^^^^^^^^^^^^^^
_tkinter.TclError: invalid command name ".!frame4.!canvas.!frame.!frame.!frame3.!frame2.!treeview"
2026-09-03 14:00:07 - ERROR - Dashboard refresh error: invalid command name ".!frame8.!canvas.!frame.!frame.!frame3.!frame2.!treeview"
Traceback (most recent call last):
  File "C:\Users\Erica Gallogo\OneDrive - National University\Desktop\MIDTERM\views\tracker_view.py", line 699, in load_data
    for item in self.tree.get_children():
                ~~~~~~~~~~~~~~~~~~~~~~^^
  File "C:\Users\Erica Gallogo\AppData\Local\Python\pythoncore-3.14-64\Lib\tkinter\ttk.py", line 1207, in get_children
    self.tk.call(self._w, "children", item or '') or ())
    ~~~~~~~~~~~~^^^^^^^^^^^^^^^^^^^^^^^^^^^^^^^^^
_tkinter.TclError: invalid command name ".!frame8.!canvas.!frame.!frame.!frame3.!frame2.!treeview"
2026-09-03 14:00:07 - ERROR - Dashboard refresh error: invalid command name ".!frame16.!canvas.!frame.!frame.!frame3.!frame2.!treeview"
Traceback (most recent call last):
  File "C:\Users\Erica Gallogo\OneDrive - National University\Desktop\MIDTERM\views\tracker_view.py", line 699, in load_data
    for item in self.tree.get_children():
                ~~~~~~~~~~~~~~~~~~~~~~^^
  File "C:\Users\Erica Gallogo\AppData\Local\Python\pythoncore-3.14-64\Lib\tkinter\ttk.py", line 1207, in get_children
    self.tk.call(self._w, "children", item or '') or ())
    ~~~~~~~~~~~~^^^^^^^^^^^^^^^^^^^^^^^^^^^^^^^^^
_tkinter.TclError: invalid command name ".!frame16.!canvas.!frame.!frame.!frame3.!frame2.!treeview"
2026-09-03 14:00:11 - ERROR - Dashboard refresh error: invalid command name ".!frame12.!canvas.!frame.!frame.!frame3.!frame2.!treeview"
Traceback (most recent call last):
  File "C:\Users\Erica Gallogo\OneDrive - National University\Desktop\MIDTERM\views\tracker_view.py", line 699, in load_data
    for item in self.tree.get_children():
                ~~~~~~~~~~~~~~~~~~~~~~^^
  File "C:\Users\Erica Gallogo\AppData\Local\Python\pythoncore-3.14-64\Lib\tkinter\ttk.py", line 1207, in get_children
    self.tk.call(self._w, "children", item or '') or ())
    ~~~~~~~~~~~~^^^^^^^^^^^^^^^^^^^^^^^^^^^^^^^^^
_tkinter.TclError: invalid command name ".!frame12.!canvas.!frame.!frame.!frame3.!frame2.!treeview"
2026-09-03 14:00:11 - ERROR - Dashboard refresh error: invalid command name ".!frame4.!canvas.!frame.!frame.!frame3.!frame2.!treeview"
Traceback (most recent call last):
  File "C:\Users\Erica Gallogo\OneDrive - National University\Desktop\MIDTERM\views\tracker_view.py", line 699, in load_data
    for item in self.tree.get_children():
                ~~~~~~~~~~~~~~~~~~~~~~^^
  File "C:\Users\Erica Gallogo\AppData\Local\Python\pythoncore-3.14-64\Lib\tkinter\ttk.py", line 1207, in get_children
    self.tk.call(self._w, "children", item or '') or ())
    ~~~~~~~~~~~~^^^^^^^^^^^^^^^^^^^^^^^^^^^^^^^^^
_tkinter.TclError: invalid command name ".!frame4.!canvas.!frame.!frame.!frame3.!frame2.!treeview"
2026-09-03 14:00:12 - ERROR - Dashboard refresh error: invalid command name ".!frame8.!canvas.!frame.!frame.!frame3.!frame2.!treeview"
Traceback (most recent call last):
  File "C:\Users\Erica Gallogo\OneDrive - National University\Desktop\MIDTERM\views\tracker_view.py", line 699, in load_data
    for item in self.tree.get_children():
                ~~~~~~~~~~~~~~~~~~~~~~^^
  File "C:\Users\Erica Gallogo\AppData\Local\Python\pythoncore-3.14-64\Lib\tkinter\ttk.py", line 1207, in get_children
    self.tk.call(self._w, "children", item or '') or ())
    ~~~~~~~~~~~~^^^^^^^^^^^^^^^^^^^^^^^^^^^^^^^^^
_tkinter.TclError: invalid command name ".!frame8.!canvas.!frame.!frame.!frame3.!frame2.!treeview"
2026-09-03 14:00:12 - ERROR - Dashboard refresh error: invalid command name ".!frame16.!canvas.!frame.!frame.!frame3.!frame2.!treeview"
Traceback (most recent call last):
  File "C:\Users\Erica Gallogo\OneDrive - National University\Desktop\MIDTERM\views\tracker_view.py", line 699, in load_data
    for item in self.tree.get_children():
                ~~~~~~~~~~~~~~~~~~~~~~^^
  File "C:\Users\Erica Gallogo\AppData\Local\Python\pythoncore-3.14-64\Lib\tkinter\ttk.py", line 1207, in get_children
    self.tk.call(self._w, "children", item or '') or ())
    ~~~~~~~~~~~~^^^^^^^^^^^^^^^^^^^^^^^^^^^^^^^^^
_tkinter.TclError: invalid command name ".!frame16.!canvas.!frame.!frame.!frame3.!frame2.!treeview"
2026-09-03 14:00:16 - ERROR - Dashboard refresh error: invalid command name ".!frame12.!canvas.!frame.!frame.!frame3.!frame2.!treeview"
Traceback (most recent call last):
  File "C:\Users\Erica Gallogo\OneDrive - National University\Desktop\MIDTERM\views\tracker_view.py", line 699, in load_data
    for item in self.tree.get_children():
                ~~~~~~~~~~~~~~~~~~~~~~^^
  File "C:\Users\Erica Gallogo\AppData\Local\Python\pythoncore-3.14-64\Lib\tkinter\ttk.py", line 1207, in get_children
    self.tk.call(self._w, "children", item or '') or ())
    ~~~~~~~~~~~~^^^^^^^^^^^^^^^^^^^^^^^^^^^^^^^^^
_tkinter.TclError: invalid command name ".!frame12.!canvas.!frame.!frame.!frame3.!frame2.!treeview"
2026-09-03 14:00:16 - ERROR - Dashboard refresh error: invalid command name ".!frame4.!canvas.!frame.!frame.!frame3.!frame2.!treeview"
Traceback (most recent call last):
  File "C:\Users\Erica Gallogo\OneDrive - National University\Desktop\MIDTERM\views\tracker_view.py", line 699, in load_data
    for item in self.tree.get_children():
                ~~~~~~~~~~~~~~~~~~~~~~^^
  File "C:\Users\Erica Gallogo\AppData\Local\Python\pythoncore-3.14-64\Lib\tkinter\ttk.py", line 1207, in get_children
    self.tk.call(self._w, "children", item or '') or ())
    ~~~~~~~~~~~~^^^^^^^^^^^^^^^^^^^^^^^^^^^^^^^^^
_tkinter.TclError: invalid command name ".!frame4.!canvas.!frame.!frame.!frame3.!frame2.!treeview"
2026-09-03 14:00:17 - ERROR - Dashboard refresh error: invalid command name ".!frame8.!canvas.!frame.!frame.!frame3.!frame2.!treeview"
Traceback (most recent call last):
  File "C:\Users\Erica Gallogo\OneDrive - National University\Desktop\MIDTERM\views\tracker_view.py", line 699, in load_data
    for item in self.tree.get_children():
                ~~~~~~~~~~~~~~~~~~~~~~^^
  File "C:\Users\Erica Gallogo\AppData\Local\Python\pythoncore-3.14-64\Lib\tkinter\ttk.py", line 1207, in get_children
    self.tk.call(self._w, "children", item or '') or ())
    ~~~~~~~~~~~~^^^^^^^^^^^^^^^^^^^^^^^^^^^^^^^^^
_tkinter.TclError: invalid command name ".!frame8.!canvas.!frame.!frame.!frame3.!frame2.!treeview"
2026-09-03 14:00:17 - ERROR - Dashboard refresh error: invalid command name ".!frame16.!canvas.!frame.!frame.!frame3.!frame2.!treeview"
Traceback (most recent call last):
  File "C:\Users\Erica Gallogo\OneDrive - National University\Desktop\MIDTERM\views\tracker_view.py", line 699, in load_data
    for item in self.tree.get_children():
                ~~~~~~~~~~~~~~~~~~~~~~^^
  File "C:\Users\Erica Gallogo\AppData\Local\Python\pythoncore-3.14-64\Lib\tkinter\ttk.py", line 1207, in get_children
    self.tk.call(self._w, "children", item or '') or ())
    ~~~~~~~~~~~~^^^^^^^^^^^^^^^^^^^^^^^^^^^^^^^^^
_tkinter.TclError: invalid command name ".!frame16.!canvas.!frame.!frame.!frame3.!frame2.!treeview"
2026-09-03 14:00:21 - ERROR - Dashboard refresh error: invalid command name ".!frame12.!canvas.!frame.!frame.!frame3.!frame2.!treeview"
Traceback (most recent call last):
  File "C:\Users\Erica Gallogo\OneDrive - National University\Desktop\MIDTERM\views\tracker_view.py", line 699, in load_data
    for item in self.tree.get_children():
                ~~~~~~~~~~~~~~~~~~~~~~^^
  File "C:\Users\Erica Gallogo\AppData\Local\Python\pythoncore-3.14-64\Lib\tkinter\ttk.py", line 1207, in get_children
    self.tk.call(self._w, "children", item or '') or ())
    ~~~~~~~~~~~~^^^^^^^^^^^^^^^^^^^^^^^^^^^^^^^^^
_tkinter.TclError: invalid command name ".!frame12.!canvas.!frame.!frame.!frame3.!frame2.!treeview"
2026-09-03 14:00:21 - ERROR - Dashboard refresh error: invalid command name ".!frame4.!canvas.!frame.!frame.!frame3.!frame2.!treeview"
Traceback (most recent call last):
  File "C:\Users\Erica Gallogo\OneDrive - National University\Desktop\MIDTERM\views\tracker_view.py", line 699, in load_data
    for item in self.tree.get_children():
                ~~~~~~~~~~~~~~~~~~~~~~^^
  File "C:\Users\Erica Gallogo\AppData\Local\Python\pythoncore-3.14-64\Lib\tkinter\ttk.py", line 1207, in get_children
    self.tk.call(self._w, "children", item or '') or ())
    ~~~~~~~~~~~~^^^^^^^^^^^^^^^^^^^^^^^^^^^^^^^^^
_tkinter.TclError: invalid command name ".!frame4.!canvas.!frame.!frame.!frame3.!frame2.!treeview"
2026-09-03 14:00:22 - ERROR - Dashboard refresh error: invalid command name ".!frame8.!canvas.!frame.!frame.!frame3.!frame2.!treeview"
Traceback (most recent call last):
  File "C:\Users\Erica Gallogo\OneDrive - National University\Desktop\MIDTERM\views\tracker_view.py", line 699, in load_data
    for item in self.tree.get_children():
                ~~~~~~~~~~~~~~~~~~~~~~^^
  File "C:\Users\Erica Gallogo\AppData\Local\Python\pythoncore-3.14-64\Lib\tkinter\ttk.py", line 1207, in get_children
    self.tk.call(self._w, "children", item or '') or ())
    ~~~~~~~~~~~~^^^^^^^^^^^^^^^^^^^^^^^^^^^^^^^^^
_tkinter.TclError: invalid command name ".!frame8.!canvas.!frame.!frame.!frame3.!frame2.!treeview"
2026-09-03 14:00:22 - ERROR - Dashboard refresh error: invalid command name ".!frame16.!canvas.!frame.!frame.!frame3.!frame2.!treeview"
Traceback (most recent call last):
  File "C:\Users\Erica Gallogo\OneDrive - National University\Desktop\MIDTERM\views\tracker_view.py", line 699, in load_data
    for item in self.tree.get_children():
                ~~~~~~~~~~~~~~~~~~~~~~^^
  File "C:\Users\Erica Gallogo\AppData\Local\Python\pythoncore-3.14-64\Lib\tkinter\ttk.py", line 1207, in get_children
    self.tk.call(self._w, "children", item or '') or ())
    ~~~~~~~~~~~~^^^^^^^^^^^^^^^^^^^^^^^^^^^^^^^^^
_tkinter.TclError: invalid command name ".!frame16.!canvas.!frame.!frame.!frame3.!frame2.!treeview"
2026-09-03 14:00:26 - ERROR - Dashboard refresh error: invalid command name ".!frame12.!canvas.!frame.!frame.!frame3.!frame2.!treeview"
Traceback (most recent call last):
  File "C:\Users\Erica Gallogo\OneDrive - National University\Desktop\MIDTERM\views\tracker_view.py", line 699, in load_data
    for item in self.tree.get_children():
                ~~~~~~~~~~~~~~~~~~~~~~^^
  File "C:\Users\Erica Gallogo\AppData\Local\Python\pythoncore-3.14-64\Lib\tkinter\ttk.py", line 1207, in get_children
    self.tk.call(self._w, "children", item or '') or ())
    ~~~~~~~~~~~~^^^^^^^^^^^^^^^^^^^^^^^^^^^^^^^^^
_tkinter.TclError: invalid command name ".!frame12.!canvas.!frame.!frame.!frame3.!frame2.!treeview"
2026-09-03 14:00:26 - ERROR - Dashboard refresh error: invalid command name ".!frame4.!canvas.!frame.!frame.!frame3.!frame2.!treeview"
Traceback (most recent call last):
  File "C:\Users\Erica Gallogo\OneDrive - National University\Desktop\MIDTERM\views\tracker_view.py", line 699, in load_data
    for item in self.tree.get_children():
                ~~~~~~~~~~~~~~~~~~~~~~^^
  File "C:\Users\Erica Gallogo\AppData\Local\Python\pythoncore-3.14-64\Lib\tkinter\ttk.py", line 1207, in get_children
    self.tk.call(self._w, "children", item or '') or ())
    ~~~~~~~~~~~~^^^^^^^^^^^^^^^^^^^^^^^^^^^^^^^^^
_tkinter.TclError: invalid command name ".!frame4.!canvas.!frame.!frame.!frame3.!frame2.!treeview"
2026-09-03 14:00:27 - ERROR - Dashboard refresh error: invalid command name ".!frame8.!canvas.!frame.!frame.!frame3.!frame2.!treeview"
Traceback (most recent call last):
  File "C:\Users\Erica Gallogo\OneDrive - National University\Desktop\MIDTERM\views\tracker_view.py", line 699, in load_data
    for item in self.tree.get_children():
                ~~~~~~~~~~~~~~~~~~~~~~^^
  File "C:\Users\Erica Gallogo\AppData\Local\Python\pythoncore-3.14-64\Lib\tkinter\ttk.py", line 1207, in get_children
    self.tk.call(self._w, "children", item or '') or ())
    ~~~~~~~~~~~~^^^^^^^^^^^^^^^^^^^^^^^^^^^^^^^^^
_tkinter.TclError: invalid command name ".!frame8.!canvas.!frame.!frame.!frame3.!frame2.!treeview"
2026-09-03 14:00:27 - ERROR - Dashboard refresh error: invalid command name ".!frame16.!canvas.!frame.!frame.!frame3.!frame2.!treeview"
Traceback (most recent call last):
  File "C:\Users\Erica Gallogo\OneDrive - National University\Desktop\MIDTERM\views\tracker_view.py", line 699, in load_data
    for item in self.tree.get_children():
                ~~~~~~~~~~~~~~~~~~~~~~^^
  File "C:\Users\Erica Gallogo\AppData\Local\Python\pythoncore-3.14-64\Lib\tkinter\ttk.py", line 1207, in get_children
    self.tk.call(self._w, "children", item or '') or ())
    ~~~~~~~~~~~~^^^^^^^^^^^^^^^^^^^^^^^^^^^^^^^^^
_tkinter.TclError: invalid command name ".!frame16.!canvas.!frame.!frame.!frame3.!frame2.!treeview"
2026-09-03 14:00:31 - ERROR - Dashboard refresh error: invalid command name ".!frame12.!canvas.!frame.!frame.!frame3.!frame2.!treeview"
Traceback (most recent call last):
  File "C:\Users\Erica Gallogo\OneDrive - National University\Desktop\MIDTERM\views\tracker_view.py", line 699, in load_data
    for item in self.tree.get_children():
                ~~~~~~~~~~~~~~~~~~~~~~^^
  File "C:\Users\Erica Gallogo\AppData\Local\Python\pythoncore-3.14-64\Lib\tkinter\ttk.py", line 1207, in get_children
    self.tk.call(self._w, "children", item or '') or ())
    ~~~~~~~~~~~~^^^^^^^^^^^^^^^^^^^^^^^^^^^^^^^^^
_tkinter.TclError: invalid command name ".!frame12.!canvas.!frame.!frame.!frame3.!frame2.!treeview"
2026-09-03 14:00:31 - ERROR - Dashboard refresh error: invalid command name ".!frame4.!canvas.!frame.!frame.!frame3.!frame2.!treeview"
Traceback (most recent call last):
  File "C:\Users\Erica Gallogo\OneDrive - National University\Desktop\MIDTERM\views\tracker_view.py", line 699, in load_data
    for item in self.tree.get_children():
                ~~~~~~~~~~~~~~~~~~~~~~^^
  File "C:\Users\Erica Gallogo\AppData\Local\Python\pythoncore-3.14-64\Lib\tkinter\ttk.py", line 1207, in get_children
    self.tk.call(self._w, "children", item or '') or ())
    ~~~~~~~~~~~~^^^^^^^^^^^^^^^^^^^^^^^^^^^^^^^^^
_tkinter.TclError: invalid command name ".!frame4.!canvas.!frame.!frame.!frame3.!frame2.!treeview"
2026-09-03 14:00:32 - ERROR - Dashboard refresh error: invalid command name ".!frame8.!canvas.!frame.!frame.!frame3.!frame2.!treeview"
Traceback (most recent call last):
  File "C:\Users\Erica Gallogo\OneDrive - National University\Desktop\MIDTERM\views\tracker_view.py", line 699, in load_data
    for item in self.tree.get_children():
                ~~~~~~~~~~~~~~~~~~~~~~^^
  File "C:\Users\Erica Gallogo\AppData\Local\Python\pythoncore-3.14-64\Lib\tkinter\ttk.py", line 1207, in get_children
    self.tk.call(self._w, "children", item or '') or ())
    ~~~~~~~~~~~~^^^^^^^^^^^^^^^^^^^^^^^^^^^^^^^^^
_tkinter.TclError: invalid command name ".!frame8.!canvas.!frame.!frame.!frame3.!frame2.!treeview"
2026-09-03 14:00:32 - ERROR - Dashboard refresh error: invalid command name ".!frame16.!canvas.!frame.!frame.!frame3.!frame2.!treeview"
Traceback (most recent call last):
  File "C:\Users\Erica Gallogo\OneDrive - National University\Desktop\MIDTERM\views\tracker_view.py", line 699, in load_data
    for item in self.tree.get_children():
                ~~~~~~~~~~~~~~~~~~~~~~^^
  File "C:\Users\Erica Gallogo\AppData\Local\Python\pythoncore-3.14-64\Lib\tkinter\ttk.py", line 1207, in get_children
    self.tk.call(self._w, "children", item or '') or ())
    ~~~~~~~~~~~~^^^^^^^^^^^^^^^^^^^^^^^^^^^^^^^^^
_tkinter.TclError: invalid command name ".!frame16.!canvas.!frame.!frame.!frame3.!frame2.!treeview"
2026-09-03 14:00:34 - INFO - Password reset requested: 'erica'
2026-09-03 14:00:36 - ERROR - Dashboard refresh error: invalid command name ".!frame12.!canvas.!frame.!frame.!frame3.!frame2.!treeview"
Traceback (most recent call last):
  File "C:\Users\Erica Gallogo\OneDrive - National University\Desktop\MIDTERM\views\tracker_view.py", line 699, in load_data
    for item in self.tree.get_children():
                ~~~~~~~~~~~~~~~~~~~~~~^^
  File "C:\Users\Erica Gallogo\AppData\Local\Python\pythoncore-3.14-64\Lib\tkinter\ttk.py", line 1207, in get_children
    self.tk.call(self._w, "children", item or '') or ())
    ~~~~~~~~~~~~^^^^^^^^^^^^^^^^^^^^^^^^^^^^^^^^^
_tkinter.TclError: invalid command name ".!frame12.!canvas.!frame.!frame.!frame3.!frame2.!treeview"
2026-09-03 14:00:37 - ERROR - Dashboard refresh error: invalid command name ".!frame4.!canvas.!frame.!frame.!frame3.!frame2.!treeview"
Traceback (most recent call last):
  File "C:\Users\Erica Gallogo\OneDrive - National University\Desktop\MIDTERM\views\tracker_view.py", line 699, in load_data
    for item in self.tree.get_children():
                ~~~~~~~~~~~~~~~~~~~~~~^^
  File "C:\Users\Erica Gallogo\AppData\Local\Python\pythoncore-3.14-64\Lib\tkinter\ttk.py", line 1207, in get_children
    self.tk.call(self._w, "children", item or '') or ())
    ~~~~~~~~~~~~^^^^^^^^^^^^^^^^^^^^^^^^^^^^^^^^^
_tkinter.TclError: invalid command name ".!frame4.!canvas.!frame.!frame.!frame3.!frame2.!treeview"
2026-09-03 14:00:37 - ERROR - Dashboard refresh error: invalid command name ".!frame8.!canvas.!frame.!frame.!frame3.!frame2.!treeview"
Traceback (most recent call last):
  File "C:\Users\Erica Gallogo\OneDrive - National University\Desktop\MIDTERM\views\tracker_view.py", line 699, in load_data
    for item in self.tree.get_children():
                ~~~~~~~~~~~~~~~~~~~~~~^^
  File "C:\Users\Erica Gallogo\AppData\Local\Python\pythoncore-3.14-64\Lib\tkinter\ttk.py", line 1207, in get_children
    self.tk.call(self._w, "children", item or '') or ())
    ~~~~~~~~~~~~^^^^^^^^^^^^^^^^^^^^^^^^^^^^^^^^^
_tkinter.TclError: invalid command name ".!frame8.!canvas.!frame.!frame.!frame3.!frame2.!treeview"
2026-09-03 14:00:37 - ERROR - Dashboard refresh error: invalid command name ".!frame16.!canvas.!frame.!frame.!frame3.!frame2.!treeview"
Traceback (most recent call last):
  File "C:\Users\Erica Gallogo\OneDrive - National University\Desktop\MIDTERM\views\tracker_view.py", line 699, in load_data
    for item in self.tree.get_children():
                ~~~~~~~~~~~~~~~~~~~~~~^^
  File "C:\Users\Erica Gallogo\AppData\Local\Python\pythoncore-3.14-64\Lib\tkinter\ttk.py", line 1207, in get_children
    self.tk.call(self._w, "children", item or '') or ())
    ~~~~~~~~~~~~^^^^^^^^^^^^^^^^^^^^^^^^^^^^^^^^^
_tkinter.TclError: invalid command name ".!frame16.!canvas.!frame.!frame.!frame3.!frame2.!treeview"
2026-09-03 14:00:41 - ERROR - Dashboard refresh error: invalid command name ".!frame12.!canvas.!frame.!frame.!frame3.!frame2.!treeview"
Traceback (most recent call last):
  File "C:\Users\Erica Gallogo\OneDrive - National University\Desktop\MIDTERM\views\tracker_view.py", line 699, in load_data
    for item in self.tree.get_children():
                ~~~~~~~~~~~~~~~~~~~~~~^^
  File "C:\Users\Erica Gallogo\AppData\Local\Python\pythoncore-3.14-64\Lib\tkinter\ttk.py", line 1207, in get_children
    self.tk.call(self._w, "children", item or '') or ())
    ~~~~~~~~~~~~^^^^^^^^^^^^^^^^^^^^^^^^^^^^^^^^^
_tkinter.TclError: invalid command name ".!frame12.!canvas.!frame.!frame.!frame3.!frame2.!treeview"
2026-09-03 14:00:42 - ERROR - Dashboard refresh error: invalid command name ".!frame4.!canvas.!frame.!frame.!frame3.!frame2.!treeview"
Traceback (most recent call last):
  File "C:\Users\Erica Gallogo\OneDrive - National University\Desktop\MIDTERM\views\tracker_view.py", line 699, in load_data
    for item in self.tree.get_children():
                ~~~~~~~~~~~~~~~~~~~~~~^^
  File "C:\Users\Erica Gallogo\AppData\Local\Python\pythoncore-3.14-64\Lib\tkinter\ttk.py", line 1207, in get_children
    self.tk.call(self._w, "children", item or '') or ())
    ~~~~~~~~~~~~^^^^^^^^^^^^^^^^^^^^^^^^^^^^^^^^^
_tkinter.TclError: invalid command name ".!frame4.!canvas.!frame.!frame.!frame3.!frame2.!treeview"
2026-09-03 14:00:42 - ERROR - Dashboard refresh error: invalid command name ".!frame8.!canvas.!frame.!frame.!frame3.!frame2.!treeview"
Traceback (most recent call last):
  File "C:\Users\Erica Gallogo\OneDrive - National University\Desktop\MIDTERM\views\tracker_view.py", line 699, in load_data
    for item in self.tree.get_children():
                ~~~~~~~~~~~~~~~~~~~~~~^^
  File "C:\Users\Erica Gallogo\AppData\Local\Python\pythoncore-3.14-64\Lib\tkinter\ttk.py", line 1207, in get_children
    self.tk.call(self._w, "children", item or '') or ())
    ~~~~~~~~~~~~^^^^^^^^^^^^^^^^^^^^^^^^^^^^^^^^^
_tkinter.TclError: invalid command name ".!frame8.!canvas.!frame.!frame.!frame3.!frame2.!treeview"
2026-09-03 14:00:42 - ERROR - Dashboard refresh error: invalid command name ".!frame16.!canvas.!frame.!frame.!frame3.!frame2.!treeview"
Traceback (most recent call last):
  File "C:\Users\Erica Gallogo\OneDrive - National University\Desktop\MIDTERM\views\tracker_view.py", line 699, in load_data
    for item in self.tree.get_children():
                ~~~~~~~~~~~~~~~~~~~~~~^^
  File "C:\Users\Erica Gallogo\AppData\Local\Python\pythoncore-3.14-64\Lib\tkinter\ttk.py", line 1207, in get_children
    self.tk.call(self._w, "children", item or '') or ())
    ~~~~~~~~~~~~^^^^^^^^^^^^^^^^^^^^^^^^^^^^^^^^^
_tkinter.TclError: invalid command name ".!frame16.!canvas.!frame.!frame.!frame3.!frame2.!treeview"
2026-09-03 14:00:46 - ERROR - Dashboard refresh error: invalid command name ".!frame12.!canvas.!frame.!frame.!frame3.!frame2.!treeview"
Traceback (most recent call last):
  File "C:\Users\Erica Gallogo\OneDrive - National University\Desktop\MIDTERM\views\tracker_view.py", line 699, in load_data
    for item in self.tree.get_children():
                ~~~~~~~~~~~~~~~~~~~~~~^^
  File "C:\Users\Erica Gallogo\AppData\Local\Python\pythoncore-3.14-64\Lib\tkinter\ttk.py", line 1207, in get_children
    self.tk.call(self._w, "children", item or '') or ())
    ~~~~~~~~~~~~^^^^^^^^^^^^^^^^^^^^^^^^^^^^^^^^^
_tkinter.TclError: invalid command name ".!frame12.!canvas.!frame.!frame.!frame3.!frame2.!treeview"
2026-09-03 14:00:47 - ERROR - Dashboard refresh error: invalid command name ".!frame4.!canvas.!frame.!frame.!frame3.!frame2.!treeview"
Traceback (most recent call last):
  File "C:\Users\Erica Gallogo\OneDrive - National University\Desktop\MIDTERM\views\tracker_view.py", line 699, in load_data
    for item in self.tree.get_children():
                ~~~~~~~~~~~~~~~~~~~~~~^^
  File "C:\Users\Erica Gallogo\AppData\Local\Python\pythoncore-3.14-64\Lib\tkinter\ttk.py", line 1207, in get_children
    self.tk.call(self._w, "children", item or '') or ())
    ~~~~~~~~~~~~^^^^^^^^^^^^^^^^^^^^^^^^^^^^^^^^^
_tkinter.TclError: invalid command name ".!frame4.!canvas.!frame.!frame.!frame3.!frame2.!treeview"
2026-09-03 14:00:47 - ERROR - Dashboard refresh error: invalid command name ".!frame8.!canvas.!frame.!frame.!frame3.!frame2.!treeview"
Traceback (most recent call last):
  File "C:\Users\Erica Gallogo\OneDrive - National University\Desktop\MIDTERM\views\tracker_view.py", line 699, in load_data
    for item in self.tree.get_children():
                ~~~~~~~~~~~~~~~~~~~~~~^^
  File "C:\Users\Erica Gallogo\AppData\Local\Python\pythoncore-3.14-64\Lib\tkinter\ttk.py", line 1207, in get_children
    self.tk.call(self._w, "children", item or '') or ())
    ~~~~~~~~~~~~^^^^^^^^^^^^^^^^^^^^^^^^^^^^^^^^^
_tkinter.TclError: invalid command name ".!frame8.!canvas.!frame.!frame.!frame3.!frame2.!treeview"
2026-09-03 14:00:47 - ERROR - Dashboard refresh error: invalid command name ".!frame16.!canvas.!frame.!frame.!frame3.!frame2.!treeview"
Traceback (most recent call last):
  File "C:\Users\Erica Gallogo\OneDrive - National University\Desktop\MIDTERM\views\tracker_view.py", line 699, in load_data
    for item in self.tree.get_children():
                ~~~~~~~~~~~~~~~~~~~~~~^^
  File "C:\Users\Erica Gallogo\AppData\Local\Python\pythoncore-3.14-64\Lib\tkinter\ttk.py", line 1207, in get_children
    self.tk.call(self._w, "children", item or '') or ())
    ~~~~~~~~~~~~^^^^^^^^^^^^^^^^^^^^^^^^^^^^^^^^^
_tkinter.TclError: invalid command name ".!frame16.!canvas.!frame.!frame.!frame3.!frame2.!treeview"
2026-09-03 14:00:51 - ERROR - Dashboard refresh error: invalid command name ".!frame12.!canvas.!frame.!frame.!frame3.!frame2.!treeview"
Traceback (most recent call last):
  File "C:\Users\Erica Gallogo\OneDrive - National University\Desktop\MIDTERM\views\tracker_view.py", line 699, in load_data
    for item in self.tree.get_children():
                ~~~~~~~~~~~~~~~~~~~~~~^^
  File "C:\Users\Erica Gallogo\AppData\Local\Python\pythoncore-3.14-64\Lib\tkinter\ttk.py", line 1207, in get_children
    self.tk.call(self._w, "children", item or '') or ())
    ~~~~~~~~~~~~^^^^^^^^^^^^^^^^^^^^^^^^^^^^^^^^^
_tkinter.TclError: invalid command name ".!frame12.!canvas.!frame.!frame.!frame3.!frame2.!treeview"
2026-09-03 14:00:52 - ERROR - Dashboard refresh error: invalid command name ".!frame4.!canvas.!frame.!frame.!frame3.!frame2.!treeview"
Traceback (most recent call last):
  File "C:\Users\Erica Gallogo\OneDrive - National University\Desktop\MIDTERM\views\tracker_view.py", line 699, in load_data
    for item in self.tree.get_children():
                ~~~~~~~~~~~~~~~~~~~~~~^^
  File "C:\Users\Erica Gallogo\AppData\Local\Python\pythoncore-3.14-64\Lib\tkinter\ttk.py", line 1207, in get_children
    self.tk.call(self._w, "children", item or '') or ())
    ~~~~~~~~~~~~^^^^^^^^^^^^^^^^^^^^^^^^^^^^^^^^^
_tkinter.TclError: invalid command name ".!frame4.!canvas.!frame.!frame.!frame3.!frame2.!treeview"
2026-09-03 14:00:52 - ERROR - Dashboard refresh error: invalid command name ".!frame8.!canvas.!frame.!frame.!frame3.!frame2.!treeview"
Traceback (most recent call last):
  File "C:\Users\Erica Gallogo\OneDrive - National University\Desktop\MIDTERM\views\tracker_view.py", line 699, in load_data
    for item in self.tree.get_children():
                ~~~~~~~~~~~~~~~~~~~~~~^^
  File "C:\Users\Erica Gallogo\AppData\Local\Python\pythoncore-3.14-64\Lib\tkinter\ttk.py", line 1207, in get_children
    self.tk.call(self._w, "children", item or '') or ())
    ~~~~~~~~~~~~^^^^^^^^^^^^^^^^^^^^^^^^^^^^^^^^^
_tkinter.TclError: invalid command name ".!frame8.!canvas.!frame.!frame.!frame3.!frame2.!treeview"
2026-09-03 14:00:52 - ERROR - Dashboard refresh error: invalid command name ".!frame16.!canvas.!frame.!frame.!frame3.!frame2.!treeview"
Traceback (most recent call last):
  File "C:\Users\Erica Gallogo\OneDrive - National University\Desktop\MIDTERM\views\tracker_view.py", line 699, in load_data
    for item in self.tree.get_children():
                ~~~~~~~~~~~~~~~~~~~~~~^^
  File "C:\Users\Erica Gallogo\AppData\Local\Python\pythoncore-3.14-64\Lib\tkinter\ttk.py", line 1207, in get_children
    self.tk.call(self._w, "children", item or '') or ())
    ~~~~~~~~~~~~^^^^^^^^^^^^^^^^^^^^^^^^^^^^^^^^^
_tkinter.TclError: invalid command name ".!frame16.!canvas.!frame.!frame.!frame3.!frame2.!treeview"
2026-09-03 14:00:55 - INFO - User Logged In: 'eca'
2026-09-03 14:00:56 - ERROR - Dashboard refresh error: invalid command name ".!frame12.!canvas.!frame.!frame.!frame3.!frame2.!treeview"
Traceback (most recent call last):
  File "C:\Users\Erica Gallogo\OneDrive - National University\Desktop\MIDTERM\views\tracker_view.py", line 699, in load_data
    for item in self.tree.get_children():
                ~~~~~~~~~~~~~~~~~~~~~~^^
  File "C:\Users\Erica Gallogo\AppData\Local\Python\pythoncore-3.14-64\Lib\tkinter\ttk.py", line 1207, in get_children
    self.tk.call(self._w, "children", item or '') or ())
    ~~~~~~~~~~~~^^^^^^^^^^^^^^^^^^^^^^^^^^^^^^^^^
_tkinter.TclError: invalid command name ".!frame12.!canvas.!frame.!frame.!frame3.!frame2.!treeview"
2026-09-03 14:00:57 - ERROR - Dashboard refresh error: invalid command name ".!frame4.!canvas.!frame.!frame.!frame3.!frame2.!treeview"
Traceback (most recent call last):
  File "C:\Users\Erica Gallogo\OneDrive - National University\Desktop\MIDTERM\views\tracker_view.py", line 699, in load_data
    for item in self.tree.get_children():
                ~~~~~~~~~~~~~~~~~~~~~~^^
  File "C:\Users\Erica Gallogo\AppData\Local\Python\pythoncore-3.14-64\Lib\tkinter\ttk.py", line 1207, in get_children
    self.tk.call(self._w, "children", item or '') or ())
    ~~~~~~~~~~~~^^^^^^^^^^^^^^^^^^^^^^^^^^^^^^^^^
_tkinter.TclError: invalid command name ".!frame4.!canvas.!frame.!frame.!frame3.!frame2.!treeview"
2026-09-03 14:00:57 - ERROR - Dashboard refresh error: invalid command name ".!frame8.!canvas.!frame.!frame.!frame3.!frame2.!treeview"
Traceback (most recent call last):
  File "C:\Users\Erica Gallogo\OneDrive - National University\Desktop\MIDTERM\views\tracker_view.py", line 699, in load_data
    for item in self.tree.get_children():
                ~~~~~~~~~~~~~~~~~~~~~~^^
  File "C:\Users\Erica Gallogo\AppData\Local\Python\pythoncore-3.14-64\Lib\tkinter\ttk.py", line 1207, in get_children
    self.tk.call(self._w, "children", item or '') or ())
    ~~~~~~~~~~~~^^^^^^^^^^^^^^^^^^^^^^^^^^^^^^^^^
_tkinter.TclError: invalid command name ".!frame8.!canvas.!frame.!frame.!frame3.!frame2.!treeview"
2026-09-03 14:00:57 - ERROR - Dashboard refresh error: invalid command name ".!frame16.!canvas.!frame.!frame.!frame3.!frame2.!treeview"
Traceback (most recent call last):
  File "C:\Users\Erica Gallogo\OneDrive - National University\Desktop\MIDTERM\views\tracker_view.py", line 699, in load_data
    for item in self.tree.get_children():
                ~~~~~~~~~~~~~~~~~~~~~~^^
  File "C:\Users\Erica Gallogo\AppData\Local\Python\pythoncore-3.14-64\Lib\tkinter\ttk.py", line 1207, in get_children
    self.tk.call(self._w, "children", item or '') or ())
    ~~~~~~~~~~~~^^^^^^^^^^^^^^^^^^^^^^^^^^^^^^^^^
_tkinter.TclError: invalid command name ".!frame16.!canvas.!frame.!frame.!frame3.!frame2.!treeview"
2026-09-03 14:01:01 - ERROR - Dashboard refresh error: invalid command name ".!frame12.!canvas.!frame.!frame.!frame3.!frame2.!treeview"
Traceback (most recent call last):
  File "C:\Users\Erica Gallogo\OneDrive - National University\Desktop\MIDTERM\views\tracker_view.py", line 699, in load_data
    for item in self.tree.get_children():
                ~~~~~~~~~~~~~~~~~~~~~~^^
  File "C:\Users\Erica Gallogo\AppData\Local\Python\pythoncore-3.14-64\Lib\tkinter\ttk.py", line 1207, in get_children
    self.tk.call(self._w, "children", item or '') or ())
    ~~~~~~~~~~~~^^^^^^^^^^^^^^^^^^^^^^^^^^^^^^^^^
_tkinter.TclError: invalid command name ".!frame12.!canvas.!frame.!frame.!frame3.!frame2.!treeview"
2026-09-03 14:01:02 - ERROR - Dashboard refresh error: invalid command name ".!frame4.!canvas.!frame.!frame.!frame3.!frame2.!treeview"
Traceback (most recent call last):
  File "C:\Users\Erica Gallogo\OneDrive - National University\Desktop\MIDTERM\views\tracker_view.py", line 699, in load_data
    for item in self.tree.get_children():
                ~~~~~~~~~~~~~~~~~~~~~~^^
  File "C:\Users\Erica Gallogo\AppData\Local\Python\pythoncore-3.14-64\Lib\tkinter\ttk.py", line 1207, in get_children
    self.tk.call(self._w, "children", item or '') or ())
    ~~~~~~~~~~~~^^^^^^^^^^^^^^^^^^^^^^^^^^^^^^^^^
_tkinter.TclError: invalid command name ".!frame4.!canvas.!frame.!frame.!frame3.!frame2.!treeview"
2026-09-03 14:01:02 - ERROR - Dashboard refresh error: invalid command name ".!frame8.!canvas.!frame.!frame.!frame3.!frame2.!treeview"
Traceback (most recent call last):
  File "C:\Users\Erica Gallogo\OneDrive - National University\Desktop\MIDTERM\views\tracker_view.py", line 699, in load_data
    for item in self.tree.get_children():
                ~~~~~~~~~~~~~~~~~~~~~~^^
  File "C:\Users\Erica Gallogo\AppData\Local\Python\pythoncore-3.14-64\Lib\tkinter\ttk.py", line 1207, in get_children
    self.tk.call(self._w, "children", item or '') or ())
    ~~~~~~~~~~~~^^^^^^^^^^^^^^^^^^^^^^^^^^^^^^^^^
_tkinter.TclError: invalid command name ".!frame8.!canvas.!frame.!frame.!frame3.!frame2.!treeview"
2026-09-03 14:01:02 - ERROR - Dashboard refresh error: invalid command name ".!frame16.!canvas.!frame.!frame.!frame3.!frame2.!treeview"
Traceback (most recent call last):
  File "C:\Users\Erica Gallogo\OneDrive - National University\Desktop\MIDTERM\views\tracker_view.py", line 699, in load_data
    for item in self.tree.get_children():
                ~~~~~~~~~~~~~~~~~~~~~~^^
  File "C:\Users\Erica Gallogo\AppData\Local\Python\pythoncore-3.14-64\Lib\tkinter\ttk.py", line 1207, in get_children
    self.tk.call(self._w, "children", item or '') or ())
    ~~~~~~~~~~~~^^^^^^^^^^^^^^^^^^^^^^^^^^^^^^^^^
_tkinter.TclError: invalid command name ".!frame16.!canvas.!frame.!frame.!frame3.!frame2.!treeview"
2026-09-03 14:01:06 - ERROR - Dashboard refresh error: invalid command name ".!frame12.!canvas.!frame.!frame.!frame3.!frame2.!treeview"
Traceback (most recent call last):
  File "C:\Users\Erica Gallogo\OneDrive - National University\Desktop\MIDTERM\views\tracker_view.py", line 699, in load_data
    for item in self.tree.get_children():
                ~~~~~~~~~~~~~~~~~~~~~~^^
  File "C:\Users\Erica Gallogo\AppData\Local\Python\pythoncore-3.14-64\Lib\tkinter\ttk.py", line 1207, in get_children
    self.tk.call(self._w, "children", item or '') or ())
    ~~~~~~~~~~~~^^^^^^^^^^^^^^^^^^^^^^^^^^^^^^^^^
_tkinter.TclError: invalid command name ".!frame12.!canvas.!frame.!frame.!frame3.!frame2.!treeview"
2026-09-03 14:01:07 - ERROR - Dashboard refresh error: invalid command name ".!frame4.!canvas.!frame.!frame.!frame3.!frame2.!treeview"
Traceback (most recent call last):
  File "C:\Users\Erica Gallogo\OneDrive - National University\Desktop\MIDTERM\views\tracker_view.py", line 699, in load_data
    for item in self.tree.get_children():
                ~~~~~~~~~~~~~~~~~~~~~~^^
  File "C:\Users\Erica Gallogo\AppData\Local\Python\pythoncore-3.14-64\Lib\tkinter\ttk.py", line 1207, in get_children
    self.tk.call(self._w, "children", item or '') or ())
    ~~~~~~~~~~~~^^^^^^^^^^^^^^^^^^^^^^^^^^^^^^^^^
_tkinter.TclError: invalid command name ".!frame4.!canvas.!frame.!frame.!frame3.!frame2.!treeview"
2026-09-03 14:01:07 - ERROR - Dashboard refresh error: invalid command name ".!frame8.!canvas.!frame.!frame.!frame3.!frame2.!treeview"
Traceback (most recent call last):
  File "C:\Users\Erica Gallogo\OneDrive - National University\Desktop\MIDTERM\views\tracker_view.py", line 699, in load_data
    for item in self.tree.get_children():
                ~~~~~~~~~~~~~~~~~~~~~~^^
  File "C:\Users\Erica Gallogo\AppData\Local\Python\pythoncore-3.14-64\Lib\tkinter\ttk.py", line 1207, in get_children
    self.tk.call(self._w, "children", item or '') or ())
    ~~~~~~~~~~~~^^^^^^^^^^^^^^^^^^^^^^^^^^^^^^^^^
_tkinter.TclError: invalid command name ".!frame8.!canvas.!frame.!frame.!frame3.!frame2.!treeview"
2026-09-03 14:01:07 - ERROR - Dashboard refresh error: invalid command name ".!frame16.!canvas.!frame.!frame.!frame3.!frame2.!treeview"
Traceback (most recent call last):
  File "C:\Users\Erica Gallogo\OneDrive - National University\Desktop\MIDTERM\views\tracker_view.py", line 699, in load_data
    for item in self.tree.get_children():
                ~~~~~~~~~~~~~~~~~~~~~~^^
  File "C:\Users\Erica Gallogo\AppData\Local\Python\pythoncore-3.14-64\Lib\tkinter\ttk.py", line 1207, in get_children
    self.tk.call(self._w, "children", item or '') or ())
    ~~~~~~~~~~~~^^^^^^^^^^^^^^^^^^^^^^^^^^^^^^^^^
_tkinter.TclError: invalid command name ".!frame16.!canvas.!frame.!frame.!frame3.!frame2.!treeview"
2026-09-03 14:01:11 - ERROR - Dashboard refresh error: invalid command name ".!frame12.!canvas.!frame.!frame.!frame3.!frame2.!treeview"
Traceback (most recent call last):
  File "C:\Users\Erica Gallogo\OneDrive - National University\Desktop\MIDTERM\views\tracker_view.py", line 699, in load_data
    for item in self.tree.get_children():
                ~~~~~~~~~~~~~~~~~~~~~~^^
  File "C:\Users\Erica Gallogo\AppData\Local\Python\pythoncore-3.14-64\Lib\tkinter\ttk.py", line 1207, in get_children
    self.tk.call(self._w, "children", item or '') or ())
    ~~~~~~~~~~~~^^^^^^^^^^^^^^^^^^^^^^^^^^^^^^^^^
_tkinter.TclError: invalid command name ".!frame12.!canvas.!frame.!frame.!frame3.!frame2.!treeview"
2026-09-03 14:01:12 - ERROR - Dashboard refresh error: invalid command name ".!frame4.!canvas.!frame.!frame.!frame3.!frame2.!treeview"
Traceback (most recent call last):
  File "C:\Users\Erica Gallogo\OneDrive - National University\Desktop\MIDTERM\views\tracker_view.py", line 699, in load_data
    for item in self.tree.get_children():
                ~~~~~~~~~~~~~~~~~~~~~~^^
  File "C:\Users\Erica Gallogo\AppData\Local\Python\pythoncore-3.14-64\Lib\tkinter\ttk.py", line 1207, in get_children
    self.tk.call(self._w, "children", item or '') or ())
    ~~~~~~~~~~~~^^^^^^^^^^^^^^^^^^^^^^^^^^^^^^^^^
_tkinter.TclError: invalid command name ".!frame4.!canvas.!frame.!frame.!frame3.!frame2.!treeview"
2026-09-03 14:01:12 - ERROR - Dashboard refresh error: invalid command name ".!frame8.!canvas.!frame.!frame.!frame3.!frame2.!treeview"
Traceback (most recent call last):
  File "C:\Users\Erica Gallogo\OneDrive - National University\Desktop\MIDTERM\views\tracker_view.py", line 699, in load_data
    for item in self.tree.get_children():
                ~~~~~~~~~~~~~~~~~~~~~~^^
  File "C:\Users\Erica Gallogo\AppData\Local\Python\pythoncore-3.14-64\Lib\tkinter\ttk.py", line 1207, in get_children
    self.tk.call(self._w, "children", item or '') or ())
    ~~~~~~~~~~~~^^^^^^^^^^^^^^^^^^^^^^^^^^^^^^^^^
_tkinter.TclError: invalid command name ".!frame8.!canvas.!frame.!frame.!frame3.!frame2.!treeview"
2026-09-03 14:01:12 - ERROR - Dashboard refresh error: invalid command name ".!frame16.!canvas.!frame.!frame.!frame3.!frame2.!treeview"
Traceback (most recent call last):
  File "C:\Users\Erica Gallogo\OneDrive - National University\Desktop\MIDTERM\views\tracker_view.py", line 699, in load_data
    for item in self.tree.get_children():
                ~~~~~~~~~~~~~~~~~~~~~~^^
  File "C:\Users\Erica Gallogo\AppData\Local\Python\pythoncore-3.14-64\Lib\tkinter\ttk.py", line 1207, in get_children
    self.tk.call(self._w, "children", item or '') or ())
    ~~~~~~~~~~~~^^^^^^^^^^^^^^^^^^^^^^^^^^^^^^^^^
_tkinter.TclError: invalid command name ".!frame16.!canvas.!frame.!frame.!frame3.!frame2.!treeview"
2026-09-03 14:01:16 - ERROR - Dashboard refresh error: invalid command name ".!frame12.!canvas.!frame.!frame.!frame3.!frame2.!treeview"
Traceback (most recent call last):
  File "C:\Users\Erica Gallogo\OneDrive - National University\Desktop\MIDTERM\views\tracker_view.py", line 699, in load_data
    for item in self.tree.get_children():
                ~~~~~~~~~~~~~~~~~~~~~~^^
  File "C:\Users\Erica Gallogo\AppData\Local\Python\pythoncore-3.14-64\Lib\tkinter\ttk.py", line 1207, in get_children
    self.tk.call(self._w, "children", item or '') or ())
    ~~~~~~~~~~~~^^^^^^^^^^^^^^^^^^^^^^^^^^^^^^^^^
_tkinter.TclError: invalid command name ".!frame12.!canvas.!frame.!frame.!frame3.!frame2.!treeview"
2026-09-03 14:01:17 - ERROR - Dashboard refresh error: invalid command name ".!frame4.!canvas.!frame.!frame.!frame3.!frame2.!treeview"
Traceback (most recent call last):
  File "C:\Users\Erica Gallogo\OneDrive - National University\Desktop\MIDTERM\views\tracker_view.py", line 699, in load_data
    for item in self.tree.get_children():
                ~~~~~~~~~~~~~~~~~~~~~~^^
  File "C:\Users\Erica Gallogo\AppData\Local\Python\pythoncore-3.14-64\Lib\tkinter\ttk.py", line 1207, in get_children
    self.tk.call(self._w, "children", item or '') or ())
    ~~~~~~~~~~~~^^^^^^^^^^^^^^^^^^^^^^^^^^^^^^^^^
_tkinter.TclError: invalid command name ".!frame4.!canvas.!frame.!frame.!frame3.!frame2.!treeview"
2026-09-03 14:01:17 - ERROR - Dashboard refresh error: invalid command name ".!frame8.!canvas.!frame.!frame.!frame3.!frame2.!treeview"
Traceback (most recent call last):
  File "C:\Users\Erica Gallogo\OneDrive - National University\Desktop\MIDTERM\views\tracker_view.py", line 699, in load_data
    for item in self.tree.get_children():
                ~~~~~~~~~~~~~~~~~~~~~~^^
  File "C:\Users\Erica Gallogo\AppData\Local\Python\pythoncore-3.14-64\Lib\tkinter\ttk.py", line 1207, in get_children
    self.tk.call(self._w, "children", item or '') or ())
    ~~~~~~~~~~~~^^^^^^^^^^^^^^^^^^^^^^^^^^^^^^^^^
_tkinter.TclError: invalid command name ".!frame8.!canvas.!frame.!frame.!frame3.!frame2.!treeview"
2026-09-03 14:01:17 - ERROR - Dashboard refresh error: invalid command name ".!frame16.!canvas.!frame.!frame.!frame3.!frame2.!treeview"
Traceback (most recent call last):
  File "C:\Users\Erica Gallogo\OneDrive - National University\Desktop\MIDTERM\views\tracker_view.py", line 699, in load_data
    for item in self.tree.get_children():
                ~~~~~~~~~~~~~~~~~~~~~~^^
  File "C:\Users\Erica Gallogo\AppData\Local\Python\pythoncore-3.14-64\Lib\tkinter\ttk.py", line 1207, in get_children
    self.tk.call(self._w, "children", item or '') or ())
    ~~~~~~~~~~~~^^^^^^^^^^^^^^^^^^^^^^^^^^^^^^^^^
_tkinter.TclError: invalid command name ".!frame16.!canvas.!frame.!frame.!frame3.!frame2.!treeview"
2026-09-03 14:01:21 - ERROR - Dashboard refresh error: invalid command name ".!frame12.!canvas.!frame.!frame.!frame3.!frame2.!treeview"
Traceback (most recent call last):
  File "C:\Users\Erica Gallogo\OneDrive - National University\Desktop\MIDTERM\views\tracker_view.py", line 699, in load_data
    for item in self.tree.get_children():
                ~~~~~~~~~~~~~~~~~~~~~~^^
  File "C:\Users\Erica Gallogo\AppData\Local\Python\pythoncore-3.14-64\Lib\tkinter\ttk.py", line 1207, in get_children
    self.tk.call(self._w, "children", item or '') or ())
    ~~~~~~~~~~~~^^^^^^^^^^^^^^^^^^^^^^^^^^^^^^^^^
_tkinter.TclError: invalid command name ".!frame12.!canvas.!frame.!frame.!frame3.!frame2.!treeview"
2026-09-03 14:01:22 - ERROR - Dashboard refresh error: invalid command name ".!frame4.!canvas.!frame.!frame.!frame3.!frame2.!treeview"
Traceback (most recent call last):
  File "C:\Users\Erica Gallogo\OneDrive - National University\Desktop\MIDTERM\views\tracker_view.py", line 699, in load_data
    for item in self.tree.get_children():
                ~~~~~~~~~~~~~~~~~~~~~~^^
  File "C:\Users\Erica Gallogo\AppData\Local\Python\pythoncore-3.14-64\Lib\tkinter\ttk.py", line 1207, in get_children
    self.tk.call(self._w, "children", item or '') or ())
    ~~~~~~~~~~~~^^^^^^^^^^^^^^^^^^^^^^^^^^^^^^^^^
_tkinter.TclError: invalid command name ".!frame4.!canvas.!frame.!frame.!frame3.!frame2.!treeview"
2026-09-03 14:01:22 - ERROR - Dashboard refresh error: invalid command name ".!frame8.!canvas.!frame.!frame.!frame3.!frame2.!treeview"
Traceback (most recent call last):
  File "C:\Users\Erica Gallogo\OneDrive - National University\Desktop\MIDTERM\views\tracker_view.py", line 699, in load_data
    for item in self.tree.get_children():
                ~~~~~~~~~~~~~~~~~~~~~~^^
  File "C:\Users\Erica Gallogo\AppData\Local\Python\pythoncore-3.14-64\Lib\tkinter\ttk.py", line 1207, in get_children
    self.tk.call(self._w, "children", item or '') or ())
    ~~~~~~~~~~~~^^^^^^^^^^^^^^^^^^^^^^^^^^^^^^^^^
_tkinter.TclError: invalid command name ".!frame8.!canvas.!frame.!frame.!frame3.!frame2.!treeview"
2026-09-03 14:01:22 - ERROR - Dashboard refresh error: invalid command name ".!frame16.!canvas.!frame.!frame.!frame3.!frame2.!treeview"
Traceback (most recent call last):
  File "C:\Users\Erica Gallogo\OneDrive - National University\Desktop\MIDTERM\views\tracker_view.py", line 699, in load_data
    for item in self.tree.get_children():
                ~~~~~~~~~~~~~~~~~~~~~~^^
  File "C:\Users\Erica Gallogo\AppData\Local\Python\pythoncore-3.14-64\Lib\tkinter\ttk.py", line 1207, in get_children
    self.tk.call(self._w, "children", item or '') or ())
    ~~~~~~~~~~~~^^^^^^^^^^^^^^^^^^^^^^^^^^^^^^^^^
_tkinter.TclError: invalid command name ".!frame16.!canvas.!frame.!frame.!frame3.!frame2.!treeview"
2026-09-03 14:01:26 - ERROR - Dashboard refresh error: invalid command name ".!frame12.!canvas.!frame.!frame.!frame3.!frame2.!treeview"
Traceback (most recent call last):
  File "C:\Users\Erica Gallogo\OneDrive - National University\Desktop\MIDTERM\views\tracker_view.py", line 699, in load_data
    for item in self.tree.get_children():
                ~~~~~~~~~~~~~~~~~~~~~~^^
  File "C:\Users\Erica Gallogo\AppData\Local\Python\pythoncore-3.14-64\Lib\tkinter\ttk.py", line 1207, in get_children
    self.tk.call(self._w, "children", item or '') or ())
    ~~~~~~~~~~~~^^^^^^^^^^^^^^^^^^^^^^^^^^^^^^^^^
_tkinter.TclError: invalid command name ".!frame12.!canvas.!frame.!frame.!frame3.!frame2.!treeview"
2026-09-03 14:01:27 - ERROR - Dashboard refresh error: invalid command name ".!frame4.!canvas.!frame.!frame.!frame3.!frame2.!treeview"
Traceback (most recent call last):
  File "C:\Users\Erica Gallogo\OneDrive - National University\Desktop\MIDTERM\views\tracker_view.py", line 699, in load_data
    for item in self.tree.get_children():
                ~~~~~~~~~~~~~~~~~~~~~~^^
  File "C:\Users\Erica Gallogo\AppData\Local\Python\pythoncore-3.14-64\Lib\tkinter\ttk.py", line 1207, in get_children
    self.tk.call(self._w, "children", item or '') or ())
    ~~~~~~~~~~~~^^^^^^^^^^^^^^^^^^^^^^^^^^^^^^^^^
_tkinter.TclError: invalid command name ".!frame4.!canvas.!frame.!frame.!frame3.!frame2.!treeview"
2026-09-03 14:01:27 - ERROR - Dashboard refresh error: invalid command name ".!frame8.!canvas.!frame.!frame.!frame3.!frame2.!treeview"
Traceback (most recent call last):
  File "C:\Users\Erica Gallogo\OneDrive - National University\Desktop\MIDTERM\views\tracker_view.py", line 699, in load_data
    for item in self.tree.get_children():
                ~~~~~~~~~~~~~~~~~~~~~~^^
  File "C:\Users\Erica Gallogo\AppData\Local\Python\pythoncore-3.14-64\Lib\tkinter\ttk.py", line 1207, in get_children
    self.tk.call(self._w, "children", item or '') or ())
    ~~~~~~~~~~~~^^^^^^^^^^^^^^^^^^^^^^^^^^^^^^^^^
_tkinter.TclError: invalid command name ".!frame8.!canvas.!frame.!frame.!frame3.!frame2.!treeview"
2026-09-03 14:01:27 - ERROR - Dashboard refresh error: invalid command name ".!frame16.!canvas.!frame.!frame.!frame3.!frame2.!treeview"
Traceback (most recent call last):
  File "C:\Users\Erica Gallogo\OneDrive - National University\Desktop\MIDTERM\views\tracker_view.py", line 699, in load_data
    for item in self.tree.get_children():
                ~~~~~~~~~~~~~~~~~~~~~~^^
  File "C:\Users\Erica Gallogo\AppData\Local\Python\pythoncore-3.14-64\Lib\tkinter\ttk.py", line 1207, in get_children
    self.tk.call(self._w, "children", item or '') or ())
    ~~~~~~~~~~~~^^^^^^^^^^^^^^^^^^^^^^^^^^^^^^^^^
_tkinter.TclError: invalid command name ".!frame16.!canvas.!frame.!frame.!frame3.!frame2.!treeview"
2026-09-03 14:01:31 - ERROR - Dashboard refresh error: invalid command name ".!frame12.!canvas.!frame.!frame.!frame3.!frame2.!treeview"
Traceback (most recent call last):
  File "C:\Users\Erica Gallogo\OneDrive - National University\Desktop\MIDTERM\views\tracker_view.py", line 699, in load_data
    for item in self.tree.get_children():
                ~~~~~~~~~~~~~~~~~~~~~~^^
  File "C:\Users\Erica Gallogo\AppData\Local\Python\pythoncore-3.14-64\Lib\tkinter\ttk.py", line 1207, in get_children
    self.tk.call(self._w, "children", item or '') or ())
    ~~~~~~~~~~~~^^^^^^^^^^^^^^^^^^^^^^^^^^^^^^^^^
_tkinter.TclError: invalid command name ".!frame12.!canvas.!frame.!frame.!frame3.!frame2.!treeview"
2026-09-03 14:01:32 - ERROR - Dashboard refresh error: invalid command name ".!frame4.!canvas.!frame.!frame.!frame3.!frame2.!treeview"
Traceback (most recent call last):
  File "C:\Users\Erica Gallogo\OneDrive - National University\Desktop\MIDTERM\views\tracker_view.py", line 699, in load_data
    for item in self.tree.get_children():
                ~~~~~~~~~~~~~~~~~~~~~~^^
  File "C:\Users\Erica Gallogo\AppData\Local\Python\pythoncore-3.14-64\Lib\tkinter\ttk.py", line 1207, in get_children
    self.tk.call(self._w, "children", item or '') or ())
    ~~~~~~~~~~~~^^^^^^^^^^^^^^^^^^^^^^^^^^^^^^^^^
_tkinter.TclError: invalid command name ".!frame4.!canvas.!frame.!frame.!frame3.!frame2.!treeview"
2026-09-03 14:01:32 - ERROR - Dashboard refresh error: invalid command name ".!frame8.!canvas.!frame.!frame.!frame3.!frame2.!treeview"
Traceback (most recent call last):
  File "C:\Users\Erica Gallogo\OneDrive - National University\Desktop\MIDTERM\views\tracker_view.py", line 699, in load_data
    for item in self.tree.get_children():
                ~~~~~~~~~~~~~~~~~~~~~~^^
  File "C:\Users\Erica Gallogo\AppData\Local\Python\pythoncore-3.14-64\Lib\tkinter\ttk.py", line 1207, in get_children
    self.tk.call(self._w, "children", item or '') or ())
    ~~~~~~~~~~~~^^^^^^^^^^^^^^^^^^^^^^^^^^^^^^^^^
_tkinter.TclError: invalid command name ".!frame8.!canvas.!frame.!frame.!frame3.!frame2.!treeview"
2026-09-03 14:01:32 - ERROR - Dashboard refresh error: invalid command name ".!frame16.!canvas.!frame.!frame.!frame3.!frame2.!treeview"
Traceback (most recent call last):
  File "C:\Users\Erica Gallogo\OneDrive - National University\Desktop\MIDTERM\views\tracker_view.py", line 699, in load_data
    for item in self.tree.get_children():
                ~~~~~~~~~~~~~~~~~~~~~~^^
  File "C:\Users\Erica Gallogo\AppData\Local\Python\pythoncore-3.14-64\Lib\tkinter\ttk.py", line 1207, in get_children
    self.tk.call(self._w, "children", item or '') or ())
    ~~~~~~~~~~~~^^^^^^^^^^^^^^^^^^^^^^^^^^^^^^^^^
_tkinter.TclError: invalid command name ".!frame16.!canvas.!frame.!frame.!frame3.!frame2.!treeview"
2026-09-03 14:01:36 - INFO - Password reset request 1 approved by 'eca'
2026-09-03 14:01:36 - ERROR - Dashboard refresh error: invalid command name ".!frame12.!canvas.!frame.!frame.!frame3.!frame2.!treeview"
Traceback (most recent call last):
  File "C:\Users\Erica Gallogo\OneDrive - National University\Desktop\MIDTERM\views\tracker_view.py", line 699, in load_data
    for item in self.tree.get_children():
                ~~~~~~~~~~~~~~~~~~~~~~^^
  File "C:\Users\Erica Gallogo\AppData\Local\Python\pythoncore-3.14-64\Lib\tkinter\ttk.py", line 1207, in get_children
    self.tk.call(self._w, "children", item or '') or ())
    ~~~~~~~~~~~~^^^^^^^^^^^^^^^^^^^^^^^^^^^^^^^^^
_tkinter.TclError: invalid command name ".!frame12.!canvas.!frame.!frame.!frame3.!frame2.!treeview"
2026-09-03 14:01:37 - ERROR - Dashboard refresh error: invalid command name ".!frame4.!canvas.!frame.!frame.!frame3.!frame2.!treeview"
Traceback (most recent call last):
  File "C:\Users\Erica Gallogo\OneDrive - National University\Desktop\MIDTERM\views\tracker_view.py", line 699, in load_data
    for item in self.tree.get_children():
                ~~~~~~~~~~~~~~~~~~~~~~^^
  File "C:\Users\Erica Gallogo\AppData\Local\Python\pythoncore-3.14-64\Lib\tkinter\ttk.py", line 1207, in get_children
    self.tk.call(self._w, "children", item or '') or ())
    ~~~~~~~~~~~~^^^^^^^^^^^^^^^^^^^^^^^^^^^^^^^^^
_tkinter.TclError: invalid command name ".!frame4.!canvas.!frame.!frame.!frame3.!frame2.!treeview"
2026-09-03 14:01:37 - ERROR - Dashboard refresh error: invalid command name ".!frame8.!canvas.!frame.!frame.!frame3.!frame2.!treeview"
Traceback (most recent call last):
  File "C:\Users\Erica Gallogo\OneDrive - National University\Desktop\MIDTERM\views\tracker_view.py", line 699, in load_data
    for item in self.tree.get_children():
                ~~~~~~~~~~~~~~~~~~~~~~^^
  File "C:\Users\Erica Gallogo\AppData\Local\Python\pythoncore-3.14-64\Lib\tkinter\ttk.py", line 1207, in get_children
    self.tk.call(self._w, "children", item or '') or ())
    ~~~~~~~~~~~~^^^^^^^^^^^^^^^^^^^^^^^^^^^^^^^^^
_tkinter.TclError: invalid command name ".!frame8.!canvas.!frame.!frame.!frame3.!frame2.!treeview"
2026-09-03 14:01:37 - ERROR - Dashboard refresh error: invalid command name ".!frame16.!canvas.!frame.!frame.!frame3.!frame2.!treeview"
Traceback (most recent call last):
  File "C:\Users\Erica Gallogo\OneDrive - National University\Desktop\MIDTERM\views\tracker_view.py", line 699, in load_data
    for item in self.tree.get_children():
                ~~~~~~~~~~~~~~~~~~~~~~^^
  File "C:\Users\Erica Gallogo\AppData\Local\Python\pythoncore-3.14-64\Lib\tkinter\ttk.py", line 1207, in get_children
    self.tk.call(self._w, "children", item or '') or ())
    ~~~~~~~~~~~~^^^^^^^^^^^^^^^^^^^^^^^^^^^^^^^^^
_tkinter.TclError: invalid command name ".!frame16.!canvas.!frame.!frame.!frame3.!frame2.!treeview"
2026-09-03 14:01:41 - ERROR - Dashboard refresh error: invalid command name ".!frame12.!canvas.!frame.!frame.!frame3.!frame2.!treeview"
Traceback (most recent call last):
  File "C:\Users\Erica Gallogo\OneDrive - National University\Desktop\MIDTERM\views\tracker_view.py", line 699, in load_data
    for item in self.tree.get_children():
                ~~~~~~~~~~~~~~~~~~~~~~^^
  File "C:\Users\Erica Gallogo\AppData\Local\Python\pythoncore-3.14-64\Lib\tkinter\ttk.py", line 1207, in get_children
    self.tk.call(self._w, "children", item or '') or ())
    ~~~~~~~~~~~~^^^^^^^^^^^^^^^^^^^^^^^^^^^^^^^^^
_tkinter.TclError: invalid command name ".!frame12.!canvas.!frame.!frame.!frame3.!frame2.!treeview"
2026-09-03 14:01:42 - ERROR - Dashboard refresh error: invalid command name ".!frame4.!canvas.!frame.!frame.!frame3.!frame2.!treeview"
Traceback (most recent call last):
  File "C:\Users\Erica Gallogo\OneDrive - National University\Desktop\MIDTERM\views\tracker_view.py", line 699, in load_data
    for item in self.tree.get_children():
                ~~~~~~~~~~~~~~~~~~~~~~^^
  File "C:\Users\Erica Gallogo\AppData\Local\Python\pythoncore-3.14-64\Lib\tkinter\ttk.py", line 1207, in get_children
    self.tk.call(self._w, "children", item or '') or ())
    ~~~~~~~~~~~~^^^^^^^^^^^^^^^^^^^^^^^^^^^^^^^^^
_tkinter.TclError: invalid command name ".!frame4.!canvas.!frame.!frame.!frame3.!frame2.!treeview"
2026-09-03 14:01:42 - ERROR - Dashboard refresh error: invalid command name ".!frame8.!canvas.!frame.!frame.!frame3.!frame2.!treeview"
Traceback (most recent call last):
  File "C:\Users\Erica Gallogo\OneDrive - National University\Desktop\MIDTERM\views\tracker_view.py", line 699, in load_data
    for item in self.tree.get_children():
                ~~~~~~~~~~~~~~~~~~~~~~^^
  File "C:\Users\Erica Gallogo\AppData\Local\Python\pythoncore-3.14-64\Lib\tkinter\ttk.py", line 1207, in get_children
    self.tk.call(self._w, "children", item or '') or ())
    ~~~~~~~~~~~~^^^^^^^^^^^^^^^^^^^^^^^^^^^^^^^^^
_tkinter.TclError: invalid command name ".!frame8.!canvas.!frame.!frame.!frame3.!frame2.!treeview"
2026-09-03 14:01:42 - ERROR - Dashboard refresh error: invalid command name ".!frame16.!canvas.!frame.!frame.!frame3.!frame2.!treeview"
Traceback (most recent call last):
  File "C:\Users\Erica Gallogo\OneDrive - National University\Desktop\MIDTERM\views\tracker_view.py", line 699, in load_data
    for item in self.tree.get_children():
                ~~~~~~~~~~~~~~~~~~~~~~^^
  File "C:\Users\Erica Gallogo\AppData\Local\Python\pythoncore-3.14-64\Lib\tkinter\ttk.py", line 1207, in get_children
    self.tk.call(self._w, "children", item or '') or ())
    ~~~~~~~~~~~~^^^^^^^^^^^^^^^^^^^^^^^^^^^^^^^^^
_tkinter.TclError: invalid command name ".!frame16.!canvas.!frame.!frame.!frame3.!frame2.!treeview"
2026-09-03 14:01:46 - ERROR - Dashboard refresh error: invalid command name ".!frame12.!canvas.!frame.!frame.!frame3.!frame2.!treeview"
Traceback (most recent call last):
  File "C:\Users\Erica Gallogo\OneDrive - National University\Desktop\MIDTERM\views\tracker_view.py", line 699, in load_data
    for item in self.tree.get_children():
                ~~~~~~~~~~~~~~~~~~~~~~^^
  File "C:\Users\Erica Gallogo\AppData\Local\Python\pythoncore-3.14-64\Lib\tkinter\ttk.py", line 1207, in get_children
    self.tk.call(self._w, "children", item or '') or ())
    ~~~~~~~~~~~~^^^^^^^^^^^^^^^^^^^^^^^^^^^^^^^^^
_tkinter.TclError: invalid command name ".!frame12.!canvas.!frame.!frame.!frame3.!frame2.!treeview"
2026-09-03 14:01:47 - ERROR - Dashboard refresh error: invalid command name ".!frame4.!canvas.!frame.!frame.!frame3.!frame2.!treeview"
Traceback (most recent call last):
  File "C:\Users\Erica Gallogo\OneDrive - National University\Desktop\MIDTERM\views\tracker_view.py", line 699, in load_data
    for item in self.tree.get_children():
                ~~~~~~~~~~~~~~~~~~~~~~^^
  File "C:\Users\Erica Gallogo\AppData\Local\Python\pythoncore-3.14-64\Lib\tkinter\ttk.py", line 1207, in get_children
    self.tk.call(self._w, "children", item or '') or ())
    ~~~~~~~~~~~~^^^^^^^^^^^^^^^^^^^^^^^^^^^^^^^^^
_tkinter.TclError: invalid command name ".!frame4.!canvas.!frame.!frame.!frame3.!frame2.!treeview"
2026-09-03 14:01:47 - ERROR - Dashboard refresh error: invalid command name ".!frame8.!canvas.!frame.!frame.!frame3.!frame2.!treeview"
Traceback (most recent call last):
  File "C:\Users\Erica Gallogo\OneDrive - National University\Desktop\MIDTERM\views\tracker_view.py", line 699, in load_data
    for item in self.tree.get_children():
                ~~~~~~~~~~~~~~~~~~~~~~^^
  File "C:\Users\Erica Gallogo\AppData\Local\Python\pythoncore-3.14-64\Lib\tkinter\ttk.py", line 1207, in get_children
    self.tk.call(self._w, "children", item or '') or ())
    ~~~~~~~~~~~~^^^^^^^^^^^^^^^^^^^^^^^^^^^^^^^^^
_tkinter.TclError: invalid command name ".!frame8.!canvas.!frame.!frame.!frame3.!frame2.!treeview"
2026-09-03 14:01:47 - ERROR - Dashboard refresh error: invalid command name ".!frame16.!canvas.!frame.!frame.!frame3.!frame2.!treeview"
Traceback (most recent call last):
  File "C:\Users\Erica Gallogo\OneDrive - National University\Desktop\MIDTERM\views\tracker_view.py", line 699, in load_data
    for item in self.tree.get_children():
                ~~~~~~~~~~~~~~~~~~~~~~^^
  File "C:\Users\Erica Gallogo\AppData\Local\Python\pythoncore-3.14-64\Lib\tkinter\ttk.py", line 1207, in get_children
    self.tk.call(self._w, "children", item or '') or ())
    ~~~~~~~~~~~~^^^^^^^^^^^^^^^^^^^^^^^^^^^^^^^^^
_tkinter.TclError: invalid command name ".!frame16.!canvas.!frame.!frame.!frame3.!frame2.!treeview"
2026-09-03 14:14:35 - INFO - Hardware inventory database initialized successfully.
2026-09-03 14:14:36 - INFO - Campus Hardware Inventory application started.
2026-09-03 14:15:10 - INFO - User Logged In: 'eca'
2026-09-03 14:15:59 - INFO - User Logged Out: 'eca'
2026-09-03 14:16:02 - ERROR - Dashboard refresh error: invalid command name ".!frame6.!canvas.!frame.!frame.!frame3.!frame2.!treeview"
Traceback (most recent call last):
  File "C:\Users\Erica Gallogo\OneDrive - National University\Desktop\MIDTERM\views\tracker_view.py", line 700, in load_data
    for item in self.tree.get_children():
                ~~~~~~~~~~~~~~~~~~~~~~^^
  File "C:\Users\Erica Gallogo\AppData\Local\Python\pythoncore-3.14-64\Lib\tkinter\ttk.py", line 1207, in get_children
    self.tk.call(self._w, "children", item or '') or ())
    ~~~~~~~~~~~~^^^^^^^^^^^^^^^^^^^^^^^^^^^^^^^^^
_tkinter.TclError: invalid command name ".!frame6.!canvas.!frame.!frame.!frame3.!frame2.!treeview"
2026-09-03 14:16:07 - ERROR - Dashboard refresh error: invalid command name ".!frame6.!canvas.!frame.!frame.!frame3.!frame2.!treeview"
Traceback (most recent call last):
  File "C:\Users\Erica Gallogo\OneDrive - National University\Desktop\MIDTERM\views\tracker_view.py", line 700, in load_data
    for item in self.tree.get_children():
                ~~~~~~~~~~~~~~~~~~~~~~^^
  File "C:\Users\Erica Gallogo\AppData\Local\Python\pythoncore-3.14-64\Lib\tkinter\ttk.py", line 1207, in get_children
    self.tk.call(self._w, "children", item or '') or ())
    ~~~~~~~~~~~~^^^^^^^^^^^^^^^^^^^^^^^^^^^^^^^^^
_tkinter.TclError: invalid command name ".!frame6.!canvas.!frame.!frame.!frame3.!frame2.!treeview"
2026-09-03 14:16:12 - ERROR - Dashboard refresh error: invalid command name ".!frame6.!canvas.!frame.!frame.!frame3.!frame2.!treeview"
Traceback (most recent call last):
  File "C:\Users\Erica Gallogo\OneDrive - National University\Desktop\MIDTERM\views\tracker_view.py", line 700, in load_data
    for item in self.tree.get_children():
                ~~~~~~~~~~~~~~~~~~~~~~^^
  File "C:\Users\Erica Gallogo\AppData\Local\Python\pythoncore-3.14-64\Lib\tkinter\ttk.py", line 1207, in get_children
    self.tk.call(self._w, "children", item or '') or ())
    ~~~~~~~~~~~~^^^^^^^^^^^^^^^^^^^^^^^^^^^^^^^^^
_tkinter.TclError: invalid command name ".!frame6.!canvas.!frame.!frame.!frame3.!frame2.!treeview"
2026-09-03 14:16:17 - ERROR - Dashboard refresh error: invalid command name ".!frame6.!canvas.!frame.!frame.!frame3.!frame2.!treeview"
Traceback (most recent call last):
  File "C:\Users\Erica Gallogo\OneDrive - National University\Desktop\MIDTERM\views\tracker_view.py", line 700, in load_data
    for item in self.tree.get_children():
                ~~~~~~~~~~~~~~~~~~~~~~^^
  File "C:\Users\Erica Gallogo\AppData\Local\Python\pythoncore-3.14-64\Lib\tkinter\ttk.py", line 1207, in get_children
    self.tk.call(self._w, "children", item or '') or ())
    ~~~~~~~~~~~~^^^^^^^^^^^^^^^^^^^^^^^^^^^^^^^^^
_tkinter.TclError: invalid command name ".!frame6.!canvas.!frame.!frame.!frame3.!frame2.!treeview"
2026-09-03 14:16:19 - INFO - User Logged In: 'erica'
2026-09-03 14:16:22 - ERROR - Dashboard refresh error: invalid command name ".!frame6.!canvas.!frame.!frame.!frame3.!frame2.!treeview"
Traceback (most recent call last):
  File "C:\Users\Erica Gallogo\OneDrive - National University\Desktop\MIDTERM\views\tracker_view.py", line 700, in load_data
    for item in self.tree.get_children():
                ~~~~~~~~~~~~~~~~~~~~~~^^
  File "C:\Users\Erica Gallogo\AppData\Local\Python\pythoncore-3.14-64\Lib\tkinter\ttk.py", line 1207, in get_children
    self.tk.call(self._w, "children", item or '') or ())
    ~~~~~~~~~~~~^^^^^^^^^^^^^^^^^^^^^^^^^^^^^^^^^
_tkinter.TclError: invalid command name ".!frame6.!canvas.!frame.!frame.!frame3.!frame2.!treeview"
2026-09-03 14:16:27 - ERROR - Dashboard refresh error: invalid command name ".!frame6.!canvas.!frame.!frame.!frame3.!frame2.!treeview"
Traceback (most recent call last):
  File "C:\Users\Erica Gallogo\OneDrive - National University\Desktop\MIDTERM\views\tracker_view.py", line 700, in load_data
    for item in self.tree.get_children():
                ~~~~~~~~~~~~~~~~~~~~~~^^
  File "C:\Users\Erica Gallogo\AppData\Local\Python\pythoncore-3.14-64\Lib\tkinter\ttk.py", line 1207, in get_children
    self.tk.call(self._w, "children", item or '') or ())
    ~~~~~~~~~~~~^^^^^^^^^^^^^^^^^^^^^^^^^^^^^^^^^
_tkinter.TclError: invalid command name ".!frame6.!canvas.!frame.!frame.!frame3.!frame2.!treeview"
2026-09-03 14:16:32 - ERROR - Dashboard refresh error: invalid command name ".!frame6.!canvas.!frame.!frame.!frame3.!frame2.!treeview"
Traceback (most recent call last):
  File "C:\Users\Erica Gallogo\OneDrive - National University\Desktop\MIDTERM\views\tracker_view.py", line 700, in load_data
    for item in self.tree.get_children():
                ~~~~~~~~~~~~~~~~~~~~~~^^
  File "C:\Users\Erica Gallogo\AppData\Local\Python\pythoncore-3.14-64\Lib\tkinter\ttk.py", line 1207, in get_children
    self.tk.call(self._w, "children", item or '') or ())
    ~~~~~~~~~~~~^^^^^^^^^^^^^^^^^^^^^^^^^^^^^^^^^
_tkinter.TclError: invalid command name ".!frame6.!canvas.!frame.!frame.!frame3.!frame2.!treeview"
2026-09-03 14:16:37 - ERROR - Dashboard refresh error: invalid command name ".!frame6.!canvas.!frame.!frame.!frame3.!frame2.!treeview"
Traceback (most recent call last):
  File "C:\Users\Erica Gallogo\OneDrive - National University\Desktop\MIDTERM\views\tracker_view.py", line 700, in load_data
    for item in self.tree.get_children():
                ~~~~~~~~~~~~~~~~~~~~~~^^
  File "C:\Users\Erica Gallogo\AppData\Local\Python\pythoncore-3.14-64\Lib\tkinter\ttk.py", line 1207, in get_children
    self.tk.call(self._w, "children", item or '') or ())
    ~~~~~~~~~~~~^^^^^^^^^^^^^^^^^^^^^^^^^^^^^^^^^
_tkinter.TclError: invalid command name ".!frame6.!canvas.!frame.!frame.!frame3.!frame2.!treeview"
2026-09-03 14:16:42 - ERROR - Dashboard refresh error: invalid command name ".!frame6.!canvas.!frame.!frame.!frame3.!frame2.!treeview"
Traceback (most recent call last):
  File "C:\Users\Erica Gallogo\OneDrive - National University\Desktop\MIDTERM\views\tracker_view.py", line 700, in load_data
    for item in self.tree.get_children():
                ~~~~~~~~~~~~~~~~~~~~~~^^
  File "C:\Users\Erica Gallogo\AppData\Local\Python\pythoncore-3.14-64\Lib\tkinter\ttk.py", line 1207, in get_children
    self.tk.call(self._w, "children", item or '') or ())
    ~~~~~~~~~~~~^^^^^^^^^^^^^^^^^^^^^^^^^^^^^^^^^
_tkinter.TclError: invalid command name ".!frame6.!canvas.!frame.!frame.!frame3.!frame2.!treeview"
2026-09-03 14:16:47 - ERROR - Dashboard refresh error: invalid command name ".!frame6.!canvas.!frame.!frame.!frame3.!frame2.!treeview"
Traceback (most recent call last):
  File "C:\Users\Erica Gallogo\OneDrive - National University\Desktop\MIDTERM\views\tracker_view.py", line 700, in load_data
    for item in self.tree.get_children():
                ~~~~~~~~~~~~~~~~~~~~~~^^
  File "C:\Users\Erica Gallogo\AppData\Local\Python\pythoncore-3.14-64\Lib\tkinter\ttk.py", line 1207, in get_children
    self.tk.call(self._w, "children", item or '') or ())
    ~~~~~~~~~~~~^^^^^^^^^^^^^^^^^^^^^^^^^^^^^^^^^
_tkinter.TclError: invalid command name ".!frame6.!canvas.!frame.!frame.!frame3.!frame2.!treeview"
2026-09-03 14:16:52 - ERROR - Dashboard refresh error: invalid command name ".!frame6.!canvas.!frame.!frame.!frame3.!frame2.!treeview"
Traceback (most recent call last):
  File "C:\Users\Erica Gallogo\OneDrive - National University\Desktop\MIDTERM\views\tracker_view.py", line 700, in load_data
    for item in self.tree.get_children():
                ~~~~~~~~~~~~~~~~~~~~~~^^
  File "C:\Users\Erica Gallogo\AppData\Local\Python\pythoncore-3.14-64\Lib\tkinter\ttk.py", line 1207, in get_children
    self.tk.call(self._w, "children", item or '') or ())
    ~~~~~~~~~~~~^^^^^^^^^^^^^^^^^^^^^^^^^^^^^^^^^
_tkinter.TclError: invalid command name ".!frame6.!canvas.!frame.!frame.!frame3.!frame2.!treeview"
2026-09-03 14:16:57 - ERROR - Dashboard refresh error: invalid command name ".!frame6.!canvas.!frame.!frame.!frame3.!frame2.!treeview"
Traceback (most recent call last):
  File "C:\Users\Erica Gallogo\OneDrive - National University\Desktop\MIDTERM\views\tracker_view.py", line 700, in load_data
    for item in self.tree.get_children():
                ~~~~~~~~~~~~~~~~~~~~~~^^
  File "C:\Users\Erica Gallogo\AppData\Local\Python\pythoncore-3.14-64\Lib\tkinter\ttk.py", line 1207, in get_children
    self.tk.call(self._w, "children", item or '') or ())
    ~~~~~~~~~~~~^^^^^^^^^^^^^^^^^^^^^^^^^^^^^^^^^
_tkinter.TclError: invalid command name ".!frame6.!canvas.!frame.!frame.!frame3.!frame2.!treeview"
2026-09-03 14:18:55 - INFO - Hardware inventory database initialized successfully.
2026-09-03 14:18:56 - INFO - Campus Hardware Inventory application started.
2026-09-03 14:19:20 - INFO - User Logged In: 'erica'
2026-09-03 14:21:16 - INFO - Hardware inventory database initialized successfully.
2026-09-03 14:21:16 - INFO - Campus Hardware Inventory application started.
2026-09-03 14:21:46 - INFO - User Logged In: 'erica'
2026-09-03 14:22:19 - INFO - Borrow request created pending admin approval: student=eli, student_id=345678, item_id=1, quantity=25, pay_by=2026-09-20
2026-09-03 14:22:53 - INFO - User Logged Out: 'erica'
2026-09-03 14:22:54 - ERROR - Dashboard refresh error: invalid command name ".!frame4.!canvas.!frame.!frame.!frame4.!frame2.!treeview"
Traceback (most recent call last):
  File "C:\Users\Erica Gallogo\OneDrive - National University\Desktop\MIDTERM\views\tracker_view.py", line 708, in load_data
    for item in self.tree.get_children():
                ~~~~~~~~~~~~~~~~~~~~~~^^
  File "C:\Users\Erica Gallogo\AppData\Local\Python\pythoncore-3.14-64\Lib\tkinter\ttk.py", line 1207, in get_children
    self.tk.call(self._w, "children", item or '') or ())
    ~~~~~~~~~~~~^^^^^^^^^^^^^^^^^^^^^^^^^^^^^^^^^
_tkinter.TclError: invalid command name ".!frame4.!canvas.!frame.!frame.!frame4.!frame2.!treeview"
2026-09-03 14:22:59 - ERROR - Dashboard refresh error: invalid command name ".!frame4.!canvas.!frame.!frame.!frame4.!frame2.!treeview"
Traceback (most recent call last):
  File "C:\Users\Erica Gallogo\OneDrive - National University\Desktop\MIDTERM\views\tracker_view.py", line 708, in load_data
    for item in self.tree.get_children():
                ~~~~~~~~~~~~~~~~~~~~~~^^
  File "C:\Users\Erica Gallogo\AppData\Local\Python\pythoncore-3.14-64\Lib\tkinter\ttk.py", line 1207, in get_children
    self.tk.call(self._w, "children", item or '') or ())
    ~~~~~~~~~~~~^^^^^^^^^^^^^^^^^^^^^^^^^^^^^^^^^
_tkinter.TclError: invalid command name ".!frame4.!canvas.!frame.!frame.!frame4.!frame2.!treeview"
2026-09-03 14:23:04 - ERROR - Dashboard refresh error: invalid command name ".!frame4.!canvas.!frame.!frame.!frame4.!frame2.!treeview"
Traceback (most recent call last):
  File "C:\Users\Erica Gallogo\OneDrive - National University\Desktop\MIDTERM\views\tracker_view.py", line 708, in load_data
    for item in self.tree.get_children():
                ~~~~~~~~~~~~~~~~~~~~~~^^
  File "C:\Users\Erica Gallogo\AppData\Local\Python\pythoncore-3.14-64\Lib\tkinter\ttk.py", line 1207, in get_children
    self.tk.call(self._w, "children", item or '') or ())
    ~~~~~~~~~~~~^^^^^^^^^^^^^^^^^^^^^^^^^^^^^^^^^
_tkinter.TclError: invalid command name ".!frame4.!canvas.!frame.!frame.!frame4.!frame2.!treeview"
2026-09-03 14:23:09 - ERROR - Dashboard refresh error: invalid command name ".!frame4.!canvas.!frame.!frame.!frame4.!frame2.!treeview"
Traceback (most recent call last):
  File "C:\Users\Erica Gallogo\OneDrive - National University\Desktop\MIDTERM\views\tracker_view.py", line 708, in load_data
    for item in self.tree.get_children():
                ~~~~~~~~~~~~~~~~~~~~~~^^
  File "C:\Users\Erica Gallogo\AppData\Local\Python\pythoncore-3.14-64\Lib\tkinter\ttk.py", line 1207, in get_children
    self.tk.call(self._w, "children", item or '') or ())
    ~~~~~~~~~~~~^^^^^^^^^^^^^^^^^^^^^^^^^^^^^^^^^
_tkinter.TclError: invalid command name ".!frame4.!canvas.!frame.!frame.!frame4.!frame2.!treeview"
2026-09-03 14:23:14 - ERROR - Dashboard refresh error: invalid command name ".!frame4.!canvas.!frame.!frame.!frame4.!frame2.!treeview"
Traceback (most recent call last):
  File "C:\Users\Erica Gallogo\OneDrive - National University\Desktop\MIDTERM\views\tracker_view.py", line 708, in load_data
    for item in self.tree.get_children():
                ~~~~~~~~~~~~~~~~~~~~~~^^
  File "C:\Users\Erica Gallogo\AppData\Local\Python\pythoncore-3.14-64\Lib\tkinter\ttk.py", line 1207, in get_children
    self.tk.call(self._w, "children", item or '') or ())
    ~~~~~~~~~~~~^^^^^^^^^^^^^^^^^^^^^^^^^^^^^^^^^
_tkinter.TclError: invalid command name ".!frame4.!canvas.!frame.!frame.!frame4.!frame2.!treeview"
2026-09-03 14:23:15 - INFO - User Logged In: 'eca'
2026-09-03 14:23:19 - ERROR - Dashboard refresh error: invalid command name ".!frame4.!canvas.!frame.!frame.!frame4.!frame2.!treeview"
Traceback (most recent call last):
  File "C:\Users\Erica Gallogo\OneDrive - National University\Desktop\MIDTERM\views\tracker_view.py", line 708, in load_data
    for item in self.tree.get_children():
                ~~~~~~~~~~~~~~~~~~~~~~^^
  File "C:\Users\Erica Gallogo\AppData\Local\Python\pythoncore-3.14-64\Lib\tkinter\ttk.py", line 1207, in get_children
    self.tk.call(self._w, "children", item or '') or ())
    ~~~~~~~~~~~~^^^^^^^^^^^^^^^^^^^^^^^^^^^^^^^^^
_tkinter.TclError: invalid command name ".!frame4.!canvas.!frame.!frame.!frame4.!frame2.!treeview"
2026-09-03 14:23:24 - ERROR - Dashboard refresh error: invalid command name ".!frame4.!canvas.!frame.!frame.!frame4.!frame2.!treeview"
Traceback (most recent call last):
  File "C:\Users\Erica Gallogo\OneDrive - National University\Desktop\MIDTERM\views\tracker_view.py", line 708, in load_data
    for item in self.tree.get_children():
                ~~~~~~~~~~~~~~~~~~~~~~^^
  File "C:\Users\Erica Gallogo\AppData\Local\Python\pythoncore-3.14-64\Lib\tkinter\ttk.py", line 1207, in get_children
    self.tk.call(self._w, "children", item or '') or ())
    ~~~~~~~~~~~~^^^^^^^^^^^^^^^^^^^^^^^^^^^^^^^^^
_tkinter.TclError: invalid command name ".!frame4.!canvas.!frame.!frame.!frame4.!frame2.!treeview"
2026-09-03 14:23:29 - ERROR - Dashboard refresh error: invalid command name ".!frame4.!canvas.!frame.!frame.!frame4.!frame2.!treeview"
Traceback (most recent call last):
  File "C:\Users\Erica Gallogo\OneDrive - National University\Desktop\MIDTERM\views\tracker_view.py", line 708, in load_data
    for item in self.tree.get_children():
                ~~~~~~~~~~~~~~~~~~~~~~^^
  File "C:\Users\Erica Gallogo\AppData\Local\Python\pythoncore-3.14-64\Lib\tkinter\ttk.py", line 1207, in get_children
    self.tk.call(self._w, "children", item or '') or ())
    ~~~~~~~~~~~~^^^^^^^^^^^^^^^^^^^^^^^^^^^^^^^^^
_tkinter.TclError: invalid command name ".!frame4.!canvas.!frame.!frame.!frame4.!frame2.!treeview"
2026-09-03 14:23:34 - ERROR - Dashboard refresh error: invalid command name ".!frame4.!canvas.!frame.!frame.!frame4.!frame2.!treeview"
Traceback (most recent call last):
  File "C:\Users\Erica Gallogo\OneDrive - National University\Desktop\MIDTERM\views\tracker_view.py", line 708, in load_data
    for item in self.tree.get_children():
                ~~~~~~~~~~~~~~~~~~~~~~^^
  File "C:\Users\Erica Gallogo\AppData\Local\Python\pythoncore-3.14-64\Lib\tkinter\ttk.py", line 1207, in get_children
    self.tk.call(self._w, "children", item or '') or ())
    ~~~~~~~~~~~~^^^^^^^^^^^^^^^^^^^^^^^^^^^^^^^^^
_tkinter.TclError: invalid command name ".!frame4.!canvas.!frame.!frame.!frame4.!frame2.!treeview"
2026-09-03 14:23:39 - ERROR - Dashboard refresh error: invalid command name ".!frame4.!canvas.!frame.!frame.!frame4.!frame2.!treeview"
Traceback (most recent call last):
  File "C:\Users\Erica Gallogo\OneDrive - National University\Desktop\MIDTERM\views\tracker_view.py", line 708, in load_data
    for item in self.tree.get_children():
                ~~~~~~~~~~~~~~~~~~~~~~^^
  File "C:\Users\Erica Gallogo\AppData\Local\Python\pythoncore-3.14-64\Lib\tkinter\ttk.py", line 1207, in get_children
    self.tk.call(self._w, "children", item or '') or ())
    ~~~~~~~~~~~~^^^^^^^^^^^^^^^^^^^^^^^^^^^^^^^^^
_tkinter.TclError: invalid command name ".!frame4.!canvas.!frame.!frame.!frame4.!frame2.!treeview"
2026-09-03 14:23:44 - ERROR - Dashboard refresh error: invalid command name ".!frame4.!canvas.!frame.!frame.!frame4.!frame2.!treeview"
Traceback (most recent call last):
  File "C:\Users\Erica Gallogo\OneDrive - National University\Desktop\MIDTERM\views\tracker_view.py", line 708, in load_data
    for item in self.tree.get_children():
                ~~~~~~~~~~~~~~~~~~~~~~^^
  File "C:\Users\Erica Gallogo\AppData\Local\Python\pythoncore-3.14-64\Lib\tkinter\ttk.py", line 1207, in get_children
    self.tk.call(self._w, "children", item or '') or ())
    ~~~~~~~~~~~~^^^^^^^^^^^^^^^^^^^^^^^^^^^^^^^^^
_tkinter.TclError: invalid command name ".!frame4.!canvas.!frame.!frame.!frame4.!frame2.!treeview"
2026-09-03 14:23:49 - ERROR - Dashboard refresh error: invalid command name ".!frame4.!canvas.!frame.!frame.!frame4.!frame2.!treeview"
Traceback (most recent call last):
  File "C:\Users\Erica Gallogo\OneDrive - National University\Desktop\MIDTERM\views\tracker_view.py", line 708, in load_data
    for item in self.tree.get_children():
                ~~~~~~~~~~~~~~~~~~~~~~^^
  File "C:\Users\Erica Gallogo\AppData\Local\Python\pythoncore-3.14-64\Lib\tkinter\ttk.py", line 1207, in get_children
    self.tk.call(self._w, "children", item or '') or ())
    ~~~~~~~~~~~~^^^^^^^^^^^^^^^^^^^^^^^^^^^^^^^^^
_tkinter.TclError: invalid command name ".!frame4.!canvas.!frame.!frame.!frame4.!frame2.!treeview"
2026-09-03 14:23:54 - ERROR - Dashboard refresh error: invalid command name ".!frame4.!canvas.!frame.!frame.!frame4.!frame2.!treeview"
Traceback (most recent call last):
  File "C:\Users\Erica Gallogo\OneDrive - National University\Desktop\MIDTERM\views\tracker_view.py", line 708, in load_data
    for item in self.tree.get_children():
                ~~~~~~~~~~~~~~~~~~~~~~^^
  File "C:\Users\Erica Gallogo\AppData\Local\Python\pythoncore-3.14-64\Lib\tkinter\ttk.py", line 1207, in get_children
    self.tk.call(self._w, "children", item or '') or ())
    ~~~~~~~~~~~~^^^^^^^^^^^^^^^^^^^^^^^^^^^^^^^^^
_tkinter.TclError: invalid command name ".!frame4.!canvas.!frame.!frame.!frame4.!frame2.!treeview"
2026-09-03 14:23:59 - ERROR - Dashboard refresh error: invalid command name ".!frame4.!canvas.!frame.!frame.!frame4.!frame2.!treeview"
Traceback (most recent call last):
  File "C:\Users\Erica Gallogo\OneDrive - National University\Desktop\MIDTERM\views\tracker_view.py", line 708, in load_data
    for item in self.tree.get_children():
                ~~~~~~~~~~~~~~~~~~~~~~^^
  File "C:\Users\Erica Gallogo\AppData\Local\Python\pythoncore-3.14-64\Lib\tkinter\ttk.py", line 1207, in get_children
    self.tk.call(self._w, "children", item or '') or ())
    ~~~~~~~~~~~~^^^^^^^^^^^^^^^^^^^^^^^^^^^^^^^^^
_tkinter.TclError: invalid command name ".!frame4.!canvas.!frame.!frame.!frame4.!frame2.!treeview"
2026-09-03 14:24:04 - ERROR - Dashboard refresh error: invalid command name ".!frame4.!canvas.!frame.!frame.!frame4.!frame2.!treeview"
Traceback (most recent call last):
  File "C:\Users\Erica Gallogo\OneDrive - National University\Desktop\MIDTERM\views\tracker_view.py", line 708, in load_data
    for item in self.tree.get_children():
                ~~~~~~~~~~~~~~~~~~~~~~^^
  File "C:\Users\Erica Gallogo\AppData\Local\Python\pythoncore-3.14-64\Lib\tkinter\ttk.py", line 1207, in get_children
    self.tk.call(self._w, "children", item or '') or ())
    ~~~~~~~~~~~~^^^^^^^^^^^^^^^^^^^^^^^^^^^^^^^^^
_tkinter.TclError: invalid command name ".!frame4.!canvas.!frame.!frame.!frame4.!frame2.!treeview"
2026-09-03 14:24:09 - ERROR - Dashboard refresh error: invalid command name ".!frame4.!canvas.!frame.!frame.!frame4.!frame2.!treeview"
Traceback (most recent call last):
  File "C:\Users\Erica Gallogo\OneDrive - National University\Desktop\MIDTERM\views\tracker_view.py", line 708, in load_data
    for item in self.tree.get_children():
                ~~~~~~~~~~~~~~~~~~~~~~^^
  File "C:\Users\Erica Gallogo\AppData\Local\Python\pythoncore-3.14-64\Lib\tkinter\ttk.py", line 1207, in get_children
    self.tk.call(self._w, "children", item or '') or ())
    ~~~~~~~~~~~~^^^^^^^^^^^^^^^^^^^^^^^^^^^^^^^^^
_tkinter.TclError: invalid command name ".!frame4.!canvas.!frame.!frame.!frame4.!frame2.!treeview"
2026-09-03 14:24:14 - ERROR - Dashboard refresh error: invalid command name ".!frame4.!canvas.!frame.!frame.!frame4.!frame2.!treeview"
Traceback (most recent call last):
  File "C:\Users\Erica Gallogo\OneDrive - National University\Desktop\MIDTERM\views\tracker_view.py", line 708, in load_data
    for item in self.tree.get_children():
                ~~~~~~~~~~~~~~~~~~~~~~^^
  File "C:\Users\Erica Gallogo\AppData\Local\Python\pythoncore-3.14-64\Lib\tkinter\ttk.py", line 1207, in get_children
    self.tk.call(self._w, "children", item or '') or ())
    ~~~~~~~~~~~~^^^^^^^^^^^^^^^^^^^^^^^^^^^^^^^^^
_tkinter.TclError: invalid command name ".!frame4.!canvas.!frame.!frame.!frame4.!frame2.!treeview"
2026-09-03 14:24:19 - ERROR - Dashboard refresh error: invalid command name ".!frame4.!canvas.!frame.!frame.!frame4.!frame2.!treeview"
Traceback (most recent call last):
  File "C:\Users\Erica Gallogo\OneDrive - National University\Desktop\MIDTERM\views\tracker_view.py", line 708, in load_data
    for item in self.tree.get_children():
                ~~~~~~~~~~~~~~~~~~~~~~^^
  File "C:\Users\Erica Gallogo\AppData\Local\Python\pythoncore-3.14-64\Lib\tkinter\ttk.py", line 1207, in get_children
    self.tk.call(self._w, "children", item or '') or ())
    ~~~~~~~~~~~~^^^^^^^^^^^^^^^^^^^^^^^^^^^^^^^^^
_tkinter.TclError: invalid command name ".!frame4.!canvas.!frame.!frame.!frame4.!frame2.!treeview"
2026-09-03 14:24:24 - ERROR - Dashboard refresh error: invalid command name ".!frame4.!canvas.!frame.!frame.!frame4.!frame2.!treeview"
Traceback (most recent call last):
  File "C:\Users\Erica Gallogo\OneDrive - National University\Desktop\MIDTERM\views\tracker_view.py", line 708, in load_data
    for item in self.tree.get_children():
                ~~~~~~~~~~~~~~~~~~~~~~^^
  File "C:\Users\Erica Gallogo\AppData\Local\Python\pythoncore-3.14-64\Lib\tkinter\ttk.py", line 1207, in get_children
    self.tk.call(self._w, "children", item or '') or ())
    ~~~~~~~~~~~~^^^^^^^^^^^^^^^^^^^^^^^^^^^^^^^^^
_tkinter.TclError: invalid command name ".!frame4.!canvas.!frame.!frame.!frame4.!frame2.!treeview"
2026-09-03 14:24:29 - ERROR - Dashboard refresh error: invalid command name ".!frame4.!canvas.!frame.!frame.!frame4.!frame2.!treeview"
Traceback (most recent call last):
  File "C:\Users\Erica Gallogo\OneDrive - National University\Desktop\MIDTERM\views\tracker_view.py", line 708, in load_data
    for item in self.tree.get_children():
                ~~~~~~~~~~~~~~~~~~~~~~^^
  File "C:\Users\Erica Gallogo\AppData\Local\Python\pythoncore-3.14-64\Lib\tkinter\ttk.py", line 1207, in get_children
    self.tk.call(self._w, "children", item or '') or ())
    ~~~~~~~~~~~~^^^^^^^^^^^^^^^^^^^^^^^^^^^^^^^^^
_tkinter.TclError: invalid command name ".!frame4.!canvas.!frame.!frame.!frame4.!frame2.!treeview"
2026-09-03 14:24:34 - ERROR - Dashboard refresh error: invalid command name ".!frame4.!canvas.!frame.!frame.!frame4.!frame2.!treeview"
Traceback (most recent call last):
  File "C:\Users\Erica Gallogo\OneDrive - National University\Desktop\MIDTERM\views\tracker_view.py", line 708, in load_data
    for item in self.tree.get_children():
                ~~~~~~~~~~~~~~~~~~~~~~^^
  File "C:\Users\Erica Gallogo\AppData\Local\Python\pythoncore-3.14-64\Lib\tkinter\ttk.py", line 1207, in get_children
    self.tk.call(self._w, "children", item or '') or ())
    ~~~~~~~~~~~~^^^^^^^^^^^^^^^^^^^^^^^^^^^^^^^^^
_tkinter.TclError: invalid command name ".!frame4.!canvas.!frame.!frame.!frame4.!frame2.!treeview"
2026-09-03 14:24:39 - ERROR - Dashboard refresh error: invalid command name ".!frame4.!canvas.!frame.!frame.!frame4.!frame2.!treeview"
Traceback (most recent call last):
  File "C:\Users\Erica Gallogo\OneDrive - National University\Desktop\MIDTERM\views\tracker_view.py", line 708, in load_data
    for item in self.tree.get_children():
                ~~~~~~~~~~~~~~~~~~~~~~^^
  File "C:\Users\Erica Gallogo\AppData\Local\Python\pythoncore-3.14-64\Lib\tkinter\ttk.py", line 1207, in get_children
    self.tk.call(self._w, "children", item or '') or ())
    ~~~~~~~~~~~~^^^^^^^^^^^^^^^^^^^^^^^^^^^^^^^^^
_tkinter.TclError: invalid command name ".!frame4.!canvas.!frame.!frame.!frame4.!frame2.!treeview"
2026-09-03 14:24:44 - ERROR - Dashboard refresh error: invalid command name ".!frame4.!canvas.!frame.!frame.!frame4.!frame2.!treeview"
Traceback (most recent call last):
  File "C:\Users\Erica Gallogo\OneDrive - National University\Desktop\MIDTERM\views\tracker_view.py", line 708, in load_data
    for item in self.tree.get_children():
                ~~~~~~~~~~~~~~~~~~~~~~^^
  File "C:\Users\Erica Gallogo\AppData\Local\Python\pythoncore-3.14-64\Lib\tkinter\ttk.py", line 1207, in get_children
    self.tk.call(self._w, "children", item or '') or ())
    ~~~~~~~~~~~~^^^^^^^^^^^^^^^^^^^^^^^^^^^^^^^^^
_tkinter.TclError: invalid command name ".!frame4.!canvas.!frame.!frame.!frame4.!frame2.!treeview"
2026-09-03 14:25:48 - INFO - Hardware inventory database initialized successfully.
2026-09-03 14:25:49 - INFO - Campus Hardware Inventory application started.
2026-09-03 14:26:12 - INFO - User Logged In: 'eca'
2026-09-03 14:26:43 - INFO - Borrow request approved: borrow_id=3 by=eca
2026-09-03 14:27:05 - INFO - Borrow request approved: borrow_id=2 by=eca
2026-09-03 14:29:43 - INFO - Hardware inventory database initialized successfully.
2026-09-03 14:29:43 - INFO - Campus Hardware Inventory application started.
2026-09-03 14:30:08 - INFO - User Logged In: 'eca'
2026-09-03 14:30:57 - INFO - User Logged Out: 'eca'
2026-09-03 14:31:00 - ERROR - Dashboard refresh error: invalid command name ".!frame4.!canvas.!frame.!frame.!frame4.!frame2.!treeview"
Traceback (most recent call last):
  File "C:\Users\Erica Gallogo\OneDrive - National University\Desktop\MIDTERM\views\tracker_view.py", line 708, in load_data
    for item in self.tree.get_children():
                ~~~~~~~~~~~~~~~~~~~~~~^^
  File "C:\Users\Erica Gallogo\AppData\Local\Python\pythoncore-3.14-64\Lib\tkinter\ttk.py", line 1207, in get_children
    self.tk.call(self._w, "children", item or '') or ())
    ~~~~~~~~~~~~^^^^^^^^^^^^^^^^^^^^^^^^^^^^^^^^^
_tkinter.TclError: invalid command name ".!frame4.!canvas.!frame.!frame.!frame4.!frame2.!treeview"
2026-09-03 14:31:05 - ERROR - Dashboard refresh error: invalid command name ".!frame4.!canvas.!frame.!frame.!frame4.!frame2.!treeview"
Traceback (most recent call last):
  File "C:\Users\Erica Gallogo\OneDrive - National University\Desktop\MIDTERM\views\tracker_view.py", line 708, in load_data
    for item in self.tree.get_children():
                ~~~~~~~~~~~~~~~~~~~~~~^^
  File "C:\Users\Erica Gallogo\AppData\Local\Python\pythoncore-3.14-64\Lib\tkinter\ttk.py", line 1207, in get_children
    self.tk.call(self._w, "children", item or '') or ())
    ~~~~~~~~~~~~^^^^^^^^^^^^^^^^^^^^^^^^^^^^^^^^^
_tkinter.TclError: invalid command name ".!frame4.!canvas.!frame.!frame.!frame4.!frame2.!treeview"
2026-09-03 14:31:10 - ERROR - Dashboard refresh error: invalid command name ".!frame4.!canvas.!frame.!frame.!frame4.!frame2.!treeview"
Traceback (most recent call last):
  File "C:\Users\Erica Gallogo\OneDrive - National University\Desktop\MIDTERM\views\tracker_view.py", line 708, in load_data
    for item in self.tree.get_children():
                ~~~~~~~~~~~~~~~~~~~~~~^^
  File "C:\Users\Erica Gallogo\AppData\Local\Python\pythoncore-3.14-64\Lib\tkinter\ttk.py", line 1207, in get_children
    self.tk.call(self._w, "children", item or '') or ())
    ~~~~~~~~~~~~^^^^^^^^^^^^^^^^^^^^^^^^^^^^^^^^^
_tkinter.TclError: invalid command name ".!frame4.!canvas.!frame.!frame.!frame4.!frame2.!treeview"
2026-09-03 14:31:15 - ERROR - Dashboard refresh error: invalid command name ".!frame4.!canvas.!frame.!frame.!frame4.!frame2.!treeview"
Traceback (most recent call last):
  File "C:\Users\Erica Gallogo\OneDrive - National University\Desktop\MIDTERM\views\tracker_view.py", line 708, in load_data
    for item in self.tree.get_children():
                ~~~~~~~~~~~~~~~~~~~~~~^^
  File "C:\Users\Erica Gallogo\AppData\Local\Python\pythoncore-3.14-64\Lib\tkinter\ttk.py", line 1207, in get_children
    self.tk.call(self._w, "children", item or '') or ())
    ~~~~~~~~~~~~^^^^^^^^^^^^^^^^^^^^^^^^^^^^^^^^^
_tkinter.TclError: invalid command name ".!frame4.!canvas.!frame.!frame.!frame4.!frame2.!treeview"
2026-09-03 14:31:16 - INFO - User Logged In: 'erica'
2026-09-03 14:31:20 - ERROR - Dashboard refresh error: invalid command name ".!frame4.!canvas.!frame.!frame.!frame4.!frame2.!treeview"
Traceback (most recent call last):
  File "C:\Users\Erica Gallogo\OneDrive - National University\Desktop\MIDTERM\views\tracker_view.py", line 708, in load_data
    for item in self.tree.get_children():
                ~~~~~~~~~~~~~~~~~~~~~~^^
  File "C:\Users\Erica Gallogo\AppData\Local\Python\pythoncore-3.14-64\Lib\tkinter\ttk.py", line 1207, in get_children
    self.tk.call(self._w, "children", item or '') or ())
    ~~~~~~~~~~~~^^^^^^^^^^^^^^^^^^^^^^^^^^^^^^^^^
_tkinter.TclError: invalid command name ".!frame4.!canvas.!frame.!frame.!frame4.!frame2.!treeview"
2026-09-03 14:31:25 - ERROR - Dashboard refresh error: invalid command name ".!frame4.!canvas.!frame.!frame.!frame4.!frame2.!treeview"
Traceback (most recent call last):
  File "C:\Users\Erica Gallogo\OneDrive - National University\Desktop\MIDTERM\views\tracker_view.py", line 708, in load_data
    for item in self.tree.get_children():
                ~~~~~~~~~~~~~~~~~~~~~~^^
  File "C:\Users\Erica Gallogo\AppData\Local\Python\pythoncore-3.14-64\Lib\tkinter\ttk.py", line 1207, in get_children
    self.tk.call(self._w, "children", item or '') or ())
    ~~~~~~~~~~~~^^^^^^^^^^^^^^^^^^^^^^^^^^^^^^^^^
_tkinter.TclError: invalid command name ".!frame4.!canvas.!frame.!frame.!frame4.!frame2.!treeview"
2026-09-03 14:31:31 - ERROR - Dashboard refresh error: invalid command name ".!frame4.!canvas.!frame.!frame.!frame4.!frame2.!treeview"
Traceback (most recent call last):
  File "C:\Users\Erica Gallogo\OneDrive - National University\Desktop\MIDTERM\views\tracker_view.py", line 708, in load_data
    for item in self.tree.get_children():
                ~~~~~~~~~~~~~~~~~~~~~~^^
  File "C:\Users\Erica Gallogo\AppData\Local\Python\pythoncore-3.14-64\Lib\tkinter\ttk.py", line 1207, in get_children
    self.tk.call(self._w, "children", item or '') or ())
    ~~~~~~~~~~~~^^^^^^^^^^^^^^^^^^^^^^^^^^^^^^^^^
_tkinter.TclError: invalid command name ".!frame4.!canvas.!frame.!frame.!frame4.!frame2.!treeview"
2026-09-03 14:31:36 - ERROR - Dashboard refresh error: invalid command name ".!frame4.!canvas.!frame.!frame.!frame4.!frame2.!treeview"
Traceback (most recent call last):
  File "C:\Users\Erica Gallogo\OneDrive - National University\Desktop\MIDTERM\views\tracker_view.py", line 708, in load_data
    for item in self.tree.get_children():
                ~~~~~~~~~~~~~~~~~~~~~~^^
  File "C:\Users\Erica Gallogo\AppData\Local\Python\pythoncore-3.14-64\Lib\tkinter\ttk.py", line 1207, in get_children
    self.tk.call(self._w, "children", item or '') or ())
    ~~~~~~~~~~~~^^^^^^^^^^^^^^^^^^^^^^^^^^^^^^^^^
_tkinter.TclError: invalid command name ".!frame4.!canvas.!frame.!frame.!frame4.!frame2.!treeview"
2026-09-03 14:31:41 - ERROR - Dashboard refresh error: invalid command name ".!frame4.!canvas.!frame.!frame.!frame4.!frame2.!treeview"
Traceback (most recent call last):
  File "C:\Users\Erica Gallogo\OneDrive - National University\Desktop\MIDTERM\views\tracker_view.py", line 708, in load_data
    for item in self.tree.get_children():
                ~~~~~~~~~~~~~~~~~~~~~~^^
  File "C:\Users\Erica Gallogo\AppData\Local\Python\pythoncore-3.14-64\Lib\tkinter\ttk.py", line 1207, in get_children
    self.tk.call(self._w, "children", item or '') or ())
    ~~~~~~~~~~~~^^^^^^^^^^^^^^^^^^^^^^^^^^^^^^^^^
_tkinter.TclError: invalid command name ".!frame4.!canvas.!frame.!frame.!frame4.!frame2.!treeview"
2026-09-03 14:31:46 - ERROR - Dashboard refresh error: invalid command name ".!frame4.!canvas.!frame.!frame.!frame4.!frame2.!treeview"
Traceback (most recent call last):
  File "C:\Users\Erica Gallogo\OneDrive - National University\Desktop\MIDTERM\views\tracker_view.py", line 708, in load_data
    for item in self.tree.get_children():
                ~~~~~~~~~~~~~~~~~~~~~~^^
  File "C:\Users\Erica Gallogo\AppData\Local\Python\pythoncore-3.14-64\Lib\tkinter\ttk.py", line 1207, in get_children
    self.tk.call(self._w, "children", item or '') or ())
    ~~~~~~~~~~~~^^^^^^^^^^^^^^^^^^^^^^^^^^^^^^^^^
_tkinter.TclError: invalid command name ".!frame4.!canvas.!frame.!frame.!frame4.!frame2.!treeview"
2026-09-03 14:31:51 - ERROR - Dashboard refresh error: invalid command name ".!frame4.!canvas.!frame.!frame.!frame4.!frame2.!treeview"
Traceback (most recent call last):
  File "C:\Users\Erica Gallogo\OneDrive - National University\Desktop\MIDTERM\views\tracker_view.py", line 708, in load_data
    for item in self.tree.get_children():
                ~~~~~~~~~~~~~~~~~~~~~~^^
  File "C:\Users\Erica Gallogo\AppData\Local\Python\pythoncore-3.14-64\Lib\tkinter\ttk.py", line 1207, in get_children
    self.tk.call(self._w, "children", item or '') or ())
    ~~~~~~~~~~~~^^^^^^^^^^^^^^^^^^^^^^^^^^^^^^^^^
_tkinter.TclError: invalid command name ".!frame4.!canvas.!frame.!frame.!frame4.!frame2.!treeview"
2026-09-03 14:31:56 - ERROR - Dashboard refresh error: invalid command name ".!frame4.!canvas.!frame.!frame.!frame4.!frame2.!treeview"
Traceback (most recent call last):
  File "C:\Users\Erica Gallogo\OneDrive - National University\Desktop\MIDTERM\views\tracker_view.py", line 708, in load_data
    for item in self.tree.get_children():
                ~~~~~~~~~~~~~~~~~~~~~~^^
  File "C:\Users\Erica Gallogo\AppData\Local\Python\pythoncore-3.14-64\Lib\tkinter\ttk.py", line 1207, in get_children
    self.tk.call(self._w, "children", item or '') or ())
    ~~~~~~~~~~~~^^^^^^^^^^^^^^^^^^^^^^^^^^^^^^^^^
_tkinter.TclError: invalid command name ".!frame4.!canvas.!frame.!frame.!frame4.!frame2.!treeview"
2026-09-03 14:32:01 - ERROR - Dashboard refresh error: invalid command name ".!frame4.!canvas.!frame.!frame.!frame4.!frame2.!treeview"
Traceback (most recent call last):
  File "C:\Users\Erica Gallogo\OneDrive - National University\Desktop\MIDTERM\views\tracker_view.py", line 708, in load_data
    for item in self.tree.get_children():
                ~~~~~~~~~~~~~~~~~~~~~~^^
  File "C:\Users\Erica Gallogo\AppData\Local\Python\pythoncore-3.14-64\Lib\tkinter\ttk.py", line 1207, in get_children
    self.tk.call(self._w, "children", item or '') or ())
    ~~~~~~~~~~~~^^^^^^^^^^^^^^^^^^^^^^^^^^^^^^^^^
_tkinter.TclError: invalid command name ".!frame4.!canvas.!frame.!frame.!frame4.!frame2.!treeview"
2026-09-03 14:32:06 - ERROR - Dashboard refresh error: invalid command name ".!frame4.!canvas.!frame.!frame.!frame4.!frame2.!treeview"
Traceback (most recent call last):
  File "C:\Users\Erica Gallogo\OneDrive - National University\Desktop\MIDTERM\views\tracker_view.py", line 708, in load_data
    for item in self.tree.get_children():
                ~~~~~~~~~~~~~~~~~~~~~~^^
  File "C:\Users\Erica Gallogo\AppData\Local\Python\pythoncore-3.14-64\Lib\tkinter\ttk.py", line 1207, in get_children
    self.tk.call(self._w, "children", item or '') or ())
    ~~~~~~~~~~~~^^^^^^^^^^^^^^^^^^^^^^^^^^^^^^^^^
_tkinter.TclError: invalid command name ".!frame4.!canvas.!frame.!frame.!frame4.!frame2.!treeview"
2026-09-03 14:33:56 - INFO - Hardware inventory database initialized successfully.
2026-09-03 14:33:56 - INFO - Campus Hardware Inventory application started.
2026-09-03 14:34:14 - INFO - User Logged In: 'erica'
2026-09-03 14:34:58 - INFO - User Logged Out: 'erica'
2026-09-03 14:35:01 - ERROR - Dashboard refresh error: invalid command name ".!frame4.!canvas.!frame.!frame.!frame4.!frame2.!treeview"
Traceback (most recent call last):
  File "C:\Users\Erica Gallogo\OneDrive - National University\Desktop\MIDTERM\views\tracker_view.py", line 708, in load_data
    for item in self.tree.get_children():
                ~~~~~~~~~~~~~~~~~~~~~~^^
  File "C:\Users\Erica Gallogo\AppData\Local\Python\pythoncore-3.14-64\Lib\tkinter\ttk.py", line 1207, in get_children
    self.tk.call(self._w, "children", item or '') or ())
    ~~~~~~~~~~~~^^^^^^^^^^^^^^^^^^^^^^^^^^^^^^^^^
_tkinter.TclError: invalid command name ".!frame4.!canvas.!frame.!frame.!frame4.!frame2.!treeview"
2026-09-03 14:35:06 - ERROR - Dashboard refresh error: invalid command name ".!frame4.!canvas.!frame.!frame.!frame4.!frame2.!treeview"
Traceback (most recent call last):
  File "C:\Users\Erica Gallogo\OneDrive - National University\Desktop\MIDTERM\views\tracker_view.py", line 708, in load_data
    for item in self.tree.get_children():
                ~~~~~~~~~~~~~~~~~~~~~~^^
  File "C:\Users\Erica Gallogo\AppData\Local\Python\pythoncore-3.14-64\Lib\tkinter\ttk.py", line 1207, in get_children
    self.tk.call(self._w, "children", item or '') or ())
    ~~~~~~~~~~~~^^^^^^^^^^^^^^^^^^^^^^^^^^^^^^^^^
_tkinter.TclError: invalid command name ".!frame4.!canvas.!frame.!frame.!frame4.!frame2.!treeview"
2026-09-03 14:35:11 - ERROR - Dashboard refresh error: invalid command name ".!frame4.!canvas.!frame.!frame.!frame4.!frame2.!treeview"
Traceback (most recent call last):
  File "C:\Users\Erica Gallogo\OneDrive - National University\Desktop\MIDTERM\views\tracker_view.py", line 708, in load_data
    for item in self.tree.get_children():
                ~~~~~~~~~~~~~~~~~~~~~~^^
  File "C:\Users\Erica Gallogo\AppData\Local\Python\pythoncore-3.14-64\Lib\tkinter\ttk.py", line 1207, in get_children
    self.tk.call(self._w, "children", item or '') or ())
    ~~~~~~~~~~~~^^^^^^^^^^^^^^^^^^^^^^^^^^^^^^^^^
_tkinter.TclError: invalid command name ".!frame4.!canvas.!frame.!frame.!frame4.!frame2.!treeview"
2026-09-03 14:35:16 - ERROR - Dashboard refresh error: invalid command name ".!frame4.!canvas.!frame.!frame.!frame4.!frame2.!treeview"
Traceback (most recent call last):
  File "C:\Users\Erica Gallogo\OneDrive - National University\Desktop\MIDTERM\views\tracker_view.py", line 708, in load_data
    for item in self.tree.get_children():
                ~~~~~~~~~~~~~~~~~~~~~~^^
  File "C:\Users\Erica Gallogo\AppData\Local\Python\pythoncore-3.14-64\Lib\tkinter\ttk.py", line 1207, in get_children
    self.tk.call(self._w, "children", item or '') or ())
    ~~~~~~~~~~~~^^^^^^^^^^^^^^^^^^^^^^^^^^^^^^^^^
_tkinter.TclError: invalid command name ".!frame4.!canvas.!frame.!frame.!frame4.!frame2.!treeview"
2026-09-03 14:35:17 - INFO - User Logged In: 'eca'
2026-09-03 14:35:21 - ERROR - Dashboard refresh error: invalid command name ".!frame4.!canvas.!frame.!frame.!frame4.!frame2.!treeview"
Traceback (most recent call last):
  File "C:\Users\Erica Gallogo\OneDrive - National University\Desktop\MIDTERM\views\tracker_view.py", line 708, in load_data
    for item in self.tree.get_children():
                ~~~~~~~~~~~~~~~~~~~~~~^^
  File "C:\Users\Erica Gallogo\AppData\Local\Python\pythoncore-3.14-64\Lib\tkinter\ttk.py", line 1207, in get_children
    self.tk.call(self._w, "children", item or '') or ())
    ~~~~~~~~~~~~^^^^^^^^^^^^^^^^^^^^^^^^^^^^^^^^^
_tkinter.TclError: invalid command name ".!frame4.!canvas.!frame.!frame.!frame4.!frame2.!treeview"
2026-09-03 14:35:26 - ERROR - Dashboard refresh error: invalid command name ".!frame4.!canvas.!frame.!frame.!frame4.!frame2.!treeview"
Traceback (most recent call last):
  File "C:\Users\Erica Gallogo\OneDrive - National University\Desktop\MIDTERM\views\tracker_view.py", line 708, in load_data
    for item in self.tree.get_children():
                ~~~~~~~~~~~~~~~~~~~~~~^^
  File "C:\Users\Erica Gallogo\AppData\Local\Python\pythoncore-3.14-64\Lib\tkinter\ttk.py", line 1207, in get_children
    self.tk.call(self._w, "children", item or '') or ())
    ~~~~~~~~~~~~^^^^^^^^^^^^^^^^^^^^^^^^^^^^^^^^^
_tkinter.TclError: invalid command name ".!frame4.!canvas.!frame.!frame.!frame4.!frame2.!treeview"
2026-09-03 14:35:31 - ERROR - Dashboard refresh error: invalid command name ".!frame4.!canvas.!frame.!frame.!frame4.!frame2.!treeview"
Traceback (most recent call last):
  File "C:\Users\Erica Gallogo\OneDrive - National University\Desktop\MIDTERM\views\tracker_view.py", line 708, in load_data
    for item in self.tree.get_children():
                ~~~~~~~~~~~~~~~~~~~~~~^^
  File "C:\Users\Erica Gallogo\AppData\Local\Python\pythoncore-3.14-64\Lib\tkinter\ttk.py", line 1207, in get_children
    self.tk.call(self._w, "children", item or '') or ())
    ~~~~~~~~~~~~^^^^^^^^^^^^^^^^^^^^^^^^^^^^^^^^^
_tkinter.TclError: invalid command name ".!frame4.!canvas.!frame.!frame.!frame4.!frame2.!treeview"
2026-09-03 14:35:36 - ERROR - Dashboard refresh error: invalid command name ".!frame4.!canvas.!frame.!frame.!frame4.!frame2.!treeview"
Traceback (most recent call last):
  File "C:\Users\Erica Gallogo\OneDrive - National University\Desktop\MIDTERM\views\tracker_view.py", line 708, in load_data
    for item in self.tree.get_children():
                ~~~~~~~~~~~~~~~~~~~~~~^^
  File "C:\Users\Erica Gallogo\AppData\Local\Python\pythoncore-3.14-64\Lib\tkinter\ttk.py", line 1207, in get_children
    self.tk.call(self._w, "children", item or '') or ())
    ~~~~~~~~~~~~^^^^^^^^^^^^^^^^^^^^^^^^^^^^^^^^^
_tkinter.TclError: invalid command name ".!frame4.!canvas.!frame.!frame.!frame4.!frame2.!treeview"
2026-09-03 14:35:41 - ERROR - Dashboard refresh error: invalid command name ".!frame4.!canvas.!frame.!frame.!frame4.!frame2.!treeview"
Traceback (most recent call last):
  File "C:\Users\Erica Gallogo\OneDrive - National University\Desktop\MIDTERM\views\tracker_view.py", line 708, in load_data
    for item in self.tree.get_children():
                ~~~~~~~~~~~~~~~~~~~~~~^^
  File "C:\Users\Erica Gallogo\AppData\Local\Python\pythoncore-3.14-64\Lib\tkinter\ttk.py", line 1207, in get_children
    self.tk.call(self._w, "children", item or '') or ())
    ~~~~~~~~~~~~^^^^^^^^^^^^^^^^^^^^^^^^^^^^^^^^^
_tkinter.TclError: invalid command name ".!frame4.!canvas.!frame.!frame.!frame4.!frame2.!treeview"
2026-09-03 14:35:46 - ERROR - Dashboard refresh error: invalid command name ".!frame4.!canvas.!frame.!frame.!frame4.!frame2.!treeview"
Traceback (most recent call last):
  File "C:\Users\Erica Gallogo\OneDrive - National University\Desktop\MIDTERM\views\tracker_view.py", line 708, in load_data
    for item in self.tree.get_children():
                ~~~~~~~~~~~~~~~~~~~~~~^^
  File "C:\Users\Erica Gallogo\AppData\Local\Python\pythoncore-3.14-64\Lib\tkinter\ttk.py", line 1207, in get_children
    self.tk.call(self._w, "children", item or '') or ())
    ~~~~~~~~~~~~^^^^^^^^^^^^^^^^^^^^^^^^^^^^^^^^^
_tkinter.TclError: invalid command name ".!frame4.!canvas.!frame.!frame.!frame4.!frame2.!treeview"
2026-09-03 14:35:51 - ERROR - Dashboard refresh error: invalid command name ".!frame4.!canvas.!frame.!frame.!frame4.!frame2.!treeview"
Traceback (most recent call last):
  File "C:\Users\Erica Gallogo\OneDrive - National University\Desktop\MIDTERM\views\tracker_view.py", line 708, in load_data
    for item in self.tree.get_children():
                ~~~~~~~~~~~~~~~~~~~~~~^^
  File "C:\Users\Erica Gallogo\AppData\Local\Python\pythoncore-3.14-64\Lib\tkinter\ttk.py", line 1207, in get_children
    self.tk.call(self._w, "children", item or '') or ())
    ~~~~~~~~~~~~^^^^^^^^^^^^^^^^^^^^^^^^^^^^^^^^^
_tkinter.TclError: invalid command name ".!frame4.!canvas.!frame.!frame.!frame4.!frame2.!treeview"
2026-09-03 14:35:56 - ERROR - Dashboard refresh error: invalid command name ".!frame4.!canvas.!frame.!frame.!frame4.!frame2.!treeview"
Traceback (most recent call last):
  File "C:\Users\Erica Gallogo\OneDrive - National University\Desktop\MIDTERM\views\tracker_view.py", line 708, in load_data
    for item in self.tree.get_children():
                ~~~~~~~~~~~~~~~~~~~~~~^^
  File "C:\Users\Erica Gallogo\AppData\Local\Python\pythoncore-3.14-64\Lib\tkinter\ttk.py", line 1207, in get_children
    self.tk.call(self._w, "children", item or '') or ())
    ~~~~~~~~~~~~^^^^^^^^^^^^^^^^^^^^^^^^^^^^^^^^^
_tkinter.TclError: invalid command name ".!frame4.!canvas.!frame.!frame.!frame4.!frame2.!treeview"
2026-09-03 14:36:49 - INFO - Hardware inventory database initialized successfully.
2026-09-03 14:36:50 - INFO - Campus Hardware Inventory application started.
2026-09-03 14:37:15 - INFO - User Logged In: 'eca'
2026-09-03 14:39:13 - INFO - Hardware item added: AMD Ryzen 3 (Microprosessor) x30
2026-09-03 14:40:11 - INFO - Hardware item added: Intel Core i5 (Microprosessor) x0
2026-09-03 14:41:15 - INFO - Hardware item added: Intel Core i9 (Microprosessor) x50
2026-09-03 14:42:09 - INFO - Hardware item added: NE555 (IC) x90
2026-09-03 14:42:45 - INFO - Hardware item added: LM358 (IC) x250
2026-09-03 14:43:48 - INFO - Hardware item added: SMD IC (IC) x1000
2026-09-03 14:46:21 - INFO - Hardware inventory database initialized successfully.
2026-09-03 14:46:21 - INFO - Campus Hardware Inventory application started.
2026-09-03 14:47:03 - INFO - User Logged In: 'eca'
2026-09-03 14:59:33 - INFO - User Logged Out: 'eca'
2026-09-03 14:59:37 - ERROR - Dashboard refresh error: invalid command name ".!frame4.!canvas.!frame.!frame.!frame4.!frame2.!treeview"
Traceback (most recent call last):
  File "C:\Users\Erica Gallogo\OneDrive - National University\Desktop\MIDTERM\views\tracker_view.py", line 718, in load_data
    for item in self.tree.get_children():
                ~~~~~~~~~~~~~~~~~~~~~~^^
  File "C:\Users\Erica Gallogo\AppData\Local\Python\pythoncore-3.14-64\Lib\tkinter\ttk.py", line 1207, in get_children
    self.tk.call(self._w, "children", item or '') or ())
    ~~~~~~~~~~~~^^^^^^^^^^^^^^^^^^^^^^^^^^^^^^^^^
_tkinter.TclError: invalid command name ".!frame4.!canvas.!frame.!frame.!frame4.!frame2.!treeview"
2026-09-03 14:59:42 - ERROR - Dashboard refresh error: invalid command name ".!frame4.!canvas.!frame.!frame.!frame4.!frame2.!treeview"
Traceback (most recent call last):
  File "C:\Users\Erica Gallogo\OneDrive - National University\Desktop\MIDTERM\views\tracker_view.py", line 718, in load_data
    for item in self.tree.get_children():
                ~~~~~~~~~~~~~~~~~~~~~~^^
  File "C:\Users\Erica Gallogo\AppData\Local\Python\pythoncore-3.14-64\Lib\tkinter\ttk.py", line 1207, in get_children
    self.tk.call(self._w, "children", item or '') or ())
    ~~~~~~~~~~~~^^^^^^^^^^^^^^^^^^^^^^^^^^^^^^^^^
_tkinter.TclError: invalid command name ".!frame4.!canvas.!frame.!frame.!frame4.!frame2.!treeview"
2026-09-03 14:59:47 - ERROR - Dashboard refresh error: invalid command name ".!frame4.!canvas.!frame.!frame.!frame4.!frame2.!treeview"
Traceback (most recent call last):
  File "C:\Users\Erica Gallogo\OneDrive - National University\Desktop\MIDTERM\views\tracker_view.py", line 718, in load_data
    for item in self.tree.get_children():
                ~~~~~~~~~~~~~~~~~~~~~~^^
  File "C:\Users\Erica Gallogo\AppData\Local\Python\pythoncore-3.14-64\Lib\tkinter\ttk.py", line 1207, in get_children
    self.tk.call(self._w, "children", item or '') or ())
    ~~~~~~~~~~~~^^^^^^^^^^^^^^^^^^^^^^^^^^^^^^^^^
_tkinter.TclError: invalid command name ".!frame4.!canvas.!frame.!frame.!frame4.!frame2.!treeview"
2026-09-03 14:59:52 - ERROR - Dashboard refresh error: invalid command name ".!frame4.!canvas.!frame.!frame.!frame4.!frame2.!treeview"
Traceback (most recent call last):
  File "C:\Users\Erica Gallogo\OneDrive - National University\Desktop\MIDTERM\views\tracker_view.py", line 718, in load_data
    for item in self.tree.get_children():
                ~~~~~~~~~~~~~~~~~~~~~~^^
  File "C:\Users\Erica Gallogo\AppData\Local\Python\pythoncore-3.14-64\Lib\tkinter\ttk.py", line 1207, in get_children
    self.tk.call(self._w, "children", item or '') or ())
    ~~~~~~~~~~~~^^^^^^^^^^^^^^^^^^^^^^^^^^^^^^^^^
_tkinter.TclError: invalid command name ".!frame4.!canvas.!frame.!frame.!frame4.!frame2.!treeview"
2026-09-03 14:59:57 - ERROR - Dashboard refresh error: invalid command name ".!frame4.!canvas.!frame.!frame.!frame4.!frame2.!treeview"
Traceback (most recent call last):
  File "C:\Users\Erica Gallogo\OneDrive - National University\Desktop\MIDTERM\views\tracker_view.py", line 718, in load_data
    for item in self.tree.get_children():
                ~~~~~~~~~~~~~~~~~~~~~~^^
  File "C:\Users\Erica Gallogo\AppData\Local\Python\pythoncore-3.14-64\Lib\tkinter\ttk.py", line 1207, in get_children
    self.tk.call(self._w, "children", item or '') or ())
    ~~~~~~~~~~~~^^^^^^^^^^^^^^^^^^^^^^^^^^^^^^^^^
_tkinter.TclError: invalid command name ".!frame4.!canvas.!frame.!frame.!frame4.!frame2.!treeview"
2026-09-03 15:00:02 - ERROR - Dashboard refresh error: invalid command name ".!frame4.!canvas.!frame.!frame.!frame4.!frame2.!treeview"
Traceback (most recent call last):
  File "C:\Users\Erica Gallogo\OneDrive - National University\Desktop\MIDTERM\views\tracker_view.py", line 718, in load_data
    for item in self.tree.get_children():
                ~~~~~~~~~~~~~~~~~~~~~~^^
  File "C:\Users\Erica Gallogo\AppData\Local\Python\pythoncore-3.14-64\Lib\tkinter\ttk.py", line 1207, in get_children
    self.tk.call(self._w, "children", item or '') or ())
    ~~~~~~~~~~~~^^^^^^^^^^^^^^^^^^^^^^^^^^^^^^^^^
_tkinter.TclError: invalid command name ".!frame4.!canvas.!frame.!frame.!frame4.!frame2.!treeview"
2026-09-03 15:00:07 - ERROR - Dashboard refresh error: invalid command name ".!frame4.!canvas.!frame.!frame.!frame4.!frame2.!treeview"
Traceback (most recent call last):
  File "C:\Users\Erica Gallogo\OneDrive - National University\Desktop\MIDTERM\views\tracker_view.py", line 718, in load_data
    for item in self.tree.get_children():
                ~~~~~~~~~~~~~~~~~~~~~~^^
  File "C:\Users\Erica Gallogo\AppData\Local\Python\pythoncore-3.14-64\Lib\tkinter\ttk.py", line 1207, in get_children
    self.tk.call(self._w, "children", item or '') or ())
    ~~~~~~~~~~~~^^^^^^^^^^^^^^^^^^^^^^^^^^^^^^^^^
_tkinter.TclError: invalid command name ".!frame4.!canvas.!frame.!frame.!frame4.!frame2.!treeview"
2026-09-03 15:00:12 - ERROR - Dashboard refresh error: invalid command name ".!frame4.!canvas.!frame.!frame.!frame4.!frame2.!treeview"
Traceback (most recent call last):
  File "C:\Users\Erica Gallogo\OneDrive - National University\Desktop\MIDTERM\views\tracker_view.py", line 718, in load_data
    for item in self.tree.get_children():
                ~~~~~~~~~~~~~~~~~~~~~~^^
  File "C:\Users\Erica Gallogo\AppData\Local\Python\pythoncore-3.14-64\Lib\tkinter\ttk.py", line 1207, in get_children
    self.tk.call(self._w, "children", item or '') or ())
    ~~~~~~~~~~~~^^^^^^^^^^^^^^^^^^^^^^^^^^^^^^^^^
_tkinter.TclError: invalid command name ".!frame4.!canvas.!frame.!frame.!frame4.!frame2.!treeview"
2026-09-03 15:00:17 - ERROR - Dashboard refresh error: invalid command name ".!frame4.!canvas.!frame.!frame.!frame4.!frame2.!treeview"
Traceback (most recent call last):
  File "C:\Users\Erica Gallogo\OneDrive - National University\Desktop\MIDTERM\views\tracker_view.py", line 718, in load_data
    for item in self.tree.get_children():
                ~~~~~~~~~~~~~~~~~~~~~~^^
  File "C:\Users\Erica Gallogo\AppData\Local\Python\pythoncore-3.14-64\Lib\tkinter\ttk.py", line 1207, in get_children
    self.tk.call(self._w, "children", item or '') or ())
    ~~~~~~~~~~~~^^^^^^^^^^^^^^^^^^^^^^^^^^^^^^^^^
_tkinter.TclError: invalid command name ".!frame4.!canvas.!frame.!frame.!frame4.!frame2.!treeview"
2026-09-03 15:00:22 - ERROR - Dashboard refresh error: invalid command name ".!frame4.!canvas.!frame.!frame.!frame4.!frame2.!treeview"
Traceback (most recent call last):
  File "C:\Users\Erica Gallogo\OneDrive - National University\Desktop\MIDTERM\views\tracker_view.py", line 718, in load_data
    for item in self.tree.get_children():
                ~~~~~~~~~~~~~~~~~~~~~~^^
  File "C:\Users\Erica Gallogo\AppData\Local\Python\pythoncore-3.14-64\Lib\tkinter\ttk.py", line 1207, in get_children
    self.tk.call(self._w, "children", item or '') or ())
    ~~~~~~~~~~~~^^^^^^^^^^^^^^^^^^^^^^^^^^^^^^^^^
_tkinter.TclError: invalid command name ".!frame4.!canvas.!frame.!frame.!frame4.!frame2.!treeview"
2026-09-03 15:00:27 - ERROR - Dashboard refresh error: invalid command name ".!frame4.!canvas.!frame.!frame.!frame4.!frame2.!treeview"
Traceback (most recent call last):
  File "C:\Users\Erica Gallogo\OneDrive - National University\Desktop\MIDTERM\views\tracker_view.py", line 718, in load_data
    for item in self.tree.get_children():
                ~~~~~~~~~~~~~~~~~~~~~~^^
  File "C:\Users\Erica Gallogo\AppData\Local\Python\pythoncore-3.14-64\Lib\tkinter\ttk.py", line 1207, in get_children
    self.tk.call(self._w, "children", item or '') or ())
    ~~~~~~~~~~~~^^^^^^^^^^^^^^^^^^^^^^^^^^^^^^^^^
_tkinter.TclError: invalid command name ".!frame4.!canvas.!frame.!frame.!frame4.!frame2.!treeview"
2026-09-03 15:00:32 - ERROR - Dashboard refresh error: invalid command name ".!frame4.!canvas.!frame.!frame.!frame4.!frame2.!treeview"
Traceback (most recent call last):
  File "C:\Users\Erica Gallogo\OneDrive - National University\Desktop\MIDTERM\views\tracker_view.py", line 718, in load_data
    for item in self.tree.get_children():
                ~~~~~~~~~~~~~~~~~~~~~~^^
  File "C:\Users\Erica Gallogo\AppData\Local\Python\pythoncore-3.14-64\Lib\tkinter\ttk.py", line 1207, in get_children
    self.tk.call(self._w, "children", item or '') or ())
    ~~~~~~~~~~~~^^^^^^^^^^^^^^^^^^^^^^^^^^^^^^^^^
_tkinter.TclError: invalid command name ".!frame4.!canvas.!frame.!frame.!frame4.!frame2.!treeview"
2026-09-03 15:00:37 - ERROR - Dashboard refresh error: invalid command name ".!frame4.!canvas.!frame.!frame.!frame4.!frame2.!treeview"
Traceback (most recent call last):
  File "C:\Users\Erica Gallogo\OneDrive - National University\Desktop\MIDTERM\views\tracker_view.py", line 718, in load_data
    for item in self.tree.get_children():
                ~~~~~~~~~~~~~~~~~~~~~~^^
  File "C:\Users\Erica Gallogo\AppData\Local\Python\pythoncore-3.14-64\Lib\tkinter\ttk.py", line 1207, in get_children
    self.tk.call(self._w, "children", item or '') or ())
    ~~~~~~~~~~~~^^^^^^^^^^^^^^^^^^^^^^^^^^^^^^^^^
_tkinter.TclError: invalid command name ".!frame4.!canvas.!frame.!frame.!frame4.!frame2.!treeview"
2026-09-03 15:00:42 - ERROR - Dashboard refresh error: invalid command name ".!frame4.!canvas.!frame.!frame.!frame4.!frame2.!treeview"
Traceback (most recent call last):
  File "C:\Users\Erica Gallogo\OneDrive - National University\Desktop\MIDTERM\views\tracker_view.py", line 718, in load_data
    for item in self.tree.get_children():
                ~~~~~~~~~~~~~~~~~~~~~~^^
  File "C:\Users\Erica Gallogo\AppData\Local\Python\pythoncore-3.14-64\Lib\tkinter\ttk.py", line 1207, in get_children
    self.tk.call(self._w, "children", item or '') or ())
    ~~~~~~~~~~~~^^^^^^^^^^^^^^^^^^^^^^^^^^^^^^^^^
_tkinter.TclError: invalid command name ".!frame4.!canvas.!frame.!frame.!frame4.!frame2.!treeview"
2026-09-03 15:00:47 - ERROR - Dashboard refresh error: invalid command name ".!frame4.!canvas.!frame.!frame.!frame4.!frame2.!treeview"
Traceback (most recent call last):
  File "C:\Users\Erica Gallogo\OneDrive - National University\Desktop\MIDTERM\views\tracker_view.py", line 718, in load_data
    for item in self.tree.get_children():
                ~~~~~~~~~~~~~~~~~~~~~~^^
  File "C:\Users\Erica Gallogo\AppData\Local\Python\pythoncore-3.14-64\Lib\tkinter\ttk.py", line 1207, in get_children
    self.tk.call(self._w, "children", item or '') or ())
    ~~~~~~~~~~~~^^^^^^^^^^^^^^^^^^^^^^^^^^^^^^^^^
_tkinter.TclError: invalid command name ".!frame4.!canvas.!frame.!frame.!frame4.!frame2.!treeview"
2026-09-03 15:00:52 - ERROR - Dashboard refresh error: invalid command name ".!frame4.!canvas.!frame.!frame.!frame4.!frame2.!treeview"
Traceback (most recent call last):
  File "C:\Users\Erica Gallogo\OneDrive - National University\Desktop\MIDTERM\views\tracker_view.py", line 718, in load_data
    for item in self.tree.get_children():
                ~~~~~~~~~~~~~~~~~~~~~~^^
  File "C:\Users\Erica Gallogo\AppData\Local\Python\pythoncore-3.14-64\Lib\tkinter\ttk.py", line 1207, in get_children
    self.tk.call(self._w, "children", item or '') or ())
    ~~~~~~~~~~~~^^^^^^^^^^^^^^^^^^^^^^^^^^^^^^^^^
_tkinter.TclError: invalid command name ".!frame4.!canvas.!frame.!frame.!frame4.!frame2.!treeview"
2026-09-03 15:00:57 - ERROR - Dashboard refresh error: invalid command name ".!frame4.!canvas.!frame.!frame.!frame4.!frame2.!treeview"
Traceback (most recent call last):
  File "C:\Users\Erica Gallogo\OneDrive - National University\Desktop\MIDTERM\views\tracker_view.py", line 718, in load_data
    for item in self.tree.get_children():
                ~~~~~~~~~~~~~~~~~~~~~~^^
  File "C:\Users\Erica Gallogo\AppData\Local\Python\pythoncore-3.14-64\Lib\tkinter\ttk.py", line 1207, in get_children
    self.tk.call(self._w, "children", item or '') or ())
    ~~~~~~~~~~~~^^^^^^^^^^^^^^^^^^^^^^^^^^^^^^^^^
_tkinter.TclError: invalid command name ".!frame4.!canvas.!frame.!frame.!frame4.!frame2.!treeview"
2026-09-03 15:01:02 - ERROR - Dashboard refresh error: invalid command name ".!frame4.!canvas.!frame.!frame.!frame4.!frame2.!treeview"
Traceback (most recent call last):
  File "C:\Users\Erica Gallogo\OneDrive - National University\Desktop\MIDTERM\views\tracker_view.py", line 718, in load_data
    for item in self.tree.get_children():
                ~~~~~~~~~~~~~~~~~~~~~~^^
  File "C:\Users\Erica Gallogo\AppData\Local\Python\pythoncore-3.14-64\Lib\tkinter\ttk.py", line 1207, in get_children
    self.tk.call(self._w, "children", item or '') or ())
    ~~~~~~~~~~~~^^^^^^^^^^^^^^^^^^^^^^^^^^^^^^^^^
_tkinter.TclError: invalid command name ".!frame4.!canvas.!frame.!frame.!frame4.!frame2.!treeview"
2026-09-03 15:01:07 - ERROR - Dashboard refresh error: invalid command name ".!frame4.!canvas.!frame.!frame.!frame4.!frame2.!treeview"
Traceback (most recent call last):
  File "C:\Users\Erica Gallogo\OneDrive - National University\Desktop\MIDTERM\views\tracker_view.py", line 718, in load_data
    for item in self.tree.get_children():
                ~~~~~~~~~~~~~~~~~~~~~~^^
  File "C:\Users\Erica Gallogo\AppData\Local\Python\pythoncore-3.14-64\Lib\tkinter\ttk.py", line 1207, in get_children
    self.tk.call(self._w, "children", item or '') or ())
    ~~~~~~~~~~~~^^^^^^^^^^^^^^^^^^^^^^^^^^^^^^^^^
_tkinter.TclError: invalid command name ".!frame4.!canvas.!frame.!frame.!frame4.!frame2.!treeview"
2026-09-03 15:01:12 - ERROR - Dashboard refresh error: invalid command name ".!frame4.!canvas.!frame.!frame.!frame4.!frame2.!treeview"
Traceback (most recent call last):
  File "C:\Users\Erica Gallogo\OneDrive - National University\Desktop\MIDTERM\views\tracker_view.py", line 718, in load_data
    for item in self.tree.get_children():
                ~~~~~~~~~~~~~~~~~~~~~~^^
  File "C:\Users\Erica Gallogo\AppData\Local\Python\pythoncore-3.14-64\Lib\tkinter\ttk.py", line 1207, in get_children
    self.tk.call(self._w, "children", item or '') or ())
    ~~~~~~~~~~~~^^^^^^^^^^^^^^^^^^^^^^^^^^^^^^^^^
_tkinter.TclError: invalid command name ".!frame4.!canvas.!frame.!frame.!frame4.!frame2.!treeview"
2026-09-03 15:01:17 - ERROR - Dashboard refresh error: invalid command name ".!frame4.!canvas.!frame.!frame.!frame4.!frame2.!treeview"
Traceback (most recent call last):
  File "C:\Users\Erica Gallogo\OneDrive - National University\Desktop\MIDTERM\views\tracker_view.py", line 718, in load_data
    for item in self.tree.get_children():
                ~~~~~~~~~~~~~~~~~~~~~~^^
  File "C:\Users\Erica Gallogo\AppData\Local\Python\pythoncore-3.14-64\Lib\tkinter\ttk.py", line 1207, in get_children
    self.tk.call(self._w, "children", item or '') or ())
    ~~~~~~~~~~~~^^^^^^^^^^^^^^^^^^^^^^^^^^^^^^^^^
_tkinter.TclError: invalid command name ".!frame4.!canvas.!frame.!frame.!frame4.!frame2.!treeview"
2026-09-03 15:01:22 - ERROR - Dashboard refresh error: invalid command name ".!frame4.!canvas.!frame.!frame.!frame4.!frame2.!treeview"
Traceback (most recent call last):
  File "C:\Users\Erica Gallogo\OneDrive - National University\Desktop\MIDTERM\views\tracker_view.py", line 718, in load_data
    for item in self.tree.get_children():
                ~~~~~~~~~~~~~~~~~~~~~~^^
  File "C:\Users\Erica Gallogo\AppData\Local\Python\pythoncore-3.14-64\Lib\tkinter\ttk.py", line 1207, in get_children
    self.tk.call(self._w, "children", item or '') or ())
    ~~~~~~~~~~~~^^^^^^^^^^^^^^^^^^^^^^^^^^^^^^^^^
_tkinter.TclError: invalid command name ".!frame4.!canvas.!frame.!frame.!frame4.!frame2.!treeview"
2026-09-03 15:01:27 - ERROR - Dashboard refresh error: invalid command name ".!frame4.!canvas.!frame.!frame.!frame4.!frame2.!treeview"
Traceback (most recent call last):
  File "C:\Users\Erica Gallogo\OneDrive - National University\Desktop\MIDTERM\views\tracker_view.py", line 718, in load_data
    for item in self.tree.get_children():
                ~~~~~~~~~~~~~~~~~~~~~~^^
  File "C:\Users\Erica Gallogo\AppData\Local\Python\pythoncore-3.14-64\Lib\tkinter\ttk.py", line 1207, in get_children
    self.tk.call(self._w, "children", item or '') or ())
    ~~~~~~~~~~~~^^^^^^^^^^^^^^^^^^^^^^^^^^^^^^^^^
_tkinter.TclError: invalid command name ".!frame4.!canvas.!frame.!frame.!frame4.!frame2.!treeview"
2026-09-03 15:01:32 - ERROR - Dashboard refresh error: invalid command name ".!frame4.!canvas.!frame.!frame.!frame4.!frame2.!treeview"
Traceback (most recent call last):
  File "C:\Users\Erica Gallogo\OneDrive - National University\Desktop\MIDTERM\views\tracker_view.py", line 718, in load_data
    for item in self.tree.get_children():
                ~~~~~~~~~~~~~~~~~~~~~~^^
  File "C:\Users\Erica Gallogo\AppData\Local\Python\pythoncore-3.14-64\Lib\tkinter\ttk.py", line 1207, in get_children
    self.tk.call(self._w, "children", item or '') or ())
    ~~~~~~~~~~~~^^^^^^^^^^^^^^^^^^^^^^^^^^^^^^^^^
_tkinter.TclError: invalid command name ".!frame4.!canvas.!frame.!frame.!frame4.!frame2.!treeview"
2026-09-03 15:01:37 - ERROR - Dashboard refresh error: invalid command name ".!frame4.!canvas.!frame.!frame.!frame4.!frame2.!treeview"
Traceback (most recent call last):
  File "C:\Users\Erica Gallogo\OneDrive - National University\Desktop\MIDTERM\views\tracker_view.py", line 718, in load_data
    for item in self.tree.get_children():
                ~~~~~~~~~~~~~~~~~~~~~~^^
  File "C:\Users\Erica Gallogo\AppData\Local\Python\pythoncore-3.14-64\Lib\tkinter\ttk.py", line 1207, in get_children
    self.tk.call(self._w, "children", item or '') or ())
    ~~~~~~~~~~~~^^^^^^^^^^^^^^^^^^^^^^^^^^^^^^^^^
_tkinter.TclError: invalid command name ".!frame4.!canvas.!frame.!frame.!frame4.!frame2.!treeview"
2026-09-03 15:01:42 - ERROR - Dashboard refresh error: invalid command name ".!frame4.!canvas.!frame.!frame.!frame4.!frame2.!treeview"
Traceback (most recent call last):
  File "C:\Users\Erica Gallogo\OneDrive - National University\Desktop\MIDTERM\views\tracker_view.py", line 718, in load_data
    for item in self.tree.get_children():
                ~~~~~~~~~~~~~~~~~~~~~~^^
  File "C:\Users\Erica Gallogo\AppData\Local\Python\pythoncore-3.14-64\Lib\tkinter\ttk.py", line 1207, in get_children
    self.tk.call(self._w, "children", item or '') or ())
    ~~~~~~~~~~~~^^^^^^^^^^^^^^^^^^^^^^^^^^^^^^^^^
_tkinter.TclError: invalid command name ".!frame4.!canvas.!frame.!frame.!frame4.!frame2.!treeview"
2026-09-03 15:01:47 - ERROR - Dashboard refresh error: invalid command name ".!frame4.!canvas.!frame.!frame.!frame4.!frame2.!treeview"
Traceback (most recent call last):
  File "C:\Users\Erica Gallogo\OneDrive - National University\Desktop\MIDTERM\views\tracker_view.py", line 718, in load_data
    for item in self.tree.get_children():
                ~~~~~~~~~~~~~~~~~~~~~~^^
  File "C:\Users\Erica Gallogo\AppData\Local\Python\pythoncore-3.14-64\Lib\tkinter\ttk.py", line 1207, in get_children
    self.tk.call(self._w, "children", item or '') or ())
    ~~~~~~~~~~~~^^^^^^^^^^^^^^^^^^^^^^^^^^^^^^^^^
_tkinter.TclError: invalid command name ".!frame4.!canvas.!frame.!frame.!frame4.!frame2.!treeview"
2026-09-03 15:01:52 - ERROR - Dashboard refresh error: invalid command name ".!frame4.!canvas.!frame.!frame.!frame4.!frame2.!treeview"
Traceback (most recent call last):
  File "C:\Users\Erica Gallogo\OneDrive - National University\Desktop\MIDTERM\views\tracker_view.py", line 718, in load_data
    for item in self.tree.get_children():
                ~~~~~~~~~~~~~~~~~~~~~~^^
  File "C:\Users\Erica Gallogo\AppData\Local\Python\pythoncore-3.14-64\Lib\tkinter\ttk.py", line 1207, in get_children
    self.tk.call(self._w, "children", item or '') or ())
    ~~~~~~~~~~~~^^^^^^^^^^^^^^^^^^^^^^^^^^^^^^^^^
_tkinter.TclError: invalid command name ".!frame4.!canvas.!frame.!frame.!frame4.!frame2.!treeview"
2026-09-03 15:01:57 - ERROR - Dashboard refresh error: invalid command name ".!frame4.!canvas.!frame.!frame.!frame4.!frame2.!treeview"
Traceback (most recent call last):
  File "C:\Users\Erica Gallogo\OneDrive - National University\Desktop\MIDTERM\views\tracker_view.py", line 718, in load_data
    for item in self.tree.get_children():
                ~~~~~~~~~~~~~~~~~~~~~~^^
  File "C:\Users\Erica Gallogo\AppData\Local\Python\pythoncore-3.14-64\Lib\tkinter\ttk.py", line 1207, in get_children
    self.tk.call(self._w, "children", item or '') or ())
    ~~~~~~~~~~~~^^^^^^^^^^^^^^^^^^^^^^^^^^^^^^^^^
_tkinter.TclError: invalid command name ".!frame4.!canvas.!frame.!frame.!frame4.!frame2.!treeview"
2026-09-03 15:02:02 - ERROR - Dashboard refresh error: invalid command name ".!frame4.!canvas.!frame.!frame.!frame4.!frame2.!treeview"
Traceback (most recent call last):
  File "C:\Users\Erica Gallogo\OneDrive - National University\Desktop\MIDTERM\views\tracker_view.py", line 718, in load_data
    for item in self.tree.get_children():
                ~~~~~~~~~~~~~~~~~~~~~~^^
  File "C:\Users\Erica Gallogo\AppData\Local\Python\pythoncore-3.14-64\Lib\tkinter\ttk.py", line 1207, in get_children
    self.tk.call(self._w, "children", item or '') or ())
    ~~~~~~~~~~~~^^^^^^^^^^^^^^^^^^^^^^^^^^^^^^^^^
_tkinter.TclError: invalid command name ".!frame4.!canvas.!frame.!frame.!frame4.!frame2.!treeview"
2026-09-03 15:02:07 - ERROR - Dashboard refresh error: invalid command name ".!frame4.!canvas.!frame.!frame.!frame4.!frame2.!treeview"
Traceback (most recent call last):
  File "C:\Users\Erica Gallogo\OneDrive - National University\Desktop\MIDTERM\views\tracker_view.py", line 718, in load_data
    for item in self.tree.get_children():
                ~~~~~~~~~~~~~~~~~~~~~~^^
  File "C:\Users\Erica Gallogo\AppData\Local\Python\pythoncore-3.14-64\Lib\tkinter\ttk.py", line 1207, in get_children
    self.tk.call(self._w, "children", item or '') or ())
    ~~~~~~~~~~~~^^^^^^^^^^^^^^^^^^^^^^^^^^^^^^^^^
_tkinter.TclError: invalid command name ".!frame4.!canvas.!frame.!frame.!frame4.!frame2.!treeview"
2026-09-03 15:02:12 - ERROR - Dashboard refresh error: invalid command name ".!frame4.!canvas.!frame.!frame.!frame4.!frame2.!treeview"
Traceback (most recent call last):
  File "C:\Users\Erica Gallogo\OneDrive - National University\Desktop\MIDTERM\views\tracker_view.py", line 718, in load_data
    for item in self.tree.get_children():
                ~~~~~~~~~~~~~~~~~~~~~~^^
  File "C:\Users\Erica Gallogo\AppData\Local\Python\pythoncore-3.14-64\Lib\tkinter\ttk.py", line 1207, in get_children
    self.tk.call(self._w, "children", item or '') or ())
    ~~~~~~~~~~~~^^^^^^^^^^^^^^^^^^^^^^^^^^^^^^^^^
_tkinter.TclError: invalid command name ".!frame4.!canvas.!frame.!frame.!frame4.!frame2.!treeview"
2026-09-03 15:02:17 - ERROR - Dashboard refresh error: invalid command name ".!frame4.!canvas.!frame.!frame.!frame4.!frame2.!treeview"
Traceback (most recent call last):
  File "C:\Users\Erica Gallogo\OneDrive - National University\Desktop\MIDTERM\views\tracker_view.py", line 718, in load_data
    for item in self.tree.get_children():
                ~~~~~~~~~~~~~~~~~~~~~~^^
  File "C:\Users\Erica Gallogo\AppData\Local\Python\pythoncore-3.14-64\Lib\tkinter\ttk.py", line 1207, in get_children
    self.tk.call(self._w, "children", item or '') or ())
    ~~~~~~~~~~~~^^^^^^^^^^^^^^^^^^^^^^^^^^^^^^^^^
_tkinter.TclError: invalid command name ".!frame4.!canvas.!frame.!frame.!frame4.!frame2.!treeview"
2026-09-03 15:02:22 - ERROR - Dashboard refresh error: invalid command name ".!frame4.!canvas.!frame.!frame.!frame4.!frame2.!treeview"
Traceback (most recent call last):
  File "C:\Users\Erica Gallogo\OneDrive - National University\Desktop\MIDTERM\views\tracker_view.py", line 718, in load_data
    for item in self.tree.get_children():
                ~~~~~~~~~~~~~~~~~~~~~~^^
  File "C:\Users\Erica Gallogo\AppData\Local\Python\pythoncore-3.14-64\Lib\tkinter\ttk.py", line 1207, in get_children
    self.tk.call(self._w, "children", item or '') or ())
    ~~~~~~~~~~~~^^^^^^^^^^^^^^^^^^^^^^^^^^^^^^^^^
_tkinter.TclError: invalid command name ".!frame4.!canvas.!frame.!frame.!frame4.!frame2.!treeview"
2026-09-03 15:02:27 - ERROR - Dashboard refresh error: invalid command name ".!frame4.!canvas.!frame.!frame.!frame4.!frame2.!treeview"
Traceback (most recent call last):
  File "C:\Users\Erica Gallogo\OneDrive - National University\Desktop\MIDTERM\views\tracker_view.py", line 718, in load_data
    for item in self.tree.get_children():
                ~~~~~~~~~~~~~~~~~~~~~~^^
  File "C:\Users\Erica Gallogo\AppData\Local\Python\pythoncore-3.14-64\Lib\tkinter\ttk.py", line 1207, in get_children
    self.tk.call(self._w, "children", item or '') or ())
    ~~~~~~~~~~~~^^^^^^^^^^^^^^^^^^^^^^^^^^^^^^^^^
_tkinter.TclError: invalid command name ".!frame4.!canvas.!frame.!frame.!frame4.!frame2.!treeview"
2026-09-03 15:02:32 - ERROR - Dashboard refresh error: invalid command name ".!frame4.!canvas.!frame.!frame.!frame4.!frame2.!treeview"
Traceback (most recent call last):
  File "C:\Users\Erica Gallogo\OneDrive - National University\Desktop\MIDTERM\views\tracker_view.py", line 718, in load_data
    for item in self.tree.get_children():
                ~~~~~~~~~~~~~~~~~~~~~~^^
  File "C:\Users\Erica Gallogo\AppData\Local\Python\pythoncore-3.14-64\Lib\tkinter\ttk.py", line 1207, in get_children
    self.tk.call(self._w, "children", item or '') or ())
    ~~~~~~~~~~~~^^^^^^^^^^^^^^^^^^^^^^^^^^^^^^^^^
_tkinter.TclError: invalid command name ".!frame4.!canvas.!frame.!frame.!frame4.!frame2.!treeview"
2026-09-03 15:02:37 - ERROR - Dashboard refresh error: invalid command name ".!frame4.!canvas.!frame.!frame.!frame4.!frame2.!treeview"
Traceback (most recent call last):
  File "C:\Users\Erica Gallogo\OneDrive - National University\Desktop\MIDTERM\views\tracker_view.py", line 718, in load_data
    for item in self.tree.get_children():
                ~~~~~~~~~~~~~~~~~~~~~~^^
  File "C:\Users\Erica Gallogo\AppData\Local\Python\pythoncore-3.14-64\Lib\tkinter\ttk.py", line 1207, in get_children
    self.tk.call(self._w, "children", item or '') or ())
    ~~~~~~~~~~~~^^^^^^^^^^^^^^^^^^^^^^^^^^^^^^^^^
_tkinter.TclError: invalid command name ".!frame4.!canvas.!frame.!frame.!frame4.!frame2.!treeview"
2026-09-03 15:02:42 - ERROR - Dashboard refresh error: invalid command name ".!frame4.!canvas.!frame.!frame.!frame4.!frame2.!treeview"
Traceback (most recent call last):
  File "C:\Users\Erica Gallogo\OneDrive - National University\Desktop\MIDTERM\views\tracker_view.py", line 718, in load_data
    for item in self.tree.get_children():
                ~~~~~~~~~~~~~~~~~~~~~~^^
  File "C:\Users\Erica Gallogo\AppData\Local\Python\pythoncore-3.14-64\Lib\tkinter\ttk.py", line 1207, in get_children
    self.tk.call(self._w, "children", item or '') or ())
    ~~~~~~~~~~~~^^^^^^^^^^^^^^^^^^^^^^^^^^^^^^^^^
_tkinter.TclError: invalid command name ".!frame4.!canvas.!frame.!frame.!frame4.!frame2.!treeview"
2026-09-03 15:02:47 - ERROR - Dashboard refresh error: invalid command name ".!frame4.!canvas.!frame.!frame.!frame4.!frame2.!treeview"
Traceback (most recent call last):
  File "C:\Users\Erica Gallogo\OneDrive - National University\Desktop\MIDTERM\views\tracker_view.py", line 718, in load_data
    for item in self.tree.get_children():
                ~~~~~~~~~~~~~~~~~~~~~~^^
  File "C:\Users\Erica Gallogo\AppData\Local\Python\pythoncore-3.14-64\Lib\tkinter\ttk.py", line 1207, in get_children
    self.tk.call(self._w, "children", item or '') or ())
    ~~~~~~~~~~~~^^^^^^^^^^^^^^^^^^^^^^^^^^^^^^^^^
_tkinter.TclError: invalid command name ".!frame4.!canvas.!frame.!frame.!frame4.!frame2.!treeview"
2026-09-03 15:02:52 - ERROR - Dashboard refresh error: invalid command name ".!frame4.!canvas.!frame.!frame.!frame4.!frame2.!treeview"
Traceback (most recent call last):
  File "C:\Users\Erica Gallogo\OneDrive - National University\Desktop\MIDTERM\views\tracker_view.py", line 718, in load_data
    for item in self.tree.get_children():
                ~~~~~~~~~~~~~~~~~~~~~~^^
  File "C:\Users\Erica Gallogo\AppData\Local\Python\pythoncore-3.14-64\Lib\tkinter\ttk.py", line 1207, in get_children
    self.tk.call(self._w, "children", item or '') or ())
    ~~~~~~~~~~~~^^^^^^^^^^^^^^^^^^^^^^^^^^^^^^^^^
_tkinter.TclError: invalid command name ".!frame4.!canvas.!frame.!frame.!frame4.!frame2.!treeview"
2026-09-03 15:02:57 - ERROR - Dashboard refresh error: invalid command name ".!frame4.!canvas.!frame.!frame.!frame4.!frame2.!treeview"
Traceback (most recent call last):
  File "C:\Users\Erica Gallogo\OneDrive - National University\Desktop\MIDTERM\views\tracker_view.py", line 718, in load_data
    for item in self.tree.get_children():
                ~~~~~~~~~~~~~~~~~~~~~~^^
  File "C:\Users\Erica Gallogo\AppData\Local\Python\pythoncore-3.14-64\Lib\tkinter\ttk.py", line 1207, in get_children
    self.tk.call(self._w, "children", item or '') or ())
    ~~~~~~~~~~~~^^^^^^^^^^^^^^^^^^^^^^^^^^^^^^^^^
_tkinter.TclError: invalid command name ".!frame4.!canvas.!frame.!frame.!frame4.!frame2.!treeview"
2026-09-03 15:03:02 - ERROR - Dashboard refresh error: invalid command name ".!frame4.!canvas.!frame.!frame.!frame4.!frame2.!treeview"
Traceback (most recent call last):
  File "C:\Users\Erica Gallogo\OneDrive - National University\Desktop\MIDTERM\views\tracker_view.py", line 718, in load_data
    for item in self.tree.get_children():
                ~~~~~~~~~~~~~~~~~~~~~~^^
  File "C:\Users\Erica Gallogo\AppData\Local\Python\pythoncore-3.14-64\Lib\tkinter\ttk.py", line 1207, in get_children
    self.tk.call(self._w, "children", item or '') or ())
    ~~~~~~~~~~~~^^^^^^^^^^^^^^^^^^^^^^^^^^^^^^^^^
_tkinter.TclError: invalid command name ".!frame4.!canvas.!frame.!frame.!frame4.!frame2.!treeview"
2026-09-03 15:03:08 - ERROR - Dashboard refresh error: invalid command name ".!frame4.!canvas.!frame.!frame.!frame4.!frame2.!treeview"
Traceback (most recent call last):
  File "C:\Users\Erica Gallogo\OneDrive - National University\Desktop\MIDTERM\views\tracker_view.py", line 718, in load_data
    for item in self.tree.get_children():
                ~~~~~~~~~~~~~~~~~~~~~~^^
  File "C:\Users\Erica Gallogo\AppData\Local\Python\pythoncore-3.14-64\Lib\tkinter\ttk.py", line 1207, in get_children
    self.tk.call(self._w, "children", item or '') or ())
    ~~~~~~~~~~~~^^^^^^^^^^^^^^^^^^^^^^^^^^^^^^^^^
_tkinter.TclError: invalid command name ".!frame4.!canvas.!frame.!frame.!frame4.!frame2.!treeview"
2026-09-03 15:03:13 - ERROR - Dashboard refresh error: invalid command name ".!frame4.!canvas.!frame.!frame.!frame4.!frame2.!treeview"
Traceback (most recent call last):
  File "C:\Users\Erica Gallogo\OneDrive - National University\Desktop\MIDTERM\views\tracker_view.py", line 718, in load_data
    for item in self.tree.get_children():
                ~~~~~~~~~~~~~~~~~~~~~~^^
  File "C:\Users\Erica Gallogo\AppData\Local\Python\pythoncore-3.14-64\Lib\tkinter\ttk.py", line 1207, in get_children
    self.tk.call(self._w, "children", item or '') or ())
    ~~~~~~~~~~~~^^^^^^^^^^^^^^^^^^^^^^^^^^^^^^^^^
_tkinter.TclError: invalid command name ".!frame4.!canvas.!frame.!frame.!frame4.!frame2.!treeview"
2026-09-03 15:03:18 - ERROR - Dashboard refresh error: invalid command name ".!frame4.!canvas.!frame.!frame.!frame4.!frame2.!treeview"
Traceback (most recent call last):
  File "C:\Users\Erica Gallogo\OneDrive - National University\Desktop\MIDTERM\views\tracker_view.py", line 718, in load_data
    for item in self.tree.get_children():
                ~~~~~~~~~~~~~~~~~~~~~~^^
  File "C:\Users\Erica Gallogo\AppData\Local\Python\pythoncore-3.14-64\Lib\tkinter\ttk.py", line 1207, in get_children
    self.tk.call(self._w, "children", item or '') or ())
    ~~~~~~~~~~~~^^^^^^^^^^^^^^^^^^^^^^^^^^^^^^^^^
_tkinter.TclError: invalid command name ".!frame4.!canvas.!frame.!frame.!frame4.!frame2.!treeview"
2026-09-03 15:03:23 - ERROR - Dashboard refresh error: invalid command name ".!frame4.!canvas.!frame.!frame.!frame4.!frame2.!treeview"
Traceback (most recent call last):
  File "C:\Users\Erica Gallogo\OneDrive - National University\Desktop\MIDTERM\views\tracker_view.py", line 718, in load_data
    for item in self.tree.get_children():
                ~~~~~~~~~~~~~~~~~~~~~~^^
  File "C:\Users\Erica Gallogo\AppData\Local\Python\pythoncore-3.14-64\Lib\tkinter\ttk.py", line 1207, in get_children
    self.tk.call(self._w, "children", item or '') or ())
    ~~~~~~~~~~~~^^^^^^^^^^^^^^^^^^^^^^^^^^^^^^^^^
_tkinter.TclError: invalid command name ".!frame4.!canvas.!frame.!frame.!frame4.!frame2.!treeview"
2026-09-03 15:03:28 - ERROR - Dashboard refresh error: invalid command name ".!frame4.!canvas.!frame.!frame.!frame4.!frame2.!treeview"
Traceback (most recent call last):
  File "C:\Users\Erica Gallogo\OneDrive - National University\Desktop\MIDTERM\views\tracker_view.py", line 718, in load_data
    for item in self.tree.get_children():
                ~~~~~~~~~~~~~~~~~~~~~~^^
  File "C:\Users\Erica Gallogo\AppData\Local\Python\pythoncore-3.14-64\Lib\tkinter\ttk.py", line 1207, in get_children
    self.tk.call(self._w, "children", item or '') or ())
    ~~~~~~~~~~~~^^^^^^^^^^^^^^^^^^^^^^^^^^^^^^^^^
_tkinter.TclError: invalid command name ".!frame4.!canvas.!frame.!frame.!frame4.!frame2.!treeview"
2026-09-03 15:03:33 - ERROR - Dashboard refresh error: invalid command name ".!frame4.!canvas.!frame.!frame.!frame4.!frame2.!treeview"
Traceback (most recent call last):
  File "C:\Users\Erica Gallogo\OneDrive - National University\Desktop\MIDTERM\views\tracker_view.py", line 718, in load_data
    for item in self.tree.get_children():
                ~~~~~~~~~~~~~~~~~~~~~~^^
  File "C:\Users\Erica Gallogo\AppData\Local\Python\pythoncore-3.14-64\Lib\tkinter\ttk.py", line 1207, in get_children
    self.tk.call(self._w, "children", item or '') or ())
    ~~~~~~~~~~~~^^^^^^^^^^^^^^^^^^^^^^^^^^^^^^^^^
_tkinter.TclError: invalid command name ".!frame4.!canvas.!frame.!frame.!frame4.!frame2.!treeview"
2026-09-03 15:03:38 - ERROR - Dashboard refresh error: invalid command name ".!frame4.!canvas.!frame.!frame.!frame4.!frame2.!treeview"
Traceback (most recent call last):
  File "C:\Users\Erica Gallogo\OneDrive - National University\Desktop\MIDTERM\views\tracker_view.py", line 718, in load_data
    for item in self.tree.get_children():
                ~~~~~~~~~~~~~~~~~~~~~~^^
  File "C:\Users\Erica Gallogo\AppData\Local\Python\pythoncore-3.14-64\Lib\tkinter\ttk.py", line 1207, in get_children
    self.tk.call(self._w, "children", item or '') or ())
    ~~~~~~~~~~~~^^^^^^^^^^^^^^^^^^^^^^^^^^^^^^^^^
_tkinter.TclError: invalid command name ".!frame4.!canvas.!frame.!frame.!frame4.!frame2.!treeview"
2026-09-03 15:03:43 - ERROR - Dashboard refresh error: invalid command name ".!frame4.!canvas.!frame.!frame.!frame4.!frame2.!treeview"
Traceback (most recent call last):
  File "C:\Users\Erica Gallogo\OneDrive - National University\Desktop\MIDTERM\views\tracker_view.py", line 718, in load_data
    for item in self.tree.get_children():
                ~~~~~~~~~~~~~~~~~~~~~~^^
  File "C:\Users\Erica Gallogo\AppData\Local\Python\pythoncore-3.14-64\Lib\tkinter\ttk.py", line 1207, in get_children
    self.tk.call(self._w, "children", item or '') or ())
    ~~~~~~~~~~~~^^^^^^^^^^^^^^^^^^^^^^^^^^^^^^^^^
_tkinter.TclError: invalid command name ".!frame4.!canvas.!frame.!frame.!frame4.!frame2.!treeview"
2026-09-03 15:03:48 - ERROR - Dashboard refresh error: invalid command name ".!frame4.!canvas.!frame.!frame.!frame4.!frame2.!treeview"
Traceback (most recent call last):
  File "C:\Users\Erica Gallogo\OneDrive - National University\Desktop\MIDTERM\views\tracker_view.py", line 718, in load_data
    for item in self.tree.get_children():
                ~~~~~~~~~~~~~~~~~~~~~~^^
  File "C:\Users\Erica Gallogo\AppData\Local\Python\pythoncore-3.14-64\Lib\tkinter\ttk.py", line 1207, in get_children
    self.tk.call(self._w, "children", item or '') or ())
    ~~~~~~~~~~~~^^^^^^^^^^^^^^^^^^^^^^^^^^^^^^^^^
_tkinter.TclError: invalid command name ".!frame4.!canvas.!frame.!frame.!frame4.!frame2.!treeview"
2026-09-03 15:03:53 - ERROR - Dashboard refresh error: invalid command name ".!frame4.!canvas.!frame.!frame.!frame4.!frame2.!treeview"
Traceback (most recent call last):
  File "C:\Users\Erica Gallogo\OneDrive - National University\Desktop\MIDTERM\views\tracker_view.py", line 718, in load_data
    for item in self.tree.get_children():
                ~~~~~~~~~~~~~~~~~~~~~~^^
  File "C:\Users\Erica Gallogo\AppData\Local\Python\pythoncore-3.14-64\Lib\tkinter\ttk.py", line 1207, in get_children
    self.tk.call(self._w, "children", item or '') or ())
    ~~~~~~~~~~~~^^^^^^^^^^^^^^^^^^^^^^^^^^^^^^^^^
_tkinter.TclError: invalid command name ".!frame4.!canvas.!frame.!frame.!frame4.!frame2.!treeview"
2026-09-03 15:03:58 - ERROR - Dashboard refresh error: invalid command name ".!frame4.!canvas.!frame.!frame.!frame4.!frame2.!treeview"
Traceback (most recent call last):
  File "C:\Users\Erica Gallogo\OneDrive - National University\Desktop\MIDTERM\views\tracker_view.py", line 718, in load_data
    for item in self.tree.get_children():
                ~~~~~~~~~~~~~~~~~~~~~~^^
  File "C:\Users\Erica Gallogo\AppData\Local\Python\pythoncore-3.14-64\Lib\tkinter\ttk.py", line 1207, in get_children
    self.tk.call(self._w, "children", item or '') or ())
    ~~~~~~~~~~~~^^^^^^^^^^^^^^^^^^^^^^^^^^^^^^^^^
_tkinter.TclError: invalid command name ".!frame4.!canvas.!frame.!frame.!frame4.!frame2.!treeview"
2026-09-03 15:04:03 - ERROR - Dashboard refresh error: invalid command name ".!frame4.!canvas.!frame.!frame.!frame4.!frame2.!treeview"
Traceback (most recent call last):
  File "C:\Users\Erica Gallogo\OneDrive - National University\Desktop\MIDTERM\views\tracker_view.py", line 718, in load_data
    for item in self.tree.get_children():
                ~~~~~~~~~~~~~~~~~~~~~~^^
  File "C:\Users\Erica Gallogo\AppData\Local\Python\pythoncore-3.14-64\Lib\tkinter\ttk.py", line 1207, in get_children
    self.tk.call(self._w, "children", item or '') or ())
    ~~~~~~~~~~~~^^^^^^^^^^^^^^^^^^^^^^^^^^^^^^^^^
_tkinter.TclError: invalid command name ".!frame4.!canvas.!frame.!frame.!frame4.!frame2.!treeview"
2026-09-03 15:04:08 - ERROR - Dashboard refresh error: invalid command name ".!frame4.!canvas.!frame.!frame.!frame4.!frame2.!treeview"
Traceback (most recent call last):
  File "C:\Users\Erica Gallogo\OneDrive - National University\Desktop\MIDTERM\views\tracker_view.py", line 718, in load_data
    for item in self.tree.get_children():
                ~~~~~~~~~~~~~~~~~~~~~~^^
  File "C:\Users\Erica Gallogo\AppData\Local\Python\pythoncore-3.14-64\Lib\tkinter\ttk.py", line 1207, in get_children
    self.tk.call(self._w, "children", item or '') or ())
    ~~~~~~~~~~~~^^^^^^^^^^^^^^^^^^^^^^^^^^^^^^^^^
_tkinter.TclError: invalid command name ".!frame4.!canvas.!frame.!frame.!frame4.!frame2.!treeview"
2026-09-03 15:04:13 - ERROR - Dashboard refresh error: invalid command name ".!frame4.!canvas.!frame.!frame.!frame4.!frame2.!treeview"
Traceback (most recent call last):
  File "C:\Users\Erica Gallogo\OneDrive - National University\Desktop\MIDTERM\views\tracker_view.py", line 718, in load_data
    for item in self.tree.get_children():
                ~~~~~~~~~~~~~~~~~~~~~~^^
  File "C:\Users\Erica Gallogo\AppData\Local\Python\pythoncore-3.14-64\Lib\tkinter\ttk.py", line 1207, in get_children
    self.tk.call(self._w, "children", item or '') or ())
    ~~~~~~~~~~~~^^^^^^^^^^^^^^^^^^^^^^^^^^^^^^^^^
_tkinter.TclError: invalid command name ".!frame4.!canvas.!frame.!frame.!frame4.!frame2.!treeview"
2026-09-03 15:04:18 - ERROR - Dashboard refresh error: invalid command name ".!frame4.!canvas.!frame.!frame.!frame4.!frame2.!treeview"
Traceback (most recent call last):
  File "C:\Users\Erica Gallogo\OneDrive - National University\Desktop\MIDTERM\views\tracker_view.py", line 718, in load_data
    for item in self.tree.get_children():
                ~~~~~~~~~~~~~~~~~~~~~~^^
  File "C:\Users\Erica Gallogo\AppData\Local\Python\pythoncore-3.14-64\Lib\tkinter\ttk.py", line 1207, in get_children
    self.tk.call(self._w, "children", item or '') or ())
    ~~~~~~~~~~~~^^^^^^^^^^^^^^^^^^^^^^^^^^^^^^^^^
_tkinter.TclError: invalid command name ".!frame4.!canvas.!frame.!frame.!frame4.!frame2.!treeview"
2026-09-03 15:04:23 - ERROR - Dashboard refresh error: invalid command name ".!frame4.!canvas.!frame.!frame.!frame4.!frame2.!treeview"
Traceback (most recent call last):
  File "C:\Users\Erica Gallogo\OneDrive - National University\Desktop\MIDTERM\views\tracker_view.py", line 718, in load_data
    for item in self.tree.get_children():
                ~~~~~~~~~~~~~~~~~~~~~~^^
  File "C:\Users\Erica Gallogo\AppData\Local\Python\pythoncore-3.14-64\Lib\tkinter\ttk.py", line 1207, in get_children
    self.tk.call(self._w, "children", item or '') or ())
    ~~~~~~~~~~~~^^^^^^^^^^^^^^^^^^^^^^^^^^^^^^^^^
_tkinter.TclError: invalid command name ".!frame4.!canvas.!frame.!frame.!frame4.!frame2.!treeview"
2026-09-03 15:04:28 - ERROR - Dashboard refresh error: invalid command name ".!frame4.!canvas.!frame.!frame.!frame4.!frame2.!treeview"
Traceback (most recent call last):
  File "C:\Users\Erica Gallogo\OneDrive - National University\Desktop\MIDTERM\views\tracker_view.py", line 718, in load_data
    for item in self.tree.get_children():
                ~~~~~~~~~~~~~~~~~~~~~~^^
  File "C:\Users\Erica Gallogo\AppData\Local\Python\pythoncore-3.14-64\Lib\tkinter\ttk.py", line 1207, in get_children
    self.tk.call(self._w, "children", item or '') or ())
    ~~~~~~~~~~~~^^^^^^^^^^^^^^^^^^^^^^^^^^^^^^^^^
_tkinter.TclError: invalid command name ".!frame4.!canvas.!frame.!frame.!frame4.!frame2.!treeview"
2026-09-03 15:04:33 - ERROR - Dashboard refresh error: invalid command name ".!frame4.!canvas.!frame.!frame.!frame4.!frame2.!treeview"
Traceback (most recent call last):
  File "C:\Users\Erica Gallogo\OneDrive - National University\Desktop\MIDTERM\views\tracker_view.py", line 718, in load_data
    for item in self.tree.get_children():
                ~~~~~~~~~~~~~~~~~~~~~~^^
  File "C:\Users\Erica Gallogo\AppData\Local\Python\pythoncore-3.14-64\Lib\tkinter\ttk.py", line 1207, in get_children
    self.tk.call(self._w, "children", item or '') or ())
    ~~~~~~~~~~~~^^^^^^^^^^^^^^^^^^^^^^^^^^^^^^^^^
_tkinter.TclError: invalid command name ".!frame4.!canvas.!frame.!frame.!frame4.!frame2.!treeview"
2026-09-03 15:04:38 - ERROR - Dashboard refresh error: invalid command name ".!frame4.!canvas.!frame.!frame.!frame4.!frame2.!treeview"
Traceback (most recent call last):
  File "C:\Users\Erica Gallogo\OneDrive - National University\Desktop\MIDTERM\views\tracker_view.py", line 718, in load_data
    for item in self.tree.get_children():
                ~~~~~~~~~~~~~~~~~~~~~~^^
  File "C:\Users\Erica Gallogo\AppData\Local\Python\pythoncore-3.14-64\Lib\tkinter\ttk.py", line 1207, in get_children
    self.tk.call(self._w, "children", item or '') or ())
    ~~~~~~~~~~~~^^^^^^^^^^^^^^^^^^^^^^^^^^^^^^^^^
_tkinter.TclError: invalid command name ".!frame4.!canvas.!frame.!frame.!frame4.!frame2.!treeview"
2026-09-03 15:04:43 - ERROR - Dashboard refresh error: invalid command name ".!frame4.!canvas.!frame.!frame.!frame4.!frame2.!treeview"
Traceback (most recent call last):
  File "C:\Users\Erica Gallogo\OneDrive - National University\Desktop\MIDTERM\views\tracker_view.py", line 718, in load_data
    for item in self.tree.get_children():
                ~~~~~~~~~~~~~~~~~~~~~~^^
  File "C:\Users\Erica Gallogo\AppData\Local\Python\pythoncore-3.14-64\Lib\tkinter\ttk.py", line 1207, in get_children
    self.tk.call(self._w, "children", item or '') or ())
    ~~~~~~~~~~~~^^^^^^^^^^^^^^^^^^^^^^^^^^^^^^^^^
_tkinter.TclError: invalid command name ".!frame4.!canvas.!frame.!frame.!frame4.!frame2.!treeview"
2026-09-03 15:04:48 - ERROR - Dashboard refresh error: invalid command name ".!frame4.!canvas.!frame.!frame.!frame4.!frame2.!treeview"
Traceback (most recent call last):
  File "C:\Users\Erica Gallogo\OneDrive - National University\Desktop\MIDTERM\views\tracker_view.py", line 718, in load_data
    for item in self.tree.get_children():
                ~~~~~~~~~~~~~~~~~~~~~~^^
  File "C:\Users\Erica Gallogo\AppData\Local\Python\pythoncore-3.14-64\Lib\tkinter\ttk.py", line 1207, in get_children
    self.tk.call(self._w, "children", item or '') or ())
    ~~~~~~~~~~~~^^^^^^^^^^^^^^^^^^^^^^^^^^^^^^^^^
_tkinter.TclError: invalid command name ".!frame4.!canvas.!frame.!frame.!frame4.!frame2.!treeview"
2026-09-03 15:04:53 - ERROR - Dashboard refresh error: invalid command name ".!frame4.!canvas.!frame.!frame.!frame4.!frame2.!treeview"
Traceback (most recent call last):
  File "C:\Users\Erica Gallogo\OneDrive - National University\Desktop\MIDTERM\views\tracker_view.py", line 718, in load_data
    for item in self.tree.get_children():
                ~~~~~~~~~~~~~~~~~~~~~~^^
  File "C:\Users\Erica Gallogo\AppData\Local\Python\pythoncore-3.14-64\Lib\tkinter\ttk.py", line 1207, in get_children
    self.tk.call(self._w, "children", item or '') or ())
    ~~~~~~~~~~~~^^^^^^^^^^^^^^^^^^^^^^^^^^^^^^^^^
_tkinter.TclError: invalid command name ".!frame4.!canvas.!frame.!frame.!frame4.!frame2.!treeview"
2026-09-03 15:04:58 - ERROR - Dashboard refresh error: invalid command name ".!frame4.!canvas.!frame.!frame.!frame4.!frame2.!treeview"
Traceback (most recent call last):
  File "C:\Users\Erica Gallogo\OneDrive - National University\Desktop\MIDTERM\views\tracker_view.py", line 718, in load_data
    for item in self.tree.get_children():
                ~~~~~~~~~~~~~~~~~~~~~~^^
  File "C:\Users\Erica Gallogo\AppData\Local\Python\pythoncore-3.14-64\Lib\tkinter\ttk.py", line 1207, in get_children
    self.tk.call(self._w, "children", item or '') or ())
    ~~~~~~~~~~~~^^^^^^^^^^^^^^^^^^^^^^^^^^^^^^^^^
_tkinter.TclError: invalid command name ".!frame4.!canvas.!frame.!frame.!frame4.!frame2.!treeview"
2026-09-03 15:05:03 - ERROR - Dashboard refresh error: invalid command name ".!frame4.!canvas.!frame.!frame.!frame4.!frame2.!treeview"
Traceback (most recent call last):
  File "C:\Users\Erica Gallogo\OneDrive - National University\Desktop\MIDTERM\views\tracker_view.py", line 718, in load_data
    for item in self.tree.get_children():
                ~~~~~~~~~~~~~~~~~~~~~~^^
  File "C:\Users\Erica Gallogo\AppData\Local\Python\pythoncore-3.14-64\Lib\tkinter\ttk.py", line 1207, in get_children
    self.tk.call(self._w, "children", item or '') or ())
    ~~~~~~~~~~~~^^^^^^^^^^^^^^^^^^^^^^^^^^^^^^^^^
_tkinter.TclError: invalid command name ".!frame4.!canvas.!frame.!frame.!frame4.!frame2.!treeview"
2026-09-03 15:05:08 - ERROR - Dashboard refresh error: invalid command name ".!frame4.!canvas.!frame.!frame.!frame4.!frame2.!treeview"
Traceback (most recent call last):
  File "C:\Users\Erica Gallogo\OneDrive - National University\Desktop\MIDTERM\views\tracker_view.py", line 718, in load_data
    for item in self.tree.get_children():
                ~~~~~~~~~~~~~~~~~~~~~~^^
  File "C:\Users\Erica Gallogo\AppData\Local\Python\pythoncore-3.14-64\Lib\tkinter\ttk.py", line 1207, in get_children
    self.tk.call(self._w, "children", item or '') or ())
    ~~~~~~~~~~~~^^^^^^^^^^^^^^^^^^^^^^^^^^^^^^^^^
_tkinter.TclError: invalid command name ".!frame4.!canvas.!frame.!frame.!frame4.!frame2.!treeview"
2026-09-03 15:05:13 - ERROR - Dashboard refresh error: invalid command name ".!frame4.!canvas.!frame.!frame.!frame4.!frame2.!treeview"
Traceback (most recent call last):
  File "C:\Users\Erica Gallogo\OneDrive - National University\Desktop\MIDTERM\views\tracker_view.py", line 718, in load_data
    for item in self.tree.get_children():
                ~~~~~~~~~~~~~~~~~~~~~~^^
  File "C:\Users\Erica Gallogo\AppData\Local\Python\pythoncore-3.14-64\Lib\tkinter\ttk.py", line 1207, in get_children
    self.tk.call(self._w, "children", item or '') or ())
    ~~~~~~~~~~~~^^^^^^^^^^^^^^^^^^^^^^^^^^^^^^^^^
_tkinter.TclError: invalid command name ".!frame4.!canvas.!frame.!frame.!frame4.!frame2.!treeview"
2026-09-03 15:05:18 - ERROR - Dashboard refresh error: invalid command name ".!frame4.!canvas.!frame.!frame.!frame4.!frame2.!treeview"
Traceback (most recent call last):
  File "C:\Users\Erica Gallogo\OneDrive - National University\Desktop\MIDTERM\views\tracker_view.py", line 718, in load_data
    for item in self.tree.get_children():
                ~~~~~~~~~~~~~~~~~~~~~~^^
  File "C:\Users\Erica Gallogo\AppData\Local\Python\pythoncore-3.14-64\Lib\tkinter\ttk.py", line 1207, in get_children
    self.tk.call(self._w, "children", item or '') or ())
    ~~~~~~~~~~~~^^^^^^^^^^^^^^^^^^^^^^^^^^^^^^^^^
_tkinter.TclError: invalid command name ".!frame4.!canvas.!frame.!frame.!frame4.!frame2.!treeview"
2026-09-03 15:05:23 - ERROR - Dashboard refresh error: invalid command name ".!frame4.!canvas.!frame.!frame.!frame4.!frame2.!treeview"
Traceback (most recent call last):
  File "C:\Users\Erica Gallogo\OneDrive - National University\Desktop\MIDTERM\views\tracker_view.py", line 718, in load_data
    for item in self.tree.get_children():
                ~~~~~~~~~~~~~~~~~~~~~~^^
  File "C:\Users\Erica Gallogo\AppData\Local\Python\pythoncore-3.14-64\Lib\tkinter\ttk.py", line 1207, in get_children
    self.tk.call(self._w, "children", item or '') or ())
    ~~~~~~~~~~~~^^^^^^^^^^^^^^^^^^^^^^^^^^^^^^^^^
_tkinter.TclError: invalid command name ".!frame4.!canvas.!frame.!frame.!frame4.!frame2.!treeview"
2026-09-03 15:05:28 - ERROR - Dashboard refresh error: invalid command name ".!frame4.!canvas.!frame.!frame.!frame4.!frame2.!treeview"
Traceback (most recent call last):
  File "C:\Users\Erica Gallogo\OneDrive - National University\Desktop\MIDTERM\views\tracker_view.py", line 718, in load_data
    for item in self.tree.get_children():
                ~~~~~~~~~~~~~~~~~~~~~~^^
  File "C:\Users\Erica Gallogo\AppData\Local\Python\pythoncore-3.14-64\Lib\tkinter\ttk.py", line 1207, in get_children
    self.tk.call(self._w, "children", item or '') or ())
    ~~~~~~~~~~~~^^^^^^^^^^^^^^^^^^^^^^^^^^^^^^^^^
_tkinter.TclError: invalid command name ".!frame4.!canvas.!frame.!frame.!frame4.!frame2.!treeview"
2026-09-03 15:05:33 - ERROR - Dashboard refresh error: invalid command name ".!frame4.!canvas.!frame.!frame.!frame4.!frame2.!treeview"
Traceback (most recent call last):
  File "C:\Users\Erica Gallogo\OneDrive - National University\Desktop\MIDTERM\views\tracker_view.py", line 718, in load_data
    for item in self.tree.get_children():
                ~~~~~~~~~~~~~~~~~~~~~~^^
  File "C:\Users\Erica Gallogo\AppData\Local\Python\pythoncore-3.14-64\Lib\tkinter\ttk.py", line 1207, in get_children
    self.tk.call(self._w, "children", item or '') or ())
    ~~~~~~~~~~~~^^^^^^^^^^^^^^^^^^^^^^^^^^^^^^^^^
_tkinter.TclError: invalid command name ".!frame4.!canvas.!frame.!frame.!frame4.!frame2.!treeview"
2026-09-03 15:05:38 - ERROR - Dashboard refresh error: invalid command name ".!frame4.!canvas.!frame.!frame.!frame4.!frame2.!treeview"
Traceback (most recent call last):
  File "C:\Users\Erica Gallogo\OneDrive - National University\Desktop\MIDTERM\views\tracker_view.py", line 718, in load_data
    for item in self.tree.get_children():
                ~~~~~~~~~~~~~~~~~~~~~~^^
  File "C:\Users\Erica Gallogo\AppData\Local\Python\pythoncore-3.14-64\Lib\tkinter\ttk.py", line 1207, in get_children
    self.tk.call(self._w, "children", item or '') or ())
    ~~~~~~~~~~~~^^^^^^^^^^^^^^^^^^^^^^^^^^^^^^^^^
_tkinter.TclError: invalid command name ".!frame4.!canvas.!frame.!frame.!frame4.!frame2.!treeview"
2026-09-03 15:05:43 - ERROR - Dashboard refresh error: invalid command name ".!frame4.!canvas.!frame.!frame.!frame4.!frame2.!treeview"
Traceback (most recent call last):
  File "C:\Users\Erica Gallogo\OneDrive - National University\Desktop\MIDTERM\views\tracker_view.py", line 718, in load_data
    for item in self.tree.get_children():
                ~~~~~~~~~~~~~~~~~~~~~~^^
  File "C:\Users\Erica Gallogo\AppData\Local\Python\pythoncore-3.14-64\Lib\tkinter\ttk.py", line 1207, in get_children
    self.tk.call(self._w, "children", item or '') or ())
    ~~~~~~~~~~~~^^^^^^^^^^^^^^^^^^^^^^^^^^^^^^^^^
_tkinter.TclError: invalid command name ".!frame4.!canvas.!frame.!frame.!frame4.!frame2.!treeview"
2026-09-03 15:05:48 - ERROR - Dashboard refresh error: invalid command name ".!frame4.!canvas.!frame.!frame.!frame4.!frame2.!treeview"
Traceback (most recent call last):
  File "C:\Users\Erica Gallogo\OneDrive - National University\Desktop\MIDTERM\views\tracker_view.py", line 718, in load_data
    for item in self.tree.get_children():
                ~~~~~~~~~~~~~~~~~~~~~~^^
  File "C:\Users\Erica Gallogo\AppData\Local\Python\pythoncore-3.14-64\Lib\tkinter\ttk.py", line 1207, in get_children
    self.tk.call(self._w, "children", item or '') or ())
    ~~~~~~~~~~~~^^^^^^^^^^^^^^^^^^^^^^^^^^^^^^^^^
_tkinter.TclError: invalid command name ".!frame4.!canvas.!frame.!frame.!frame4.!frame2.!treeview"
2026-09-03 15:05:53 - ERROR - Dashboard refresh error: invalid command name ".!frame4.!canvas.!frame.!frame.!frame4.!frame2.!treeview"
Traceback (most recent call last):
  File "C:\Users\Erica Gallogo\OneDrive - National University\Desktop\MIDTERM\views\tracker_view.py", line 718, in load_data
    for item in self.tree.get_children():
                ~~~~~~~~~~~~~~~~~~~~~~^^
  File "C:\Users\Erica Gallogo\AppData\Local\Python\pythoncore-3.14-64\Lib\tkinter\ttk.py", line 1207, in get_children
    self.tk.call(self._w, "children", item or '') or ())
    ~~~~~~~~~~~~^^^^^^^^^^^^^^^^^^^^^^^^^^^^^^^^^
_tkinter.TclError: invalid command name ".!frame4.!canvas.!frame.!frame.!frame4.!frame2.!treeview"
2026-09-03 15:05:58 - ERROR - Dashboard refresh error: invalid command name ".!frame4.!canvas.!frame.!frame.!frame4.!frame2.!treeview"
Traceback (most recent call last):
  File "C:\Users\Erica Gallogo\OneDrive - National University\Desktop\MIDTERM\views\tracker_view.py", line 718, in load_data
    for item in self.tree.get_children():
                ~~~~~~~~~~~~~~~~~~~~~~^^
  File "C:\Users\Erica Gallogo\AppData\Local\Python\pythoncore-3.14-64\Lib\tkinter\ttk.py", line 1207, in get_children
    self.tk.call(self._w, "children", item or '') or ())
    ~~~~~~~~~~~~^^^^^^^^^^^^^^^^^^^^^^^^^^^^^^^^^
_tkinter.TclError: invalid command name ".!frame4.!canvas.!frame.!frame.!frame4.!frame2.!treeview"
2026-09-03 15:06:03 - ERROR - Dashboard refresh error: invalid command name ".!frame4.!canvas.!frame.!frame.!frame4.!frame2.!treeview"
Traceback (most recent call last):
  File "C:\Users\Erica Gallogo\OneDrive - National University\Desktop\MIDTERM\views\tracker_view.py", line 718, in load_data
    for item in self.tree.get_children():
                ~~~~~~~~~~~~~~~~~~~~~~^^
  File "C:\Users\Erica Gallogo\AppData\Local\Python\pythoncore-3.14-64\Lib\tkinter\ttk.py", line 1207, in get_children
    self.tk.call(self._w, "children", item or '') or ())
    ~~~~~~~~~~~~^^^^^^^^^^^^^^^^^^^^^^^^^^^^^^^^^
_tkinter.TclError: invalid command name ".!frame4.!canvas.!frame.!frame.!frame4.!frame2.!treeview"
2026-09-03 15:06:08 - ERROR - Dashboard refresh error: invalid command name ".!frame4.!canvas.!frame.!frame.!frame4.!frame2.!treeview"
Traceback (most recent call last):
  File "C:\Users\Erica Gallogo\OneDrive - National University\Desktop\MIDTERM\views\tracker_view.py", line 718, in load_data
    for item in self.tree.get_children():
                ~~~~~~~~~~~~~~~~~~~~~~^^
  File "C:\Users\Erica Gallogo\AppData\Local\Python\pythoncore-3.14-64\Lib\tkinter\ttk.py", line 1207, in get_children
    self.tk.call(self._w, "children", item or '') or ())
    ~~~~~~~~~~~~^^^^^^^^^^^^^^^^^^^^^^^^^^^^^^^^^
_tkinter.TclError: invalid command name ".!frame4.!canvas.!frame.!frame.!frame4.!frame2.!treeview"
2026-09-03 15:06:13 - ERROR - Dashboard refresh error: invalid command name ".!frame4.!canvas.!frame.!frame.!frame4.!frame2.!treeview"
Traceback (most recent call last):
  File "C:\Users\Erica Gallogo\OneDrive - National University\Desktop\MIDTERM\views\tracker_view.py", line 718, in load_data
    for item in self.tree.get_children():
                ~~~~~~~~~~~~~~~~~~~~~~^^
  File "C:\Users\Erica Gallogo\AppData\Local\Python\pythoncore-3.14-64\Lib\tkinter\ttk.py", line 1207, in get_children
    self.tk.call(self._w, "children", item or '') or ())
    ~~~~~~~~~~~~^^^^^^^^^^^^^^^^^^^^^^^^^^^^^^^^^
_tkinter.TclError: invalid command name ".!frame4.!canvas.!frame.!frame.!frame4.!frame2.!treeview"
2026-09-03 15:06:18 - ERROR - Dashboard refresh error: invalid command name ".!frame4.!canvas.!frame.!frame.!frame4.!frame2.!treeview"
Traceback (most recent call last):
  File "C:\Users\Erica Gallogo\OneDrive - National University\Desktop\MIDTERM\views\tracker_view.py", line 718, in load_data
    for item in self.tree.get_children():
                ~~~~~~~~~~~~~~~~~~~~~~^^
  File "C:\Users\Erica Gallogo\AppData\Local\Python\pythoncore-3.14-64\Lib\tkinter\ttk.py", line 1207, in get_children
    self.tk.call(self._w, "children", item or '') or ())
    ~~~~~~~~~~~~^^^^^^^^^^^^^^^^^^^^^^^^^^^^^^^^^
_tkinter.TclError: invalid command name ".!frame4.!canvas.!frame.!frame.!frame4.!frame2.!treeview"
2026-09-03 15:06:23 - ERROR - Dashboard refresh error: invalid command name ".!frame4.!canvas.!frame.!frame.!frame4.!frame2.!treeview"
Traceback (most recent call last):
  File "C:\Users\Erica Gallogo\OneDrive - National University\Desktop\MIDTERM\views\tracker_view.py", line 718, in load_data
    for item in self.tree.get_children():
                ~~~~~~~~~~~~~~~~~~~~~~^^
  File "C:\Users\Erica Gallogo\AppData\Local\Python\pythoncore-3.14-64\Lib\tkinter\ttk.py", line 1207, in get_children
    self.tk.call(self._w, "children", item or '') or ())
    ~~~~~~~~~~~~^^^^^^^^^^^^^^^^^^^^^^^^^^^^^^^^^
_tkinter.TclError: invalid command name ".!frame4.!canvas.!frame.!frame.!frame4.!frame2.!treeview"
2026-09-03 15:06:28 - ERROR - Dashboard refresh error: invalid command name ".!frame4.!canvas.!frame.!frame.!frame4.!frame2.!treeview"
Traceback (most recent call last):
  File "C:\Users\Erica Gallogo\OneDrive - National University\Desktop\MIDTERM\views\tracker_view.py", line 718, in load_data
    for item in self.tree.get_children():
                ~~~~~~~~~~~~~~~~~~~~~~^^
  File "C:\Users\Erica Gallogo\AppData\Local\Python\pythoncore-3.14-64\Lib\tkinter\ttk.py", line 1207, in get_children
    self.tk.call(self._w, "children", item or '') or ())
    ~~~~~~~~~~~~^^^^^^^^^^^^^^^^^^^^^^^^^^^^^^^^^
_tkinter.TclError: invalid command name ".!frame4.!canvas.!frame.!frame.!frame4.!frame2.!treeview"
2026-09-03 15:06:33 - ERROR - Dashboard refresh error: invalid command name ".!frame4.!canvas.!frame.!frame.!frame4.!frame2.!treeview"
Traceback (most recent call last):
  File "C:\Users\Erica Gallogo\OneDrive - National University\Desktop\MIDTERM\views\tracker_view.py", line 718, in load_data
    for item in self.tree.get_children():
                ~~~~~~~~~~~~~~~~~~~~~~^^
  File "C:\Users\Erica Gallogo\AppData\Local\Python\pythoncore-3.14-64\Lib\tkinter\ttk.py", line 1207, in get_children
    self.tk.call(self._w, "children", item or '') or ())
    ~~~~~~~~~~~~^^^^^^^^^^^^^^^^^^^^^^^^^^^^^^^^^
_tkinter.TclError: invalid command name ".!frame4.!canvas.!frame.!frame.!frame4.!frame2.!treeview"
2026-09-03 15:06:38 - ERROR - Dashboard refresh error: invalid command name ".!frame4.!canvas.!frame.!frame.!frame4.!frame2.!treeview"
Traceback (most recent call last):
  File "C:\Users\Erica Gallogo\OneDrive - National University\Desktop\MIDTERM\views\tracker_view.py", line 718, in load_data
    for item in self.tree.get_children():
                ~~~~~~~~~~~~~~~~~~~~~~^^
  File "C:\Users\Erica Gallogo\AppData\Local\Python\pythoncore-3.14-64\Lib\tkinter\ttk.py", line 1207, in get_children
    self.tk.call(self._w, "children", item or '') or ())
    ~~~~~~~~~~~~^^^^^^^^^^^^^^^^^^^^^^^^^^^^^^^^^
_tkinter.TclError: invalid command name ".!frame4.!canvas.!frame.!frame.!frame4.!frame2.!treeview"
2026-09-03 15:06:43 - ERROR - Dashboard refresh error: invalid command name ".!frame4.!canvas.!frame.!frame.!frame4.!frame2.!treeview"
Traceback (most recent call last):
  File "C:\Users\Erica Gallogo\OneDrive - National University\Desktop\MIDTERM\views\tracker_view.py", line 718, in load_data
    for item in self.tree.get_children():
                ~~~~~~~~~~~~~~~~~~~~~~^^
  File "C:\Users\Erica Gallogo\AppData\Local\Python\pythoncore-3.14-64\Lib\tkinter\ttk.py", line 1207, in get_children
    self.tk.call(self._w, "children", item or '') or ())
    ~~~~~~~~~~~~^^^^^^^^^^^^^^^^^^^^^^^^^^^^^^^^^
_tkinter.TclError: invalid command name ".!frame4.!canvas.!frame.!frame.!frame4.!frame2.!treeview"
2026-09-03 15:06:48 - ERROR - Dashboard refresh error: invalid command name ".!frame4.!canvas.!frame.!frame.!frame4.!frame2.!treeview"
Traceback (most recent call last):
  File "C:\Users\Erica Gallogo\OneDrive - National University\Desktop\MIDTERM\views\tracker_view.py", line 718, in load_data
    for item in self.tree.get_children():
                ~~~~~~~~~~~~~~~~~~~~~~^^
  File "C:\Users\Erica Gallogo\AppData\Local\Python\pythoncore-3.14-64\Lib\tkinter\ttk.py", line 1207, in get_children
    self.tk.call(self._w, "children", item or '') or ())
    ~~~~~~~~~~~~^^^^^^^^^^^^^^^^^^^^^^^^^^^^^^^^^
_tkinter.TclError: invalid command name ".!frame4.!canvas.!frame.!frame.!frame4.!frame2.!treeview"
2026-09-03 15:06:53 - ERROR - Dashboard refresh error: invalid command name ".!frame4.!canvas.!frame.!frame.!frame4.!frame2.!treeview"
Traceback (most recent call last):
  File "C:\Users\Erica Gallogo\OneDrive - National University\Desktop\MIDTERM\views\tracker_view.py", line 718, in load_data
    for item in self.tree.get_children():
                ~~~~~~~~~~~~~~~~~~~~~~^^
  File "C:\Users\Erica Gallogo\AppData\Local\Python\pythoncore-3.14-64\Lib\tkinter\ttk.py", line 1207, in get_children
    self.tk.call(self._w, "children", item or '') or ())
    ~~~~~~~~~~~~^^^^^^^^^^^^^^^^^^^^^^^^^^^^^^^^^
_tkinter.TclError: invalid command name ".!frame4.!canvas.!frame.!frame.!frame4.!frame2.!treeview"
2026-09-03 15:06:58 - ERROR - Dashboard refresh error: invalid command name ".!frame4.!canvas.!frame.!frame.!frame4.!frame2.!treeview"
Traceback (most recent call last):
  File "C:\Users\Erica Gallogo\OneDrive - National University\Desktop\MIDTERM\views\tracker_view.py", line 718, in load_data
    for item in self.tree.get_children():
                ~~~~~~~~~~~~~~~~~~~~~~^^
  File "C:\Users\Erica Gallogo\AppData\Local\Python\pythoncore-3.14-64\Lib\tkinter\ttk.py", line 1207, in get_children
    self.tk.call(self._w, "children", item or '') or ())
    ~~~~~~~~~~~~^^^^^^^^^^^^^^^^^^^^^^^^^^^^^^^^^
_tkinter.TclError: invalid command name ".!frame4.!canvas.!frame.!frame.!frame4.!frame2.!treeview"
2026-09-03 15:07:03 - ERROR - Dashboard refresh error: invalid command name ".!frame4.!canvas.!frame.!frame.!frame4.!frame2.!treeview"
Traceback (most recent call last):
  File "C:\Users\Erica Gallogo\OneDrive - National University\Desktop\MIDTERM\views\tracker_view.py", line 718, in load_data
    for item in self.tree.get_children():
                ~~~~~~~~~~~~~~~~~~~~~~^^
  File "C:\Users\Erica Gallogo\AppData\Local\Python\pythoncore-3.14-64\Lib\tkinter\ttk.py", line 1207, in get_children
    self.tk.call(self._w, "children", item or '') or ())
    ~~~~~~~~~~~~^^^^^^^^^^^^^^^^^^^^^^^^^^^^^^^^^
_tkinter.TclError: invalid command name ".!frame4.!canvas.!frame.!frame.!frame4.!frame2.!treeview"
2026-09-03 15:07:08 - ERROR - Dashboard refresh error: invalid command name ".!frame4.!canvas.!frame.!frame.!frame4.!frame2.!treeview"
Traceback (most recent call last):
  File "C:\Users\Erica Gallogo\OneDrive - National University\Desktop\MIDTERM\views\tracker_view.py", line 718, in load_data
    for item in self.tree.get_children():
                ~~~~~~~~~~~~~~~~~~~~~~^^
  File "C:\Users\Erica Gallogo\AppData\Local\Python\pythoncore-3.14-64\Lib\tkinter\ttk.py", line 1207, in get_children
    self.tk.call(self._w, "children", item or '') or ())
    ~~~~~~~~~~~~^^^^^^^^^^^^^^^^^^^^^^^^^^^^^^^^^
_tkinter.TclError: invalid command name ".!frame4.!canvas.!frame.!frame.!frame4.!frame2.!treeview"
2026-09-03 15:07:13 - ERROR - Dashboard refresh error: invalid command name ".!frame4.!canvas.!frame.!frame.!frame4.!frame2.!treeview"
Traceback (most recent call last):
  File "C:\Users\Erica Gallogo\OneDrive - National University\Desktop\MIDTERM\views\tracker_view.py", line 718, in load_data
    for item in self.tree.get_children():
                ~~~~~~~~~~~~~~~~~~~~~~^^
  File "C:\Users\Erica Gallogo\AppData\Local\Python\pythoncore-3.14-64\Lib\tkinter\ttk.py", line 1207, in get_children
    self.tk.call(self._w, "children", item or '') or ())
    ~~~~~~~~~~~~^^^^^^^^^^^^^^^^^^^^^^^^^^^^^^^^^
_tkinter.TclError: invalid command name ".!frame4.!canvas.!frame.!frame.!frame4.!frame2.!treeview"
2026-09-03 15:07:18 - ERROR - Dashboard refresh error: invalid command name ".!frame4.!canvas.!frame.!frame.!frame4.!frame2.!treeview"
Traceback (most recent call last):
  File "C:\Users\Erica Gallogo\OneDrive - National University\Desktop\MIDTERM\views\tracker_view.py", line 718, in load_data
    for item in self.tree.get_children():
                ~~~~~~~~~~~~~~~~~~~~~~^^
  File "C:\Users\Erica Gallogo\AppData\Local\Python\pythoncore-3.14-64\Lib\tkinter\ttk.py", line 1207, in get_children
    self.tk.call(self._w, "children", item or '') or ())
    ~~~~~~~~~~~~^^^^^^^^^^^^^^^^^^^^^^^^^^^^^^^^^
_tkinter.TclError: invalid command name ".!frame4.!canvas.!frame.!frame.!frame4.!frame2.!treeview"
2026-09-03 15:07:23 - ERROR - Dashboard refresh error: invalid command name ".!frame4.!canvas.!frame.!frame.!frame4.!frame2.!treeview"
Traceback (most recent call last):
  File "C:\Users\Erica Gallogo\OneDrive - National University\Desktop\MIDTERM\views\tracker_view.py", line 718, in load_data
    for item in self.tree.get_children():
                ~~~~~~~~~~~~~~~~~~~~~~^^
  File "C:\Users\Erica Gallogo\AppData\Local\Python\pythoncore-3.14-64\Lib\tkinter\ttk.py", line 1207, in get_children
    self.tk.call(self._w, "children", item or '') or ())
    ~~~~~~~~~~~~^^^^^^^^^^^^^^^^^^^^^^^^^^^^^^^^^
_tkinter.TclError: invalid command name ".!frame4.!canvas.!frame.!frame.!frame4.!frame2.!treeview"
2026-09-03 15:07:28 - ERROR - Dashboard refresh error: invalid command name ".!frame4.!canvas.!frame.!frame.!frame4.!frame2.!treeview"
Traceback (most recent call last):
  File "C:\Users\Erica Gallogo\OneDrive - National University\Desktop\MIDTERM\views\tracker_view.py", line 718, in load_data
    for item in self.tree.get_children():
                ~~~~~~~~~~~~~~~~~~~~~~^^
  File "C:\Users\Erica Gallogo\AppData\Local\Python\pythoncore-3.14-64\Lib\tkinter\ttk.py", line 1207, in get_children
    self.tk.call(self._w, "children", item or '') or ())
    ~~~~~~~~~~~~^^^^^^^^^^^^^^^^^^^^^^^^^^^^^^^^^
_tkinter.TclError: invalid command name ".!frame4.!canvas.!frame.!frame.!frame4.!frame2.!treeview"
2026-09-03 15:07:33 - ERROR - Dashboard refresh error: invalid command name ".!frame4.!canvas.!frame.!frame.!frame4.!frame2.!treeview"
Traceback (most recent call last):
  File "C:\Users\Erica Gallogo\OneDrive - National University\Desktop\MIDTERM\views\tracker_view.py", line 718, in load_data
    for item in self.tree.get_children():
                ~~~~~~~~~~~~~~~~~~~~~~^^
  File "C:\Users\Erica Gallogo\AppData\Local\Python\pythoncore-3.14-64\Lib\tkinter\ttk.py", line 1207, in get_children
    self.tk.call(self._w, "children", item or '') or ())
    ~~~~~~~~~~~~^^^^^^^^^^^^^^^^^^^^^^^^^^^^^^^^^
_tkinter.TclError: invalid command name ".!frame4.!canvas.!frame.!frame.!frame4.!frame2.!treeview"
2026-09-03 15:07:38 - ERROR - Dashboard refresh error: invalid command name ".!frame4.!canvas.!frame.!frame.!frame4.!frame2.!treeview"
Traceback (most recent call last):
  File "C:\Users\Erica Gallogo\OneDrive - National University\Desktop\MIDTERM\views\tracker_view.py", line 718, in load_data
    for item in self.tree.get_children():
                ~~~~~~~~~~~~~~~~~~~~~~^^
  File "C:\Users\Erica Gallogo\AppData\Local\Python\pythoncore-3.14-64\Lib\tkinter\ttk.py", line 1207, in get_children
    self.tk.call(self._w, "children", item or '') or ())
    ~~~~~~~~~~~~^^^^^^^^^^^^^^^^^^^^^^^^^^^^^^^^^
_tkinter.TclError: invalid command name ".!frame4.!canvas.!frame.!frame.!frame4.!frame2.!treeview"
2026-09-03 15:07:43 - ERROR - Dashboard refresh error: invalid command name ".!frame4.!canvas.!frame.!frame.!frame4.!frame2.!treeview"
Traceback (most recent call last):
  File "C:\Users\Erica Gallogo\OneDrive - National University\Desktop\MIDTERM\views\tracker_view.py", line 718, in load_data
    for item in self.tree.get_children():
                ~~~~~~~~~~~~~~~~~~~~~~^^
  File "C:\Users\Erica Gallogo\AppData\Local\Python\pythoncore-3.14-64\Lib\tkinter\ttk.py", line 1207, in get_children
    self.tk.call(self._w, "children", item or '') or ())
    ~~~~~~~~~~~~^^^^^^^^^^^^^^^^^^^^^^^^^^^^^^^^^
_tkinter.TclError: invalid command name ".!frame4.!canvas.!frame.!frame.!frame4.!frame2.!treeview"
2026-09-03 15:07:48 - ERROR - Dashboard refresh error: invalid command name ".!frame4.!canvas.!frame.!frame.!frame4.!frame2.!treeview"
Traceback (most recent call last):
  File "C:\Users\Erica Gallogo\OneDrive - National University\Desktop\MIDTERM\views\tracker_view.py", line 718, in load_data
    for item in self.tree.get_children():
                ~~~~~~~~~~~~~~~~~~~~~~^^
  File "C:\Users\Erica Gallogo\AppData\Local\Python\pythoncore-3.14-64\Lib\tkinter\ttk.py", line 1207, in get_children
    self.tk.call(self._w, "children", item or '') or ())
    ~~~~~~~~~~~~^^^^^^^^^^^^^^^^^^^^^^^^^^^^^^^^^
_tkinter.TclError: invalid command name ".!frame4.!canvas.!frame.!frame.!frame4.!frame2.!treeview"
2026-09-03 15:07:53 - ERROR - Dashboard refresh error: invalid command name ".!frame4.!canvas.!frame.!frame.!frame4.!frame2.!treeview"
Traceback (most recent call last):
  File "C:\Users\Erica Gallogo\OneDrive - National University\Desktop\MIDTERM\views\tracker_view.py", line 718, in load_data
    for item in self.tree.get_children():
                ~~~~~~~~~~~~~~~~~~~~~~^^
  File "C:\Users\Erica Gallogo\AppData\Local\Python\pythoncore-3.14-64\Lib\tkinter\ttk.py", line 1207, in get_children
    self.tk.call(self._w, "children", item or '') or ())
    ~~~~~~~~~~~~^^^^^^^^^^^^^^^^^^^^^^^^^^^^^^^^^
_tkinter.TclError: invalid command name ".!frame4.!canvas.!frame.!frame.!frame4.!frame2.!treeview"
2026-09-03 15:07:58 - ERROR - Dashboard refresh error: invalid command name ".!frame4.!canvas.!frame.!frame.!frame4.!frame2.!treeview"
Traceback (most recent call last):
  File "C:\Users\Erica Gallogo\OneDrive - National University\Desktop\MIDTERM\views\tracker_view.py", line 718, in load_data
    for item in self.tree.get_children():
                ~~~~~~~~~~~~~~~~~~~~~~^^
  File "C:\Users\Erica Gallogo\AppData\Local\Python\pythoncore-3.14-64\Lib\tkinter\ttk.py", line 1207, in get_children
    self.tk.call(self._w, "children", item or '') or ())
    ~~~~~~~~~~~~^^^^^^^^^^^^^^^^^^^^^^^^^^^^^^^^^
_tkinter.TclError: invalid command name ".!frame4.!canvas.!frame.!frame.!frame4.!frame2.!treeview"
2026-09-03 15:08:03 - ERROR - Dashboard refresh error: invalid command name ".!frame4.!canvas.!frame.!frame.!frame4.!frame2.!treeview"
Traceback (most recent call last):
  File "C:\Users\Erica Gallogo\OneDrive - National University\Desktop\MIDTERM\views\tracker_view.py", line 718, in load_data
    for item in self.tree.get_children():
                ~~~~~~~~~~~~~~~~~~~~~~^^
  File "C:\Users\Erica Gallogo\AppData\Local\Python\pythoncore-3.14-64\Lib\tkinter\ttk.py", line 1207, in get_children
    self.tk.call(self._w, "children", item or '') or ())
    ~~~~~~~~~~~~^^^^^^^^^^^^^^^^^^^^^^^^^^^^^^^^^
_tkinter.TclError: invalid command name ".!frame4.!canvas.!frame.!frame.!frame4.!frame2.!treeview"
2026-09-03 15:08:08 - ERROR - Dashboard refresh error: invalid command name ".!frame4.!canvas.!frame.!frame.!frame4.!frame2.!treeview"
Traceback (most recent call last):
  File "C:\Users\Erica Gallogo\OneDrive - National University\Desktop\MIDTERM\views\tracker_view.py", line 718, in load_data
    for item in self.tree.get_children():
                ~~~~~~~~~~~~~~~~~~~~~~^^
  File "C:\Users\Erica Gallogo\AppData\Local\Python\pythoncore-3.14-64\Lib\tkinter\ttk.py", line 1207, in get_children
    self.tk.call(self._w, "children", item or '') or ())
    ~~~~~~~~~~~~^^^^^^^^^^^^^^^^^^^^^^^^^^^^^^^^^
_tkinter.TclError: invalid command name ".!frame4.!canvas.!frame.!frame.!frame4.!frame2.!treeview"
2026-09-03 15:08:13 - ERROR - Dashboard refresh error: invalid command name ".!frame4.!canvas.!frame.!frame.!frame4.!frame2.!treeview"
Traceback (most recent call last):
  File "C:\Users\Erica Gallogo\OneDrive - National University\Desktop\MIDTERM\views\tracker_view.py", line 718, in load_data
    for item in self.tree.get_children():
                ~~~~~~~~~~~~~~~~~~~~~~^^
  File "C:\Users\Erica Gallogo\AppData\Local\Python\pythoncore-3.14-64\Lib\tkinter\ttk.py", line 1207, in get_children
    self.tk.call(self._w, "children", item or '') or ())
    ~~~~~~~~~~~~^^^^^^^^^^^^^^^^^^^^^^^^^^^^^^^^^
_tkinter.TclError: invalid command name ".!frame4.!canvas.!frame.!frame.!frame4.!frame2.!treeview"
2026-09-03 15:08:18 - ERROR - Dashboard refresh error: invalid command name ".!frame4.!canvas.!frame.!frame.!frame4.!frame2.!treeview"
Traceback (most recent call last):
  File "C:\Users\Erica Gallogo\OneDrive - National University\Desktop\MIDTERM\views\tracker_view.py", line 718, in load_data
    for item in self.tree.get_children():
                ~~~~~~~~~~~~~~~~~~~~~~^^
  File "C:\Users\Erica Gallogo\AppData\Local\Python\pythoncore-3.14-64\Lib\tkinter\ttk.py", line 1207, in get_children
    self.tk.call(self._w, "children", item or '') or ())
    ~~~~~~~~~~~~^^^^^^^^^^^^^^^^^^^^^^^^^^^^^^^^^
_tkinter.TclError: invalid command name ".!frame4.!canvas.!frame.!frame.!frame4.!frame2.!treeview"
2026-09-03 15:08:23 - ERROR - Dashboard refresh error: invalid command name ".!frame4.!canvas.!frame.!frame.!frame4.!frame2.!treeview"
Traceback (most recent call last):
  File "C:\Users\Erica Gallogo\OneDrive - National University\Desktop\MIDTERM\views\tracker_view.py", line 718, in load_data
    for item in self.tree.get_children():
                ~~~~~~~~~~~~~~~~~~~~~~^^
  File "C:\Users\Erica Gallogo\AppData\Local\Python\pythoncore-3.14-64\Lib\tkinter\ttk.py", line 1207, in get_children
    self.tk.call(self._w, "children", item or '') or ())
    ~~~~~~~~~~~~^^^^^^^^^^^^^^^^^^^^^^^^^^^^^^^^^
_tkinter.TclError: invalid command name ".!frame4.!canvas.!frame.!frame.!frame4.!frame2.!treeview"
2026-09-03 15:08:28 - ERROR - Dashboard refresh error: invalid command name ".!frame4.!canvas.!frame.!frame.!frame4.!frame2.!treeview"
Traceback (most recent call last):
  File "C:\Users\Erica Gallogo\OneDrive - National University\Desktop\MIDTERM\views\tracker_view.py", line 718, in load_data
    for item in self.tree.get_children():
                ~~~~~~~~~~~~~~~~~~~~~~^^
  File "C:\Users\Erica Gallogo\AppData\Local\Python\pythoncore-3.14-64\Lib\tkinter\ttk.py", line 1207, in get_children
    self.tk.call(self._w, "children", item or '') or ())
    ~~~~~~~~~~~~^^^^^^^^^^^^^^^^^^^^^^^^^^^^^^^^^
_tkinter.TclError: invalid command name ".!frame4.!canvas.!frame.!frame.!frame4.!frame2.!treeview"
2026-09-03 15:08:33 - ERROR - Dashboard refresh error: invalid command name ".!frame4.!canvas.!frame.!frame.!frame4.!frame2.!treeview"
Traceback (most recent call last):
  File "C:\Users\Erica Gallogo\OneDrive - National University\Desktop\MIDTERM\views\tracker_view.py", line 718, in load_data
    for item in self.tree.get_children():
                ~~~~~~~~~~~~~~~~~~~~~~^^
  File "C:\Users\Erica Gallogo\AppData\Local\Python\pythoncore-3.14-64\Lib\tkinter\ttk.py", line 1207, in get_children
    self.tk.call(self._w, "children", item or '') or ())
    ~~~~~~~~~~~~^^^^^^^^^^^^^^^^^^^^^^^^^^^^^^^^^
_tkinter.TclError: invalid command name ".!frame4.!canvas.!frame.!frame.!frame4.!frame2.!treeview"
2026-09-03 15:08:38 - ERROR - Dashboard refresh error: invalid command name ".!frame4.!canvas.!frame.!frame.!frame4.!frame2.!treeview"
Traceback (most recent call last):
  File "C:\Users\Erica Gallogo\OneDrive - National University\Desktop\MIDTERM\views\tracker_view.py", line 718, in load_data
    for item in self.tree.get_children():
                ~~~~~~~~~~~~~~~~~~~~~~^^
  File "C:\Users\Erica Gallogo\AppData\Local\Python\pythoncore-3.14-64\Lib\tkinter\ttk.py", line 1207, in get_children
    self.tk.call(self._w, "children", item or '') or ())
    ~~~~~~~~~~~~^^^^^^^^^^^^^^^^^^^^^^^^^^^^^^^^^
_tkinter.TclError: invalid command name ".!frame4.!canvas.!frame.!frame.!frame4.!frame2.!treeview"
2026-09-03 15:08:43 - ERROR - Dashboard refresh error: invalid command name ".!frame4.!canvas.!frame.!frame.!frame4.!frame2.!treeview"
Traceback (most recent call last):
  File "C:\Users\Erica Gallogo\OneDrive - National University\Desktop\MIDTERM\views\tracker_view.py", line 718, in load_data
    for item in self.tree.get_children():
                ~~~~~~~~~~~~~~~~~~~~~~^^
  File "C:\Users\Erica Gallogo\AppData\Local\Python\pythoncore-3.14-64\Lib\tkinter\ttk.py", line 1207, in get_children
    self.tk.call(self._w, "children", item or '') or ())
    ~~~~~~~~~~~~^^^^^^^^^^^^^^^^^^^^^^^^^^^^^^^^^
_tkinter.TclError: invalid command name ".!frame4.!canvas.!frame.!frame.!frame4.!frame2.!treeview"
2026-09-03 15:08:48 - ERROR - Dashboard refresh error: invalid command name ".!frame4.!canvas.!frame.!frame.!frame4.!frame2.!treeview"
Traceback (most recent call last):
  File "C:\Users\Erica Gallogo\OneDrive - National University\Desktop\MIDTERM\views\tracker_view.py", line 718, in load_data
    for item in self.tree.get_children():
                ~~~~~~~~~~~~~~~~~~~~~~^^
  File "C:\Users\Erica Gallogo\AppData\Local\Python\pythoncore-3.14-64\Lib\tkinter\ttk.py", line 1207, in get_children
    self.tk.call(self._w, "children", item or '') or ())
    ~~~~~~~~~~~~^^^^^^^^^^^^^^^^^^^^^^^^^^^^^^^^^
_tkinter.TclError: invalid command name ".!frame4.!canvas.!frame.!frame.!frame4.!frame2.!treeview"
2026-09-03 15:08:53 - ERROR - Dashboard refresh error: invalid command name ".!frame4.!canvas.!frame.!frame.!frame4.!frame2.!treeview"
Traceback (most recent call last):
  File "C:\Users\Erica Gallogo\OneDrive - National University\Desktop\MIDTERM\views\tracker_view.py", line 718, in load_data
    for item in self.tree.get_children():
                ~~~~~~~~~~~~~~~~~~~~~~^^
  File "C:\Users\Erica Gallogo\AppData\Local\Python\pythoncore-3.14-64\Lib\tkinter\ttk.py", line 1207, in get_children
    self.tk.call(self._w, "children", item or '') or ())
    ~~~~~~~~~~~~^^^^^^^^^^^^^^^^^^^^^^^^^^^^^^^^^
_tkinter.TclError: invalid command name ".!frame4.!canvas.!frame.!frame.!frame4.!frame2.!treeview"
2026-09-03 15:08:58 - ERROR - Dashboard refresh error: invalid command name ".!frame4.!canvas.!frame.!frame.!frame4.!frame2.!treeview"
Traceback (most recent call last):
  File "C:\Users\Erica Gallogo\OneDrive - National University\Desktop\MIDTERM\views\tracker_view.py", line 718, in load_data
    for item in self.tree.get_children():
                ~~~~~~~~~~~~~~~~~~~~~~^^
  File "C:\Users\Erica Gallogo\AppData\Local\Python\pythoncore-3.14-64\Lib\tkinter\ttk.py", line 1207, in get_children
    self.tk.call(self._w, "children", item or '') or ())
    ~~~~~~~~~~~~^^^^^^^^^^^^^^^^^^^^^^^^^^^^^^^^^
_tkinter.TclError: invalid command name ".!frame4.!canvas.!frame.!frame.!frame4.!frame2.!treeview"
2026-09-03 15:09:03 - ERROR - Dashboard refresh error: invalid command name ".!frame4.!canvas.!frame.!frame.!frame4.!frame2.!treeview"
Traceback (most recent call last):
  File "C:\Users\Erica Gallogo\OneDrive - National University\Desktop\MIDTERM\views\tracker_view.py", line 718, in load_data
    for item in self.tree.get_children():
                ~~~~~~~~~~~~~~~~~~~~~~^^
  File "C:\Users\Erica Gallogo\AppData\Local\Python\pythoncore-3.14-64\Lib\tkinter\ttk.py", line 1207, in get_children
    self.tk.call(self._w, "children", item or '') or ())
    ~~~~~~~~~~~~^^^^^^^^^^^^^^^^^^^^^^^^^^^^^^^^^
_tkinter.TclError: invalid command name ".!frame4.!canvas.!frame.!frame.!frame4.!frame2.!treeview"
2026-09-03 15:09:08 - ERROR - Dashboard refresh error: invalid command name ".!frame4.!canvas.!frame.!frame.!frame4.!frame2.!treeview"
Traceback (most recent call last):
  File "C:\Users\Erica Gallogo\OneDrive - National University\Desktop\MIDTERM\views\tracker_view.py", line 718, in load_data
    for item in self.tree.get_children():
                ~~~~~~~~~~~~~~~~~~~~~~^^
  File "C:\Users\Erica Gallogo\AppData\Local\Python\pythoncore-3.14-64\Lib\tkinter\ttk.py", line 1207, in get_children
    self.tk.call(self._w, "children", item or '') or ())
    ~~~~~~~~~~~~^^^^^^^^^^^^^^^^^^^^^^^^^^^^^^^^^
_tkinter.TclError: invalid command name ".!frame4.!canvas.!frame.!frame.!frame4.!frame2.!treeview"
2026-09-03 15:09:13 - ERROR - Dashboard refresh error: invalid command name ".!frame4.!canvas.!frame.!frame.!frame4.!frame2.!treeview"
Traceback (most recent call last):
  File "C:\Users\Erica Gallogo\OneDrive - National University\Desktop\MIDTERM\views\tracker_view.py", line 718, in load_data
    for item in self.tree.get_children():
                ~~~~~~~~~~~~~~~~~~~~~~^^
  File "C:\Users\Erica Gallogo\AppData\Local\Python\pythoncore-3.14-64\Lib\tkinter\ttk.py", line 1207, in get_children
    self.tk.call(self._w, "children", item or '') or ())
    ~~~~~~~~~~~~^^^^^^^^^^^^^^^^^^^^^^^^^^^^^^^^^
_tkinter.TclError: invalid command name ".!frame4.!canvas.!frame.!frame.!frame4.!frame2.!treeview"
2026-09-03 15:09:18 - ERROR - Dashboard refresh error: invalid command name ".!frame4.!canvas.!frame.!frame.!frame4.!frame2.!treeview"
Traceback (most recent call last):
  File "C:\Users\Erica Gallogo\OneDrive - National University\Desktop\MIDTERM\views\tracker_view.py", line 718, in load_data
    for item in self.tree.get_children():
                ~~~~~~~~~~~~~~~~~~~~~~^^
  File "C:\Users\Erica Gallogo\AppData\Local\Python\pythoncore-3.14-64\Lib\tkinter\ttk.py", line 1207, in get_children
    self.tk.call(self._w, "children", item or '') or ())
    ~~~~~~~~~~~~^^^^^^^^^^^^^^^^^^^^^^^^^^^^^^^^^
_tkinter.TclError: invalid command name ".!frame4.!canvas.!frame.!frame.!frame4.!frame2.!treeview"
2026-09-03 15:09:23 - ERROR - Dashboard refresh error: invalid command name ".!frame4.!canvas.!frame.!frame.!frame4.!frame2.!treeview"
Traceback (most recent call last):
  File "C:\Users\Erica Gallogo\OneDrive - National University\Desktop\MIDTERM\views\tracker_view.py", line 718, in load_data
    for item in self.tree.get_children():
                ~~~~~~~~~~~~~~~~~~~~~~^^
  File "C:\Users\Erica Gallogo\AppData\Local\Python\pythoncore-3.14-64\Lib\tkinter\ttk.py", line 1207, in get_children
    self.tk.call(self._w, "children", item or '') or ())
    ~~~~~~~~~~~~^^^^^^^^^^^^^^^^^^^^^^^^^^^^^^^^^
_tkinter.TclError: invalid command name ".!frame4.!canvas.!frame.!frame.!frame4.!frame2.!treeview"
2026-09-03 15:09:28 - ERROR - Dashboard refresh error: invalid command name ".!frame4.!canvas.!frame.!frame.!frame4.!frame2.!treeview"
Traceback (most recent call last):
  File "C:\Users\Erica Gallogo\OneDrive - National University\Desktop\MIDTERM\views\tracker_view.py", line 718, in load_data
    for item in self.tree.get_children():
                ~~~~~~~~~~~~~~~~~~~~~~^^
  File "C:\Users\Erica Gallogo\AppData\Local\Python\pythoncore-3.14-64\Lib\tkinter\ttk.py", line 1207, in get_children
    self.tk.call(self._w, "children", item or '') or ())
    ~~~~~~~~~~~~^^^^^^^^^^^^^^^^^^^^^^^^^^^^^^^^^
_tkinter.TclError: invalid command name ".!frame4.!canvas.!frame.!frame.!frame4.!frame2.!treeview"
2026-09-03 15:09:33 - ERROR - Dashboard refresh error: invalid command name ".!frame4.!canvas.!frame.!frame.!frame4.!frame2.!treeview"
Traceback (most recent call last):
  File "C:\Users\Erica Gallogo\OneDrive - National University\Desktop\MIDTERM\views\tracker_view.py", line 718, in load_data
    for item in self.tree.get_children():
                ~~~~~~~~~~~~~~~~~~~~~~^^
  File "C:\Users\Erica Gallogo\AppData\Local\Python\pythoncore-3.14-64\Lib\tkinter\ttk.py", line 1207, in get_children
    self.tk.call(self._w, "children", item or '') or ())
    ~~~~~~~~~~~~^^^^^^^^^^^^^^^^^^^^^^^^^^^^^^^^^
_tkinter.TclError: invalid command name ".!frame4.!canvas.!frame.!frame.!frame4.!frame2.!treeview"
2026-09-03 15:09:38 - ERROR - Dashboard refresh error: invalid command name ".!frame4.!canvas.!frame.!frame.!frame4.!frame2.!treeview"
Traceback (most recent call last):
  File "C:\Users\Erica Gallogo\OneDrive - National University\Desktop\MIDTERM\views\tracker_view.py", line 718, in load_data
    for item in self.tree.get_children():
                ~~~~~~~~~~~~~~~~~~~~~~^^
  File "C:\Users\Erica Gallogo\AppData\Local\Python\pythoncore-3.14-64\Lib\tkinter\ttk.py", line 1207, in get_children
    self.tk.call(self._w, "children", item or '') or ())
    ~~~~~~~~~~~~^^^^^^^^^^^^^^^^^^^^^^^^^^^^^^^^^
_tkinter.TclError: invalid command name ".!frame4.!canvas.!frame.!frame.!frame4.!frame2.!treeview"
2026-09-03 15:09:43 - ERROR - Dashboard refresh error: invalid command name ".!frame4.!canvas.!frame.!frame.!frame4.!frame2.!treeview"
Traceback (most recent call last):
  File "C:\Users\Erica Gallogo\OneDrive - National University\Desktop\MIDTERM\views\tracker_view.py", line 718, in load_data
    for item in self.tree.get_children():
                ~~~~~~~~~~~~~~~~~~~~~~^^
  File "C:\Users\Erica Gallogo\AppData\Local\Python\pythoncore-3.14-64\Lib\tkinter\ttk.py", line 1207, in get_children
    self.tk.call(self._w, "children", item or '') or ())
    ~~~~~~~~~~~~^^^^^^^^^^^^^^^^^^^^^^^^^^^^^^^^^
_tkinter.TclError: invalid command name ".!frame4.!canvas.!frame.!frame.!frame4.!frame2.!treeview"
2026-09-03 15:09:48 - ERROR - Dashboard refresh error: invalid command name ".!frame4.!canvas.!frame.!frame.!frame4.!frame2.!treeview"
Traceback (most recent call last):
  File "C:\Users\Erica Gallogo\OneDrive - National University\Desktop\MIDTERM\views\tracker_view.py", line 718, in load_data
    for item in self.tree.get_children():
                ~~~~~~~~~~~~~~~~~~~~~~^^
  File "C:\Users\Erica Gallogo\AppData\Local\Python\pythoncore-3.14-64\Lib\tkinter\ttk.py", line 1207, in get_children
    self.tk.call(self._w, "children", item or '') or ())
    ~~~~~~~~~~~~^^^^^^^^^^^^^^^^^^^^^^^^^^^^^^^^^
_tkinter.TclError: invalid command name ".!frame4.!canvas.!frame.!frame.!frame4.!frame2.!treeview"
2026-09-03 15:09:53 - ERROR - Dashboard refresh error: invalid command name ".!frame4.!canvas.!frame.!frame.!frame4.!frame2.!treeview"
Traceback (most recent call last):
  File "C:\Users\Erica Gallogo\OneDrive - National University\Desktop\MIDTERM\views\tracker_view.py", line 718, in load_data
    for item in self.tree.get_children():
                ~~~~~~~~~~~~~~~~~~~~~~^^
  File "C:\Users\Erica Gallogo\AppData\Local\Python\pythoncore-3.14-64\Lib\tkinter\ttk.py", line 1207, in get_children
    self.tk.call(self._w, "children", item or '') or ())
    ~~~~~~~~~~~~^^^^^^^^^^^^^^^^^^^^^^^^^^^^^^^^^
_tkinter.TclError: invalid command name ".!frame4.!canvas.!frame.!frame.!frame4.!frame2.!treeview"
2026-09-03 15:09:58 - ERROR - Dashboard refresh error: invalid command name ".!frame4.!canvas.!frame.!frame.!frame4.!frame2.!treeview"
Traceback (most recent call last):
  File "C:\Users\Erica Gallogo\OneDrive - National University\Desktop\MIDTERM\views\tracker_view.py", line 718, in load_data
    for item in self.tree.get_children():
                ~~~~~~~~~~~~~~~~~~~~~~^^
  File "C:\Users\Erica Gallogo\AppData\Local\Python\pythoncore-3.14-64\Lib\tkinter\ttk.py", line 1207, in get_children
    self.tk.call(self._w, "children", item or '') or ())
    ~~~~~~~~~~~~^^^^^^^^^^^^^^^^^^^^^^^^^^^^^^^^^
_tkinter.TclError: invalid command name ".!frame4.!canvas.!frame.!frame.!frame4.!frame2.!treeview"
2026-09-03 15:10:03 - ERROR - Dashboard refresh error: invalid command name ".!frame4.!canvas.!frame.!frame.!frame4.!frame2.!treeview"
Traceback (most recent call last):
  File "C:\Users\Erica Gallogo\OneDrive - National University\Desktop\MIDTERM\views\tracker_view.py", line 718, in load_data
    for item in self.tree.get_children():
                ~~~~~~~~~~~~~~~~~~~~~~^^
  File "C:\Users\Erica Gallogo\AppData\Local\Python\pythoncore-3.14-64\Lib\tkinter\ttk.py", line 1207, in get_children
    self.tk.call(self._w, "children", item or '') or ())
    ~~~~~~~~~~~~^^^^^^^^^^^^^^^^^^^^^^^^^^^^^^^^^
_tkinter.TclError: invalid command name ".!frame4.!canvas.!frame.!frame.!frame4.!frame2.!treeview"
2026-09-03 15:10:08 - ERROR - Dashboard refresh error: invalid command name ".!frame4.!canvas.!frame.!frame.!frame4.!frame2.!treeview"
Traceback (most recent call last):
  File "C:\Users\Erica Gallogo\OneDrive - National University\Desktop\MIDTERM\views\tracker_view.py", line 718, in load_data
    for item in self.tree.get_children():
                ~~~~~~~~~~~~~~~~~~~~~~^^
  File "C:\Users\Erica Gallogo\AppData\Local\Python\pythoncore-3.14-64\Lib\tkinter\ttk.py", line 1207, in get_children
    self.tk.call(self._w, "children", item or '') or ())
    ~~~~~~~~~~~~^^^^^^^^^^^^^^^^^^^^^^^^^^^^^^^^^
_tkinter.TclError: invalid command name ".!frame4.!canvas.!frame.!frame.!frame4.!frame2.!treeview"
2026-09-03 15:10:13 - ERROR - Dashboard refresh error: invalid command name ".!frame4.!canvas.!frame.!frame.!frame4.!frame2.!treeview"
Traceback (most recent call last):
  File "C:\Users\Erica Gallogo\OneDrive - National University\Desktop\MIDTERM\views\tracker_view.py", line 718, in load_data
    for item in self.tree.get_children():
                ~~~~~~~~~~~~~~~~~~~~~~^^
  File "C:\Users\Erica Gallogo\AppData\Local\Python\pythoncore-3.14-64\Lib\tkinter\ttk.py", line 1207, in get_children
    self.tk.call(self._w, "children", item or '') or ())
    ~~~~~~~~~~~~^^^^^^^^^^^^^^^^^^^^^^^^^^^^^^^^^
_tkinter.TclError: invalid command name ".!frame4.!canvas.!frame.!frame.!frame4.!frame2.!treeview"
2026-09-03 15:10:18 - ERROR - Dashboard refresh error: invalid command name ".!frame4.!canvas.!frame.!frame.!frame4.!frame2.!treeview"
Traceback (most recent call last):
  File "C:\Users\Erica Gallogo\OneDrive - National University\Desktop\MIDTERM\views\tracker_view.py", line 718, in load_data
    for item in self.tree.get_children():
                ~~~~~~~~~~~~~~~~~~~~~~^^
  File "C:\Users\Erica Gallogo\AppData\Local\Python\pythoncore-3.14-64\Lib\tkinter\ttk.py", line 1207, in get_children
    self.tk.call(self._w, "children", item or '') or ())
    ~~~~~~~~~~~~^^^^^^^^^^^^^^^^^^^^^^^^^^^^^^^^^
_tkinter.TclError: invalid command name ".!frame4.!canvas.!frame.!frame.!frame4.!frame2.!treeview"
2026-09-03 15:10:23 - ERROR - Dashboard refresh error: invalid command name ".!frame4.!canvas.!frame.!frame.!frame4.!frame2.!treeview"
Traceback (most recent call last):
  File "C:\Users\Erica Gallogo\OneDrive - National University\Desktop\MIDTERM\views\tracker_view.py", line 718, in load_data
    for item in self.tree.get_children():
                ~~~~~~~~~~~~~~~~~~~~~~^^
  File "C:\Users\Erica Gallogo\AppData\Local\Python\pythoncore-3.14-64\Lib\tkinter\ttk.py", line 1207, in get_children
    self.tk.call(self._w, "children", item or '') or ())
    ~~~~~~~~~~~~^^^^^^^^^^^^^^^^^^^^^^^^^^^^^^^^^
_tkinter.TclError: invalid command name ".!frame4.!canvas.!frame.!frame.!frame4.!frame2.!treeview"
2026-09-03 15:10:28 - ERROR - Dashboard refresh error: invalid command name ".!frame4.!canvas.!frame.!frame.!frame4.!frame2.!treeview"
Traceback (most recent call last):
  File "C:\Users\Erica Gallogo\OneDrive - National University\Desktop\MIDTERM\views\tracker_view.py", line 718, in load_data
    for item in self.tree.get_children():
                ~~~~~~~~~~~~~~~~~~~~~~^^
  File "C:\Users\Erica Gallogo\AppData\Local\Python\pythoncore-3.14-64\Lib\tkinter\ttk.py", line 1207, in get_children
    self.tk.call(self._w, "children", item or '') or ())
    ~~~~~~~~~~~~^^^^^^^^^^^^^^^^^^^^^^^^^^^^^^^^^
_tkinter.TclError: invalid command name ".!frame4.!canvas.!frame.!frame.!frame4.!frame2.!treeview"
2026-09-03 15:10:33 - ERROR - Dashboard refresh error: invalid command name ".!frame4.!canvas.!frame.!frame.!frame4.!frame2.!treeview"
Traceback (most recent call last):
  File "C:\Users\Erica Gallogo\OneDrive - National University\Desktop\MIDTERM\views\tracker_view.py", line 718, in load_data
    for item in self.tree.get_children():
                ~~~~~~~~~~~~~~~~~~~~~~^^
  File "C:\Users\Erica Gallogo\AppData\Local\Python\pythoncore-3.14-64\Lib\tkinter\ttk.py", line 1207, in get_children
    self.tk.call(self._w, "children", item or '') or ())
    ~~~~~~~~~~~~^^^^^^^^^^^^^^^^^^^^^^^^^^^^^^^^^
_tkinter.TclError: invalid command name ".!frame4.!canvas.!frame.!frame.!frame4.!frame2.!treeview"
2026-09-03 15:10:38 - ERROR - Dashboard refresh error: invalid command name ".!frame4.!canvas.!frame.!frame.!frame4.!frame2.!treeview"
Traceback (most recent call last):
  File "C:\Users\Erica Gallogo\OneDrive - National University\Desktop\MIDTERM\views\tracker_view.py", line 718, in load_data
    for item in self.tree.get_children():
                ~~~~~~~~~~~~~~~~~~~~~~^^
  File "C:\Users\Erica Gallogo\AppData\Local\Python\pythoncore-3.14-64\Lib\tkinter\ttk.py", line 1207, in get_children
    self.tk.call(self._w, "children", item or '') or ())
    ~~~~~~~~~~~~^^^^^^^^^^^^^^^^^^^^^^^^^^^^^^^^^
_tkinter.TclError: invalid command name ".!frame4.!canvas.!frame.!frame.!frame4.!frame2.!treeview"
2026-09-03 15:10:44 - ERROR - Dashboard refresh error: invalid command name ".!frame4.!canvas.!frame.!frame.!frame4.!frame2.!treeview"
Traceback (most recent call last):
  File "C:\Users\Erica Gallogo\OneDrive - National University\Desktop\MIDTERM\views\tracker_view.py", line 718, in load_data
    for item in self.tree.get_children():
                ~~~~~~~~~~~~~~~~~~~~~~^^
  File "C:\Users\Erica Gallogo\AppData\Local\Python\pythoncore-3.14-64\Lib\tkinter\ttk.py", line 1207, in get_children
    self.tk.call(self._w, "children", item or '') or ())
    ~~~~~~~~~~~~^^^^^^^^^^^^^^^^^^^^^^^^^^^^^^^^^
_tkinter.TclError: invalid command name ".!frame4.!canvas.!frame.!frame.!frame4.!frame2.!treeview"
2026-09-03 15:10:49 - ERROR - Dashboard refresh error: invalid command name ".!frame4.!canvas.!frame.!frame.!frame4.!frame2.!treeview"
Traceback (most recent call last):
  File "C:\Users\Erica Gallogo\OneDrive - National University\Desktop\MIDTERM\views\tracker_view.py", line 718, in load_data
    for item in self.tree.get_children():
                ~~~~~~~~~~~~~~~~~~~~~~^^
  File "C:\Users\Erica Gallogo\AppData\Local\Python\pythoncore-3.14-64\Lib\tkinter\ttk.py", line 1207, in get_children
    self.tk.call(self._w, "children", item or '') or ())
    ~~~~~~~~~~~~^^^^^^^^^^^^^^^^^^^^^^^^^^^^^^^^^
_tkinter.TclError: invalid command name ".!frame4.!canvas.!frame.!frame.!frame4.!frame2.!treeview"
2026-09-03 15:10:54 - ERROR - Dashboard refresh error: invalid command name ".!frame4.!canvas.!frame.!frame.!frame4.!frame2.!treeview"
Traceback (most recent call last):
  File "C:\Users\Erica Gallogo\OneDrive - National University\Desktop\MIDTERM\views\tracker_view.py", line 718, in load_data
    for item in self.tree.get_children():
                ~~~~~~~~~~~~~~~~~~~~~~^^
  File "C:\Users\Erica Gallogo\AppData\Local\Python\pythoncore-3.14-64\Lib\tkinter\ttk.py", line 1207, in get_children
    self.tk.call(self._w, "children", item or '') or ())
    ~~~~~~~~~~~~^^^^^^^^^^^^^^^^^^^^^^^^^^^^^^^^^
_tkinter.TclError: invalid command name ".!frame4.!canvas.!frame.!frame.!frame4.!frame2.!treeview"
2026-09-03 15:10:59 - ERROR - Dashboard refresh error: invalid command name ".!frame4.!canvas.!frame.!frame.!frame4.!frame2.!treeview"
Traceback (most recent call last):
  File "C:\Users\Erica Gallogo\OneDrive - National University\Desktop\MIDTERM\views\tracker_view.py", line 718, in load_data
    for item in self.tree.get_children():
                ~~~~~~~~~~~~~~~~~~~~~~^^
  File "C:\Users\Erica Gallogo\AppData\Local\Python\pythoncore-3.14-64\Lib\tkinter\ttk.py", line 1207, in get_children
    self.tk.call(self._w, "children", item or '') or ())
    ~~~~~~~~~~~~^^^^^^^^^^^^^^^^^^^^^^^^^^^^^^^^^
_tkinter.TclError: invalid command name ".!frame4.!canvas.!frame.!frame.!frame4.!frame2.!treeview"
2026-09-03 15:11:04 - ERROR - Dashboard refresh error: invalid command name ".!frame4.!canvas.!frame.!frame.!frame4.!frame2.!treeview"
Traceback (most recent call last):
  File "C:\Users\Erica Gallogo\OneDrive - National University\Desktop\MIDTERM\views\tracker_view.py", line 718, in load_data
    for item in self.tree.get_children():
                ~~~~~~~~~~~~~~~~~~~~~~^^
  File "C:\Users\Erica Gallogo\AppData\Local\Python\pythoncore-3.14-64\Lib\tkinter\ttk.py", line 1207, in get_children
    self.tk.call(self._w, "children", item or '') or ())
    ~~~~~~~~~~~~^^^^^^^^^^^^^^^^^^^^^^^^^^^^^^^^^
_tkinter.TclError: invalid command name ".!frame4.!canvas.!frame.!frame.!frame4.!frame2.!treeview"
2026-09-03 15:11:09 - ERROR - Dashboard refresh error: invalid command name ".!frame4.!canvas.!frame.!frame.!frame4.!frame2.!treeview"
Traceback (most recent call last):
  File "C:\Users\Erica Gallogo\OneDrive - National University\Desktop\MIDTERM\views\tracker_view.py", line 718, in load_data
    for item in self.tree.get_children():
                ~~~~~~~~~~~~~~~~~~~~~~^^
  File "C:\Users\Erica Gallogo\AppData\Local\Python\pythoncore-3.14-64\Lib\tkinter\ttk.py", line 1207, in get_children
    self.tk.call(self._w, "children", item or '') or ())
    ~~~~~~~~~~~~^^^^^^^^^^^^^^^^^^^^^^^^^^^^^^^^^
_tkinter.TclError: invalid command name ".!frame4.!canvas.!frame.!frame.!frame4.!frame2.!treeview"
2026-09-03 15:11:14 - ERROR - Dashboard refresh error: invalid command name ".!frame4.!canvas.!frame.!frame.!frame4.!frame2.!treeview"
Traceback (most recent call last):
  File "C:\Users\Erica Gallogo\OneDrive - National University\Desktop\MIDTERM\views\tracker_view.py", line 718, in load_data
    for item in self.tree.get_children():
                ~~~~~~~~~~~~~~~~~~~~~~^^
  File "C:\Users\Erica Gallogo\AppData\Local\Python\pythoncore-3.14-64\Lib\tkinter\ttk.py", line 1207, in get_children
    self.tk.call(self._w, "children", item or '') or ())
    ~~~~~~~~~~~~^^^^^^^^^^^^^^^^^^^^^^^^^^^^^^^^^
_tkinter.TclError: invalid command name ".!frame4.!canvas.!frame.!frame.!frame4.!frame2.!treeview"
2026-09-03 15:11:19 - ERROR - Dashboard refresh error: invalid command name ".!frame4.!canvas.!frame.!frame.!frame4.!frame2.!treeview"
Traceback (most recent call last):
  File "C:\Users\Erica Gallogo\OneDrive - National University\Desktop\MIDTERM\views\tracker_view.py", line 718, in load_data
    for item in self.tree.get_children():
                ~~~~~~~~~~~~~~~~~~~~~~^^
  File "C:\Users\Erica Gallogo\AppData\Local\Python\pythoncore-3.14-64\Lib\tkinter\ttk.py", line 1207, in get_children
    self.tk.call(self._w, "children", item or '') or ())
    ~~~~~~~~~~~~^^^^^^^^^^^^^^^^^^^^^^^^^^^^^^^^^
_tkinter.TclError: invalid command name ".!frame4.!canvas.!frame.!frame.!frame4.!frame2.!treeview"
2026-09-03 15:11:24 - ERROR - Dashboard refresh error: invalid command name ".!frame4.!canvas.!frame.!frame.!frame4.!frame2.!treeview"
Traceback (most recent call last):
  File "C:\Users\Erica Gallogo\OneDrive - National University\Desktop\MIDTERM\views\tracker_view.py", line 718, in load_data
    for item in self.tree.get_children():
                ~~~~~~~~~~~~~~~~~~~~~~^^
  File "C:\Users\Erica Gallogo\AppData\Local\Python\pythoncore-3.14-64\Lib\tkinter\ttk.py", line 1207, in get_children
    self.tk.call(self._w, "children", item or '') or ())
    ~~~~~~~~~~~~^^^^^^^^^^^^^^^^^^^^^^^^^^^^^^^^^
_tkinter.TclError: invalid command name ".!frame4.!canvas.!frame.!frame.!frame4.!frame2.!treeview"
2026-09-03 15:11:29 - ERROR - Dashboard refresh error: invalid command name ".!frame4.!canvas.!frame.!frame.!frame4.!frame2.!treeview"
Traceback (most recent call last):
  File "C:\Users\Erica Gallogo\OneDrive - National University\Desktop\MIDTERM\views\tracker_view.py", line 718, in load_data
    for item in self.tree.get_children():
                ~~~~~~~~~~~~~~~~~~~~~~^^
  File "C:\Users\Erica Gallogo\AppData\Local\Python\pythoncore-3.14-64\Lib\tkinter\ttk.py", line 1207, in get_children
    self.tk.call(self._w, "children", item or '') or ())
    ~~~~~~~~~~~~^^^^^^^^^^^^^^^^^^^^^^^^^^^^^^^^^
_tkinter.TclError: invalid command name ".!frame4.!canvas.!frame.!frame.!frame4.!frame2.!treeview"
2026-09-03 15:11:34 - ERROR - Dashboard refresh error: invalid command name ".!frame4.!canvas.!frame.!frame.!frame4.!frame2.!treeview"
Traceback (most recent call last):
  File "C:\Users\Erica Gallogo\OneDrive - National University\Desktop\MIDTERM\views\tracker_view.py", line 718, in load_data
    for item in self.tree.get_children():
                ~~~~~~~~~~~~~~~~~~~~~~^^
  File "C:\Users\Erica Gallogo\AppData\Local\Python\pythoncore-3.14-64\Lib\tkinter\ttk.py", line 1207, in get_children
    self.tk.call(self._w, "children", item or '') or ())
    ~~~~~~~~~~~~^^^^^^^^^^^^^^^^^^^^^^^^^^^^^^^^^
_tkinter.TclError: invalid command name ".!frame4.!canvas.!frame.!frame.!frame4.!frame2.!treeview"
2026-09-03 15:11:39 - ERROR - Dashboard refresh error: invalid command name ".!frame4.!canvas.!frame.!frame.!frame4.!frame2.!treeview"
Traceback (most recent call last):
  File "C:\Users\Erica Gallogo\OneDrive - National University\Desktop\MIDTERM\views\tracker_view.py", line 718, in load_data
    for item in self.tree.get_children():
                ~~~~~~~~~~~~~~~~~~~~~~^^
  File "C:\Users\Erica Gallogo\AppData\Local\Python\pythoncore-3.14-64\Lib\tkinter\ttk.py", line 1207, in get_children
    self.tk.call(self._w, "children", item or '') or ())
    ~~~~~~~~~~~~^^^^^^^^^^^^^^^^^^^^^^^^^^^^^^^^^
_tkinter.TclError: invalid command name ".!frame4.!canvas.!frame.!frame.!frame4.!frame2.!treeview"
2026-09-03 15:11:44 - ERROR - Dashboard refresh error: invalid command name ".!frame4.!canvas.!frame.!frame.!frame4.!frame2.!treeview"
Traceback (most recent call last):
  File "C:\Users\Erica Gallogo\OneDrive - National University\Desktop\MIDTERM\views\tracker_view.py", line 718, in load_data
    for item in self.tree.get_children():
                ~~~~~~~~~~~~~~~~~~~~~~^^
  File "C:\Users\Erica Gallogo\AppData\Local\Python\pythoncore-3.14-64\Lib\tkinter\ttk.py", line 1207, in get_children
    self.tk.call(self._w, "children", item or '') or ())
    ~~~~~~~~~~~~^^^^^^^^^^^^^^^^^^^^^^^^^^^^^^^^^
_tkinter.TclError: invalid command name ".!frame4.!canvas.!frame.!frame.!frame4.!frame2.!treeview"
2026-09-03 15:11:49 - ERROR - Dashboard refresh error: invalid command name ".!frame4.!canvas.!frame.!frame.!frame4.!frame2.!treeview"
Traceback (most recent call last):
  File "C:\Users\Erica Gallogo\OneDrive - National University\Desktop\MIDTERM\views\tracker_view.py", line 718, in load_data
    for item in self.tree.get_children():
                ~~~~~~~~~~~~~~~~~~~~~~^^
  File "C:\Users\Erica Gallogo\AppData\Local\Python\pythoncore-3.14-64\Lib\tkinter\ttk.py", line 1207, in get_children
    self.tk.call(self._w, "children", item or '') or ())
    ~~~~~~~~~~~~^^^^^^^^^^^^^^^^^^^^^^^^^^^^^^^^^
_tkinter.TclError: invalid command name ".!frame4.!canvas.!frame.!frame.!frame4.!frame2.!treeview"
2026-09-03 15:11:54 - ERROR - Dashboard refresh error: invalid command name ".!frame4.!canvas.!frame.!frame.!frame4.!frame2.!treeview"
Traceback (most recent call last):
  File "C:\Users\Erica Gallogo\OneDrive - National University\Desktop\MIDTERM\views\tracker_view.py", line 718, in load_data
    for item in self.tree.get_children():
                ~~~~~~~~~~~~~~~~~~~~~~^^
  File "C:\Users\Erica Gallogo\AppData\Local\Python\pythoncore-3.14-64\Lib\tkinter\ttk.py", line 1207, in get_children
    self.tk.call(self._w, "children", item or '') or ())
    ~~~~~~~~~~~~^^^^^^^^^^^^^^^^^^^^^^^^^^^^^^^^^
_tkinter.TclError: invalid command name ".!frame4.!canvas.!frame.!frame.!frame4.!frame2.!treeview"
2026-09-03 15:11:59 - ERROR - Dashboard refresh error: invalid command name ".!frame4.!canvas.!frame.!frame.!frame4.!frame2.!treeview"
Traceback (most recent call last):
  File "C:\Users\Erica Gallogo\OneDrive - National University\Desktop\MIDTERM\views\tracker_view.py", line 718, in load_data
    for item in self.tree.get_children():
                ~~~~~~~~~~~~~~~~~~~~~~^^
  File "C:\Users\Erica Gallogo\AppData\Local\Python\pythoncore-3.14-64\Lib\tkinter\ttk.py", line 1207, in get_children
    self.tk.call(self._w, "children", item or '') or ())
    ~~~~~~~~~~~~^^^^^^^^^^^^^^^^^^^^^^^^^^^^^^^^^
_tkinter.TclError: invalid command name ".!frame4.!canvas.!frame.!frame.!frame4.!frame2.!treeview"
2026-09-03 15:12:04 - ERROR - Dashboard refresh error: invalid command name ".!frame4.!canvas.!frame.!frame.!frame4.!frame2.!treeview"
Traceback (most recent call last):
  File "C:\Users\Erica Gallogo\OneDrive - National University\Desktop\MIDTERM\views\tracker_view.py", line 718, in load_data
    for item in self.tree.get_children():
                ~~~~~~~~~~~~~~~~~~~~~~^^
  File "C:\Users\Erica Gallogo\AppData\Local\Python\pythoncore-3.14-64\Lib\tkinter\ttk.py", line 1207, in get_children
    self.tk.call(self._w, "children", item or '') or ())
    ~~~~~~~~~~~~^^^^^^^^^^^^^^^^^^^^^^^^^^^^^^^^^
_tkinter.TclError: invalid command name ".!frame4.!canvas.!frame.!frame.!frame4.!frame2.!treeview"
2026-09-03 15:12:09 - ERROR - Dashboard refresh error: invalid command name ".!frame4.!canvas.!frame.!frame.!frame4.!frame2.!treeview"
Traceback (most recent call last):
  File "C:\Users\Erica Gallogo\OneDrive - National University\Desktop\MIDTERM\views\tracker_view.py", line 718, in load_data
    for item in self.tree.get_children():
                ~~~~~~~~~~~~~~~~~~~~~~^^
  File "C:\Users\Erica Gallogo\AppData\Local\Python\pythoncore-3.14-64\Lib\tkinter\ttk.py", line 1207, in get_children
    self.tk.call(self._w, "children", item or '') or ())
    ~~~~~~~~~~~~^^^^^^^^^^^^^^^^^^^^^^^^^^^^^^^^^
_tkinter.TclError: invalid command name ".!frame4.!canvas.!frame.!frame.!frame4.!frame2.!treeview"
2026-09-03 15:12:14 - ERROR - Dashboard refresh error: invalid command name ".!frame4.!canvas.!frame.!frame.!frame4.!frame2.!treeview"
Traceback (most recent call last):
  File "C:\Users\Erica Gallogo\OneDrive - National University\Desktop\MIDTERM\views\tracker_view.py", line 718, in load_data
    for item in self.tree.get_children():
                ~~~~~~~~~~~~~~~~~~~~~~^^
  File "C:\Users\Erica Gallogo\AppData\Local\Python\pythoncore-3.14-64\Lib\tkinter\ttk.py", line 1207, in get_children
    self.tk.call(self._w, "children", item or '') or ())
    ~~~~~~~~~~~~^^^^^^^^^^^^^^^^^^^^^^^^^^^^^^^^^
_tkinter.TclError: invalid command name ".!frame4.!canvas.!frame.!frame.!frame4.!frame2.!treeview"
2026-09-03 15:12:19 - ERROR - Dashboard refresh error: invalid command name ".!frame4.!canvas.!frame.!frame.!frame4.!frame2.!treeview"
Traceback (most recent call last):
  File "C:\Users\Erica Gallogo\OneDrive - National University\Desktop\MIDTERM\views\tracker_view.py", line 718, in load_data
    for item in self.tree.get_children():
                ~~~~~~~~~~~~~~~~~~~~~~^^
  File "C:\Users\Erica Gallogo\AppData\Local\Python\pythoncore-3.14-64\Lib\tkinter\ttk.py", line 1207, in get_children
    self.tk.call(self._w, "children", item or '') or ())
    ~~~~~~~~~~~~^^^^^^^^^^^^^^^^^^^^^^^^^^^^^^^^^
_tkinter.TclError: invalid command name ".!frame4.!canvas.!frame.!frame.!frame4.!frame2.!treeview"
2026-09-03 15:12:24 - ERROR - Dashboard refresh error: invalid command name ".!frame4.!canvas.!frame.!frame.!frame4.!frame2.!treeview"
Traceback (most recent call last):
  File "C:\Users\Erica Gallogo\OneDrive - National University\Desktop\MIDTERM\views\tracker_view.py", line 718, in load_data
    for item in self.tree.get_children():
                ~~~~~~~~~~~~~~~~~~~~~~^^
  File "C:\Users\Erica Gallogo\AppData\Local\Python\pythoncore-3.14-64\Lib\tkinter\ttk.py", line 1207, in get_children
    self.tk.call(self._w, "children", item or '') or ())
    ~~~~~~~~~~~~^^^^^^^^^^^^^^^^^^^^^^^^^^^^^^^^^
_tkinter.TclError: invalid command name ".!frame4.!canvas.!frame.!frame.!frame4.!frame2.!treeview"
2026-09-03 15:12:29 - ERROR - Dashboard refresh error: invalid command name ".!frame4.!canvas.!frame.!frame.!frame4.!frame2.!treeview"
Traceback (most recent call last):
  File "C:\Users\Erica Gallogo\OneDrive - National University\Desktop\MIDTERM\views\tracker_view.py", line 718, in load_data
    for item in self.tree.get_children():
                ~~~~~~~~~~~~~~~~~~~~~~^^
  File "C:\Users\Erica Gallogo\AppData\Local\Python\pythoncore-3.14-64\Lib\tkinter\ttk.py", line 1207, in get_children
    self.tk.call(self._w, "children", item or '') or ())
    ~~~~~~~~~~~~^^^^^^^^^^^^^^^^^^^^^^^^^^^^^^^^^
_tkinter.TclError: invalid command name ".!frame4.!canvas.!frame.!frame.!frame4.!frame2.!treeview"
2026-09-03 15:12:34 - ERROR - Dashboard refresh error: invalid command name ".!frame4.!canvas.!frame.!frame.!frame4.!frame2.!treeview"
Traceback (most recent call last):
  File "C:\Users\Erica Gallogo\OneDrive - National University\Desktop\MIDTERM\views\tracker_view.py", line 718, in load_data
    for item in self.tree.get_children():
                ~~~~~~~~~~~~~~~~~~~~~~^^
  File "C:\Users\Erica Gallogo\AppData\Local\Python\pythoncore-3.14-64\Lib\tkinter\ttk.py", line 1207, in get_children
    self.tk.call(self._w, "children", item or '') or ())
    ~~~~~~~~~~~~^^^^^^^^^^^^^^^^^^^^^^^^^^^^^^^^^
_tkinter.TclError: invalid command name ".!frame4.!canvas.!frame.!frame.!frame4.!frame2.!treeview"
2026-09-03 15:12:39 - ERROR - Dashboard refresh error: invalid command name ".!frame4.!canvas.!frame.!frame.!frame4.!frame2.!treeview"
Traceback (most recent call last):
  File "C:\Users\Erica Gallogo\OneDrive - National University\Desktop\MIDTERM\views\tracker_view.py", line 718, in load_data
    for item in self.tree.get_children():
                ~~~~~~~~~~~~~~~~~~~~~~^^
  File "C:\Users\Erica Gallogo\AppData\Local\Python\pythoncore-3.14-64\Lib\tkinter\ttk.py", line 1207, in get_children
    self.tk.call(self._w, "children", item or '') or ())
    ~~~~~~~~~~~~^^^^^^^^^^^^^^^^^^^^^^^^^^^^^^^^^
_tkinter.TclError: invalid command name ".!frame4.!canvas.!frame.!frame.!frame4.!frame2.!treeview"
2026-09-03 15:12:44 - ERROR - Dashboard refresh error: invalid command name ".!frame4.!canvas.!frame.!frame.!frame4.!frame2.!treeview"
Traceback (most recent call last):
  File "C:\Users\Erica Gallogo\OneDrive - National University\Desktop\MIDTERM\views\tracker_view.py", line 718, in load_data
    for item in self.tree.get_children():
                ~~~~~~~~~~~~~~~~~~~~~~^^
  File "C:\Users\Erica Gallogo\AppData\Local\Python\pythoncore-3.14-64\Lib\tkinter\ttk.py", line 1207, in get_children
    self.tk.call(self._w, "children", item or '') or ())
    ~~~~~~~~~~~~^^^^^^^^^^^^^^^^^^^^^^^^^^^^^^^^^
_tkinter.TclError: invalid command name ".!frame4.!canvas.!frame.!frame.!frame4.!frame2.!treeview"
2026-09-03 15:12:49 - ERROR - Dashboard refresh error: invalid command name ".!frame4.!canvas.!frame.!frame.!frame4.!frame2.!treeview"
Traceback (most recent call last):
  File "C:\Users\Erica Gallogo\OneDrive - National University\Desktop\MIDTERM\views\tracker_view.py", line 718, in load_data
    for item in self.tree.get_children():
                ~~~~~~~~~~~~~~~~~~~~~~^^
  File "C:\Users\Erica Gallogo\AppData\Local\Python\pythoncore-3.14-64\Lib\tkinter\ttk.py", line 1207, in get_children
    self.tk.call(self._w, "children", item or '') or ())
    ~~~~~~~~~~~~^^^^^^^^^^^^^^^^^^^^^^^^^^^^^^^^^
_tkinter.TclError: invalid command name ".!frame4.!canvas.!frame.!frame.!frame4.!frame2.!treeview"
2026-09-03 15:12:54 - ERROR - Dashboard refresh error: invalid command name ".!frame4.!canvas.!frame.!frame.!frame4.!frame2.!treeview"
Traceback (most recent call last):
  File "C:\Users\Erica Gallogo\OneDrive - National University\Desktop\MIDTERM\views\tracker_view.py", line 718, in load_data
    for item in self.tree.get_children():
                ~~~~~~~~~~~~~~~~~~~~~~^^
  File "C:\Users\Erica Gallogo\AppData\Local\Python\pythoncore-3.14-64\Lib\tkinter\ttk.py", line 1207, in get_children
    self.tk.call(self._w, "children", item or '') or ())
    ~~~~~~~~~~~~^^^^^^^^^^^^^^^^^^^^^^^^^^^^^^^^^
_tkinter.TclError: invalid command name ".!frame4.!canvas.!frame.!frame.!frame4.!frame2.!treeview"
2026-09-03 15:12:59 - ERROR - Dashboard refresh error: invalid command name ".!frame4.!canvas.!frame.!frame.!frame4.!frame2.!treeview"
Traceback (most recent call last):
  File "C:\Users\Erica Gallogo\OneDrive - National University\Desktop\MIDTERM\views\tracker_view.py", line 718, in load_data
    for item in self.tree.get_children():
                ~~~~~~~~~~~~~~~~~~~~~~^^
  File "C:\Users\Erica Gallogo\AppData\Local\Python\pythoncore-3.14-64\Lib\tkinter\ttk.py", line 1207, in get_children
    self.tk.call(self._w, "children", item or '') or ())
    ~~~~~~~~~~~~^^^^^^^^^^^^^^^^^^^^^^^^^^^^^^^^^
_tkinter.TclError: invalid command name ".!frame4.!canvas.!frame.!frame.!frame4.!frame2.!treeview"
2026-09-03 15:13:04 - ERROR - Dashboard refresh error: invalid command name ".!frame4.!canvas.!frame.!frame.!frame4.!frame2.!treeview"
Traceback (most recent call last):
  File "C:\Users\Erica Gallogo\OneDrive - National University\Desktop\MIDTERM\views\tracker_view.py", line 718, in load_data
    for item in self.tree.get_children():
                ~~~~~~~~~~~~~~~~~~~~~~^^
  File "C:\Users\Erica Gallogo\AppData\Local\Python\pythoncore-3.14-64\Lib\tkinter\ttk.py", line 1207, in get_children
    self.tk.call(self._w, "children", item or '') or ())
    ~~~~~~~~~~~~^^^^^^^^^^^^^^^^^^^^^^^^^^^^^^^^^
_tkinter.TclError: invalid command name ".!frame4.!canvas.!frame.!frame.!frame4.!frame2.!treeview"
2026-09-03 15:13:09 - ERROR - Dashboard refresh error: invalid command name ".!frame4.!canvas.!frame.!frame.!frame4.!frame2.!treeview"
Traceback (most recent call last):
  File "C:\Users\Erica Gallogo\OneDrive - National University\Desktop\MIDTERM\views\tracker_view.py", line 718, in load_data
    for item in self.tree.get_children():
                ~~~~~~~~~~~~~~~~~~~~~~^^
  File "C:\Users\Erica Gallogo\AppData\Local\Python\pythoncore-3.14-64\Lib\tkinter\ttk.py", line 1207, in get_children
    self.tk.call(self._w, "children", item or '') or ())
    ~~~~~~~~~~~~^^^^^^^^^^^^^^^^^^^^^^^^^^^^^^^^^
_tkinter.TclError: invalid command name ".!frame4.!canvas.!frame.!frame.!frame4.!frame2.!treeview"
2026-09-03 15:13:14 - ERROR - Dashboard refresh error: invalid command name ".!frame4.!canvas.!frame.!frame.!frame4.!frame2.!treeview"
Traceback (most recent call last):
  File "C:\Users\Erica Gallogo\OneDrive - National University\Desktop\MIDTERM\views\tracker_view.py", line 718, in load_data
    for item in self.tree.get_children():
                ~~~~~~~~~~~~~~~~~~~~~~^^
  File "C:\Users\Erica Gallogo\AppData\Local\Python\pythoncore-3.14-64\Lib\tkinter\ttk.py", line 1207, in get_children
    self.tk.call(self._w, "children", item or '') or ())
    ~~~~~~~~~~~~^^^^^^^^^^^^^^^^^^^^^^^^^^^^^^^^^
_tkinter.TclError: invalid command name ".!frame4.!canvas.!frame.!frame.!frame4.!frame2.!treeview"
2026-09-03 15:13:19 - ERROR - Dashboard refresh error: invalid command name ".!frame4.!canvas.!frame.!frame.!frame4.!frame2.!treeview"
Traceback (most recent call last):
  File "C:\Users\Erica Gallogo\OneDrive - National University\Desktop\MIDTERM\views\tracker_view.py", line 718, in load_data
    for item in self.tree.get_children():
                ~~~~~~~~~~~~~~~~~~~~~~^^
  File "C:\Users\Erica Gallogo\AppData\Local\Python\pythoncore-3.14-64\Lib\tkinter\ttk.py", line 1207, in get_children
    self.tk.call(self._w, "children", item or '') or ())
    ~~~~~~~~~~~~^^^^^^^^^^^^^^^^^^^^^^^^^^^^^^^^^
_tkinter.TclError: invalid command name ".!frame4.!canvas.!frame.!frame.!frame4.!frame2.!treeview"
2026-09-03 15:13:24 - ERROR - Dashboard refresh error: invalid command name ".!frame4.!canvas.!frame.!frame.!frame4.!frame2.!treeview"
Traceback (most recent call last):
  File "C:\Users\Erica Gallogo\OneDrive - National University\Desktop\MIDTERM\views\tracker_view.py", line 718, in load_data
    for item in self.tree.get_children():
                ~~~~~~~~~~~~~~~~~~~~~~^^
  File "C:\Users\Erica Gallogo\AppData\Local\Python\pythoncore-3.14-64\Lib\tkinter\ttk.py", line 1207, in get_children
    self.tk.call(self._w, "children", item or '') or ())
    ~~~~~~~~~~~~^^^^^^^^^^^^^^^^^^^^^^^^^^^^^^^^^
_tkinter.TclError: invalid command name ".!frame4.!canvas.!frame.!frame.!frame4.!frame2.!treeview"
2026-09-03 15:13:29 - ERROR - Dashboard refresh error: invalid command name ".!frame4.!canvas.!frame.!frame.!frame4.!frame2.!treeview"
Traceback (most recent call last):
  File "C:\Users\Erica Gallogo\OneDrive - National University\Desktop\MIDTERM\views\tracker_view.py", line 718, in load_data
    for item in self.tree.get_children():
                ~~~~~~~~~~~~~~~~~~~~~~^^
  File "C:\Users\Erica Gallogo\AppData\Local\Python\pythoncore-3.14-64\Lib\tkinter\ttk.py", line 1207, in get_children
    self.tk.call(self._w, "children", item or '') or ())
    ~~~~~~~~~~~~^^^^^^^^^^^^^^^^^^^^^^^^^^^^^^^^^
_tkinter.TclError: invalid command name ".!frame4.!canvas.!frame.!frame.!frame4.!frame2.!treeview"
2026-09-03 15:13:34 - ERROR - Dashboard refresh error: invalid command name ".!frame4.!canvas.!frame.!frame.!frame4.!frame2.!treeview"
Traceback (most recent call last):
  File "C:\Users\Erica Gallogo\OneDrive - National University\Desktop\MIDTERM\views\tracker_view.py", line 718, in load_data
    for item in self.tree.get_children():
                ~~~~~~~~~~~~~~~~~~~~~~^^
  File "C:\Users\Erica Gallogo\AppData\Local\Python\pythoncore-3.14-64\Lib\tkinter\ttk.py", line 1207, in get_children
    self.tk.call(self._w, "children", item or '') or ())
    ~~~~~~~~~~~~^^^^^^^^^^^^^^^^^^^^^^^^^^^^^^^^^
_tkinter.TclError: invalid command name ".!frame4.!canvas.!frame.!frame.!frame4.!frame2.!treeview"
2026-09-03 15:13:39 - ERROR - Dashboard refresh error: invalid command name ".!frame4.!canvas.!frame.!frame.!frame4.!frame2.!treeview"
Traceback (most recent call last):
  File "C:\Users\Erica Gallogo\OneDrive - National University\Desktop\MIDTERM\views\tracker_view.py", line 718, in load_data
    for item in self.tree.get_children():
                ~~~~~~~~~~~~~~~~~~~~~~^^
  File "C:\Users\Erica Gallogo\AppData\Local\Python\pythoncore-3.14-64\Lib\tkinter\ttk.py", line 1207, in get_children
    self.tk.call(self._w, "children", item or '') or ())
    ~~~~~~~~~~~~^^^^^^^^^^^^^^^^^^^^^^^^^^^^^^^^^
_tkinter.TclError: invalid command name ".!frame4.!canvas.!frame.!frame.!frame4.!frame2.!treeview"
2026-09-03 15:13:44 - ERROR - Dashboard refresh error: invalid command name ".!frame4.!canvas.!frame.!frame.!frame4.!frame2.!treeview"
Traceback (most recent call last):
  File "C:\Users\Erica Gallogo\OneDrive - National University\Desktop\MIDTERM\views\tracker_view.py", line 718, in load_data
    for item in self.tree.get_children():
                ~~~~~~~~~~~~~~~~~~~~~~^^
  File "C:\Users\Erica Gallogo\AppData\Local\Python\pythoncore-3.14-64\Lib\tkinter\ttk.py", line 1207, in get_children
    self.tk.call(self._w, "children", item or '') or ())
    ~~~~~~~~~~~~^^^^^^^^^^^^^^^^^^^^^^^^^^^^^^^^^
_tkinter.TclError: invalid command name ".!frame4.!canvas.!frame.!frame.!frame4.!frame2.!treeview"
2026-09-03 15:13:49 - ERROR - Dashboard refresh error: invalid command name ".!frame4.!canvas.!frame.!frame.!frame4.!frame2.!treeview"
Traceback (most recent call last):
  File "C:\Users\Erica Gallogo\OneDrive - National University\Desktop\MIDTERM\views\tracker_view.py", line 718, in load_data
    for item in self.tree.get_children():
                ~~~~~~~~~~~~~~~~~~~~~~^^
  File "C:\Users\Erica Gallogo\AppData\Local\Python\pythoncore-3.14-64\Lib\tkinter\ttk.py", line 1207, in get_children
    self.tk.call(self._w, "children", item or '') or ())
    ~~~~~~~~~~~~^^^^^^^^^^^^^^^^^^^^^^^^^^^^^^^^^
_tkinter.TclError: invalid command name ".!frame4.!canvas.!frame.!frame.!frame4.!frame2.!treeview"
2026-09-03 15:13:54 - ERROR - Dashboard refresh error: invalid command name ".!frame4.!canvas.!frame.!frame.!frame4.!frame2.!treeview"
Traceback (most recent call last):
  File "C:\Users\Erica Gallogo\OneDrive - National University\Desktop\MIDTERM\views\tracker_view.py", line 718, in load_data
    for item in self.tree.get_children():
                ~~~~~~~~~~~~~~~~~~~~~~^^
  File "C:\Users\Erica Gallogo\AppData\Local\Python\pythoncore-3.14-64\Lib\tkinter\ttk.py", line 1207, in get_children
    self.tk.call(self._w, "children", item or '') or ())
    ~~~~~~~~~~~~^^^^^^^^^^^^^^^^^^^^^^^^^^^^^^^^^
_tkinter.TclError: invalid command name ".!frame4.!canvas.!frame.!frame.!frame4.!frame2.!treeview"
2026-09-03 15:13:59 - ERROR - Dashboard refresh error: invalid command name ".!frame4.!canvas.!frame.!frame.!frame4.!frame2.!treeview"
Traceback (most recent call last):
  File "C:\Users\Erica Gallogo\OneDrive - National University\Desktop\MIDTERM\views\tracker_view.py", line 718, in load_data
    for item in self.tree.get_children():
                ~~~~~~~~~~~~~~~~~~~~~~^^
  File "C:\Users\Erica Gallogo\AppData\Local\Python\pythoncore-3.14-64\Lib\tkinter\ttk.py", line 1207, in get_children
    self.tk.call(self._w, "children", item or '') or ())
    ~~~~~~~~~~~~^^^^^^^^^^^^^^^^^^^^^^^^^^^^^^^^^
_tkinter.TclError: invalid command name ".!frame4.!canvas.!frame.!frame.!frame4.!frame2.!treeview"
2026-09-03 15:14:04 - ERROR - Dashboard refresh error: invalid command name ".!frame4.!canvas.!frame.!frame.!frame4.!frame2.!treeview"
Traceback (most recent call last):
  File "C:\Users\Erica Gallogo\OneDrive - National University\Desktop\MIDTERM\views\tracker_view.py", line 718, in load_data
    for item in self.tree.get_children():
                ~~~~~~~~~~~~~~~~~~~~~~^^
  File "C:\Users\Erica Gallogo\AppData\Local\Python\pythoncore-3.14-64\Lib\tkinter\ttk.py", line 1207, in get_children
    self.tk.call(self._w, "children", item or '') or ())
    ~~~~~~~~~~~~^^^^^^^^^^^^^^^^^^^^^^^^^^^^^^^^^
_tkinter.TclError: invalid command name ".!frame4.!canvas.!frame.!frame.!frame4.!frame2.!treeview"
2026-09-03 15:14:09 - ERROR - Dashboard refresh error: invalid command name ".!frame4.!canvas.!frame.!frame.!frame4.!frame2.!treeview"
Traceback (most recent call last):
  File "C:\Users\Erica Gallogo\OneDrive - National University\Desktop\MIDTERM\views\tracker_view.py", line 718, in load_data
    for item in self.tree.get_children():
                ~~~~~~~~~~~~~~~~~~~~~~^^
  File "C:\Users\Erica Gallogo\AppData\Local\Python\pythoncore-3.14-64\Lib\tkinter\ttk.py", line 1207, in get_children
    self.tk.call(self._w, "children", item or '') or ())
    ~~~~~~~~~~~~^^^^^^^^^^^^^^^^^^^^^^^^^^^^^^^^^
_tkinter.TclError: invalid command name ".!frame4.!canvas.!frame.!frame.!frame4.!frame2.!treeview"
2026-09-03 15:14:14 - ERROR - Dashboard refresh error: invalid command name ".!frame4.!canvas.!frame.!frame.!frame4.!frame2.!treeview"
Traceback (most recent call last):
  File "C:\Users\Erica Gallogo\OneDrive - National University\Desktop\MIDTERM\views\tracker_view.py", line 718, in load_data
    for item in self.tree.get_children():
                ~~~~~~~~~~~~~~~~~~~~~~^^
  File "C:\Users\Erica Gallogo\AppData\Local\Python\pythoncore-3.14-64\Lib\tkinter\ttk.py", line 1207, in get_children
    self.tk.call(self._w, "children", item or '') or ())
    ~~~~~~~~~~~~^^^^^^^^^^^^^^^^^^^^^^^^^^^^^^^^^
_tkinter.TclError: invalid command name ".!frame4.!canvas.!frame.!frame.!frame4.!frame2.!treeview"
2026-09-03 15:14:19 - ERROR - Dashboard refresh error: invalid command name ".!frame4.!canvas.!frame.!frame.!frame4.!frame2.!treeview"
Traceback (most recent call last):
  File "C:\Users\Erica Gallogo\OneDrive - National University\Desktop\MIDTERM\views\tracker_view.py", line 718, in load_data
    for item in self.tree.get_children():
                ~~~~~~~~~~~~~~~~~~~~~~^^
  File "C:\Users\Erica Gallogo\AppData\Local\Python\pythoncore-3.14-64\Lib\tkinter\ttk.py", line 1207, in get_children
    self.tk.call(self._w, "children", item or '') or ())
    ~~~~~~~~~~~~^^^^^^^^^^^^^^^^^^^^^^^^^^^^^^^^^
_tkinter.TclError: invalid command name ".!frame4.!canvas.!frame.!frame.!frame4.!frame2.!treeview"
2026-09-03 15:14:24 - ERROR - Dashboard refresh error: invalid command name ".!frame4.!canvas.!frame.!frame.!frame4.!frame2.!treeview"
Traceback (most recent call last):
  File "C:\Users\Erica Gallogo\OneDrive - National University\Desktop\MIDTERM\views\tracker_view.py", line 718, in load_data
    for item in self.tree.get_children():
                ~~~~~~~~~~~~~~~~~~~~~~^^
  File "C:\Users\Erica Gallogo\AppData\Local\Python\pythoncore-3.14-64\Lib\tkinter\ttk.py", line 1207, in get_children
    self.tk.call(self._w, "children", item or '') or ())
    ~~~~~~~~~~~~^^^^^^^^^^^^^^^^^^^^^^^^^^^^^^^^^
_tkinter.TclError: invalid command name ".!frame4.!canvas.!frame.!frame.!frame4.!frame2.!treeview"
2026-09-03 15:14:29 - ERROR - Dashboard refresh error: invalid command name ".!frame4.!canvas.!frame.!frame.!frame4.!frame2.!treeview"
Traceback (most recent call last):
  File "C:\Users\Erica Gallogo\OneDrive - National University\Desktop\MIDTERM\views\tracker_view.py", line 718, in load_data
    for item in self.tree.get_children():
                ~~~~~~~~~~~~~~~~~~~~~~^^
  File "C:\Users\Erica Gallogo\AppData\Local\Python\pythoncore-3.14-64\Lib\tkinter\ttk.py", line 1207, in get_children
    self.tk.call(self._w, "children", item or '') or ())
    ~~~~~~~~~~~~^^^^^^^^^^^^^^^^^^^^^^^^^^^^^^^^^
_tkinter.TclError: invalid command name ".!frame4.!canvas.!frame.!frame.!frame4.!frame2.!treeview"
2026-09-03 15:14:34 - ERROR - Dashboard refresh error: invalid command name ".!frame4.!canvas.!frame.!frame.!frame4.!frame2.!treeview"
Traceback (most recent call last):
  File "C:\Users\Erica Gallogo\OneDrive - National University\Desktop\MIDTERM\views\tracker_view.py", line 718, in load_data
    for item in self.tree.get_children():
                ~~~~~~~~~~~~~~~~~~~~~~^^
  File "C:\Users\Erica Gallogo\AppData\Local\Python\pythoncore-3.14-64\Lib\tkinter\ttk.py", line 1207, in get_children
    self.tk.call(self._w, "children", item or '') or ())
    ~~~~~~~~~~~~^^^^^^^^^^^^^^^^^^^^^^^^^^^^^^^^^
_tkinter.TclError: invalid command name ".!frame4.!canvas.!frame.!frame.!frame4.!frame2.!treeview"
2026-09-03 15:14:39 - ERROR - Dashboard refresh error: invalid command name ".!frame4.!canvas.!frame.!frame.!frame4.!frame2.!treeview"
Traceback (most recent call last):
  File "C:\Users\Erica Gallogo\OneDrive - National University\Desktop\MIDTERM\views\tracker_view.py", line 718, in load_data
    for item in self.tree.get_children():
                ~~~~~~~~~~~~~~~~~~~~~~^^
  File "C:\Users\Erica Gallogo\AppData\Local\Python\pythoncore-3.14-64\Lib\tkinter\ttk.py", line 1207, in get_children
    self.tk.call(self._w, "children", item or '') or ())
    ~~~~~~~~~~~~^^^^^^^^^^^^^^^^^^^^^^^^^^^^^^^^^
_tkinter.TclError: invalid command name ".!frame4.!canvas.!frame.!frame.!frame4.!frame2.!treeview"
2026-09-03 15:14:44 - ERROR - Dashboard refresh error: invalid command name ".!frame4.!canvas.!frame.!frame.!frame4.!frame2.!treeview"
Traceback (most recent call last):
  File "C:\Users\Erica Gallogo\OneDrive - National University\Desktop\MIDTERM\views\tracker_view.py", line 718, in load_data
    for item in self.tree.get_children():
                ~~~~~~~~~~~~~~~~~~~~~~^^
  File "C:\Users\Erica Gallogo\AppData\Local\Python\pythoncore-3.14-64\Lib\tkinter\ttk.py", line 1207, in get_children
    self.tk.call(self._w, "children", item or '') or ())
    ~~~~~~~~~~~~^^^^^^^^^^^^^^^^^^^^^^^^^^^^^^^^^
_tkinter.TclError: invalid command name ".!frame4.!canvas.!frame.!frame.!frame4.!frame2.!treeview"
2026-09-03 15:14:49 - ERROR - Dashboard refresh error: invalid command name ".!frame4.!canvas.!frame.!frame.!frame4.!frame2.!treeview"
Traceback (most recent call last):
  File "C:\Users\Erica Gallogo\OneDrive - National University\Desktop\MIDTERM\views\tracker_view.py", line 718, in load_data
    for item in self.tree.get_children():
                ~~~~~~~~~~~~~~~~~~~~~~^^
  File "C:\Users\Erica Gallogo\AppData\Local\Python\pythoncore-3.14-64\Lib\tkinter\ttk.py", line 1207, in get_children
    self.tk.call(self._w, "children", item or '') or ())
    ~~~~~~~~~~~~^^^^^^^^^^^^^^^^^^^^^^^^^^^^^^^^^
_tkinter.TclError: invalid command name ".!frame4.!canvas.!frame.!frame.!frame4.!frame2.!treeview"
2026-09-03 15:14:54 - ERROR - Dashboard refresh error: invalid command name ".!frame4.!canvas.!frame.!frame.!frame4.!frame2.!treeview"
Traceback (most recent call last):
  File "C:\Users\Erica Gallogo\OneDrive - National University\Desktop\MIDTERM\views\tracker_view.py", line 718, in load_data
    for item in self.tree.get_children():
                ~~~~~~~~~~~~~~~~~~~~~~^^
  File "C:\Users\Erica Gallogo\AppData\Local\Python\pythoncore-3.14-64\Lib\tkinter\ttk.py", line 1207, in get_children
    self.tk.call(self._w, "children", item or '') or ())
    ~~~~~~~~~~~~^^^^^^^^^^^^^^^^^^^^^^^^^^^^^^^^^
_tkinter.TclError: invalid command name ".!frame4.!canvas.!frame.!frame.!frame4.!frame2.!treeview"
2026-09-03 15:14:59 - ERROR - Dashboard refresh error: invalid command name ".!frame4.!canvas.!frame.!frame.!frame4.!frame2.!treeview"
Traceback (most recent call last):
  File "C:\Users\Erica Gallogo\OneDrive - National University\Desktop\MIDTERM\views\tracker_view.py", line 718, in load_data
    for item in self.tree.get_children():
                ~~~~~~~~~~~~~~~~~~~~~~^^
  File "C:\Users\Erica Gallogo\AppData\Local\Python\pythoncore-3.14-64\Lib\tkinter\ttk.py", line 1207, in get_children
    self.tk.call(self._w, "children", item or '') or ())
    ~~~~~~~~~~~~^^^^^^^^^^^^^^^^^^^^^^^^^^^^^^^^^
_tkinter.TclError: invalid command name ".!frame4.!canvas.!frame.!frame.!frame4.!frame2.!treeview"
2026-09-03 15:15:04 - ERROR - Dashboard refresh error: invalid command name ".!frame4.!canvas.!frame.!frame.!frame4.!frame2.!treeview"
Traceback (most recent call last):
  File "C:\Users\Erica Gallogo\OneDrive - National University\Desktop\MIDTERM\views\tracker_view.py", line 718, in load_data
    for item in self.tree.get_children():
                ~~~~~~~~~~~~~~~~~~~~~~^^
  File "C:\Users\Erica Gallogo\AppData\Local\Python\pythoncore-3.14-64\Lib\tkinter\ttk.py", line 1207, in get_children
    self.tk.call(self._w, "children", item or '') or ())
    ~~~~~~~~~~~~^^^^^^^^^^^^^^^^^^^^^^^^^^^^^^^^^
_tkinter.TclError: invalid command name ".!frame4.!canvas.!frame.!frame.!frame4.!frame2.!treeview"
2026-09-03 15:15:09 - ERROR - Dashboard refresh error: invalid command name ".!frame4.!canvas.!frame.!frame.!frame4.!frame2.!treeview"
Traceback (most recent call last):
  File "C:\Users\Erica Gallogo\OneDrive - National University\Desktop\MIDTERM\views\tracker_view.py", line 718, in load_data
    for item in self.tree.get_children():
                ~~~~~~~~~~~~~~~~~~~~~~^^
  File "C:\Users\Erica Gallogo\AppData\Local\Python\pythoncore-3.14-64\Lib\tkinter\ttk.py", line 1207, in get_children
    self.tk.call(self._w, "children", item or '') or ())
    ~~~~~~~~~~~~^^^^^^^^^^^^^^^^^^^^^^^^^^^^^^^^^
_tkinter.TclError: invalid command name ".!frame4.!canvas.!frame.!frame.!frame4.!frame2.!treeview"
2026-09-03 15:15:14 - ERROR - Dashboard refresh error: invalid command name ".!frame4.!canvas.!frame.!frame.!frame4.!frame2.!treeview"
Traceback (most recent call last):
  File "C:\Users\Erica Gallogo\OneDrive - National University\Desktop\MIDTERM\views\tracker_view.py", line 718, in load_data
    for item in self.tree.get_children():
                ~~~~~~~~~~~~~~~~~~~~~~^^
  File "C:\Users\Erica Gallogo\AppData\Local\Python\pythoncore-3.14-64\Lib\tkinter\ttk.py", line 1207, in get_children
    self.tk.call(self._w, "children", item or '') or ())
    ~~~~~~~~~~~~^^^^^^^^^^^^^^^^^^^^^^^^^^^^^^^^^
_tkinter.TclError: invalid command name ".!frame4.!canvas.!frame.!frame.!frame4.!frame2.!treeview"
2026-09-03 15:15:19 - ERROR - Dashboard refresh error: invalid command name ".!frame4.!canvas.!frame.!frame.!frame4.!frame2.!treeview"
Traceback (most recent call last):
  File "C:\Users\Erica Gallogo\OneDrive - National University\Desktop\MIDTERM\views\tracker_view.py", line 718, in load_data
    for item in self.tree.get_children():
                ~~~~~~~~~~~~~~~~~~~~~~^^
  File "C:\Users\Erica Gallogo\AppData\Local\Python\pythoncore-3.14-64\Lib\tkinter\ttk.py", line 1207, in get_children
    self.tk.call(self._w, "children", item or '') or ())
    ~~~~~~~~~~~~^^^^^^^^^^^^^^^^^^^^^^^^^^^^^^^^^
_tkinter.TclError: invalid command name ".!frame4.!canvas.!frame.!frame.!frame4.!frame2.!treeview"
2026-09-03 15:15:24 - ERROR - Dashboard refresh error: invalid command name ".!frame4.!canvas.!frame.!frame.!frame4.!frame2.!treeview"
Traceback (most recent call last):
  File "C:\Users\Erica Gallogo\OneDrive - National University\Desktop\MIDTERM\views\tracker_view.py", line 718, in load_data
    for item in self.tree.get_children():
                ~~~~~~~~~~~~~~~~~~~~~~^^
  File "C:\Users\Erica Gallogo\AppData\Local\Python\pythoncore-3.14-64\Lib\tkinter\ttk.py", line 1207, in get_children
    self.tk.call(self._w, "children", item or '') or ())
    ~~~~~~~~~~~~^^^^^^^^^^^^^^^^^^^^^^^^^^^^^^^^^
_tkinter.TclError: invalid command name ".!frame4.!canvas.!frame.!frame.!frame4.!frame2.!treeview"
2026-09-03 15:15:29 - ERROR - Dashboard refresh error: invalid command name ".!frame4.!canvas.!frame.!frame.!frame4.!frame2.!treeview"
Traceback (most recent call last):
  File "C:\Users\Erica Gallogo\OneDrive - National University\Desktop\MIDTERM\views\tracker_view.py", line 718, in load_data
    for item in self.tree.get_children():
                ~~~~~~~~~~~~~~~~~~~~~~^^
  File "C:\Users\Erica Gallogo\AppData\Local\Python\pythoncore-3.14-64\Lib\tkinter\ttk.py", line 1207, in get_children
    self.tk.call(self._w, "children", item or '') or ())
    ~~~~~~~~~~~~^^^^^^^^^^^^^^^^^^^^^^^^^^^^^^^^^
_tkinter.TclError: invalid command name ".!frame4.!canvas.!frame.!frame.!frame4.!frame2.!treeview"
2026-09-03 15:15:34 - ERROR - Dashboard refresh error: invalid command name ".!frame4.!canvas.!frame.!frame.!frame4.!frame2.!treeview"
Traceback (most recent call last):
  File "C:\Users\Erica Gallogo\OneDrive - National University\Desktop\MIDTERM\views\tracker_view.py", line 718, in load_data
    for item in self.tree.get_children():
                ~~~~~~~~~~~~~~~~~~~~~~^^
  File "C:\Users\Erica Gallogo\AppData\Local\Python\pythoncore-3.14-64\Lib\tkinter\ttk.py", line 1207, in get_children
    self.tk.call(self._w, "children", item or '') or ())
    ~~~~~~~~~~~~^^^^^^^^^^^^^^^^^^^^^^^^^^^^^^^^^
_tkinter.TclError: invalid command name ".!frame4.!canvas.!frame.!frame.!frame4.!frame2.!treeview"
2026-09-03 15:15:39 - ERROR - Dashboard refresh error: invalid command name ".!frame4.!canvas.!frame.!frame.!frame4.!frame2.!treeview"
Traceback (most recent call last):
  File "C:\Users\Erica Gallogo\OneDrive - National University\Desktop\MIDTERM\views\tracker_view.py", line 718, in load_data
    for item in self.tree.get_children():
                ~~~~~~~~~~~~~~~~~~~~~~^^
  File "C:\Users\Erica Gallogo\AppData\Local\Python\pythoncore-3.14-64\Lib\tkinter\ttk.py", line 1207, in get_children
    self.tk.call(self._w, "children", item or '') or ())
    ~~~~~~~~~~~~^^^^^^^^^^^^^^^^^^^^^^^^^^^^^^^^^
_tkinter.TclError: invalid command name ".!frame4.!canvas.!frame.!frame.!frame4.!frame2.!treeview"
2026-09-03 15:15:44 - ERROR - Dashboard refresh error: invalid command name ".!frame4.!canvas.!frame.!frame.!frame4.!frame2.!treeview"
Traceback (most recent call last):
  File "C:\Users\Erica Gallogo\OneDrive - National University\Desktop\MIDTERM\views\tracker_view.py", line 718, in load_data
    for item in self.tree.get_children():
                ~~~~~~~~~~~~~~~~~~~~~~^^
  File "C:\Users\Erica Gallogo\AppData\Local\Python\pythoncore-3.14-64\Lib\tkinter\ttk.py", line 1207, in get_children
    self.tk.call(self._w, "children", item or '') or ())
    ~~~~~~~~~~~~^^^^^^^^^^^^^^^^^^^^^^^^^^^^^^^^^
_tkinter.TclError: invalid command name ".!frame4.!canvas.!frame.!frame.!frame4.!frame2.!treeview"
2026-09-03 15:15:49 - ERROR - Dashboard refresh error: invalid command name ".!frame4.!canvas.!frame.!frame.!frame4.!frame2.!treeview"
Traceback (most recent call last):
  File "C:\Users\Erica Gallogo\OneDrive - National University\Desktop\MIDTERM\views\tracker_view.py", line 718, in load_data
    for item in self.tree.get_children():
                ~~~~~~~~~~~~~~~~~~~~~~^^
  File "C:\Users\Erica Gallogo\AppData\Local\Python\pythoncore-3.14-64\Lib\tkinter\ttk.py", line 1207, in get_children
    self.tk.call(self._w, "children", item or '') or ())
    ~~~~~~~~~~~~^^^^^^^^^^^^^^^^^^^^^^^^^^^^^^^^^
_tkinter.TclError: invalid command name ".!frame4.!canvas.!frame.!frame.!frame4.!frame2.!treeview"
2026-09-03 15:15:54 - ERROR - Dashboard refresh error: invalid command name ".!frame4.!canvas.!frame.!frame.!frame4.!frame2.!treeview"
Traceback (most recent call last):
  File "C:\Users\Erica Gallogo\OneDrive - National University\Desktop\MIDTERM\views\tracker_view.py", line 718, in load_data
    for item in self.tree.get_children():
                ~~~~~~~~~~~~~~~~~~~~~~^^
  File "C:\Users\Erica Gallogo\AppData\Local\Python\pythoncore-3.14-64\Lib\tkinter\ttk.py", line 1207, in get_children
    self.tk.call(self._w, "children", item or '') or ())
    ~~~~~~~~~~~~^^^^^^^^^^^^^^^^^^^^^^^^^^^^^^^^^
_tkinter.TclError: invalid command name ".!frame4.!canvas.!frame.!frame.!frame4.!frame2.!treeview"
2026-09-03 15:15:59 - ERROR - Dashboard refresh error: invalid command name ".!frame4.!canvas.!frame.!frame.!frame4.!frame2.!treeview"
Traceback (most recent call last):
  File "C:\Users\Erica Gallogo\OneDrive - National University\Desktop\MIDTERM\views\tracker_view.py", line 718, in load_data
    for item in self.tree.get_children():
                ~~~~~~~~~~~~~~~~~~~~~~^^
  File "C:\Users\Erica Gallogo\AppData\Local\Python\pythoncore-3.14-64\Lib\tkinter\ttk.py", line 1207, in get_children
    self.tk.call(self._w, "children", item or '') or ())
    ~~~~~~~~~~~~^^^^^^^^^^^^^^^^^^^^^^^^^^^^^^^^^
_tkinter.TclError: invalid command name ".!frame4.!canvas.!frame.!frame.!frame4.!frame2.!treeview"
2026-09-03 15:16:04 - ERROR - Dashboard refresh error: invalid command name ".!frame4.!canvas.!frame.!frame.!frame4.!frame2.!treeview"
Traceback (most recent call last):
  File "C:\Users\Erica Gallogo\OneDrive - National University\Desktop\MIDTERM\views\tracker_view.py", line 718, in load_data
    for item in self.tree.get_children():
                ~~~~~~~~~~~~~~~~~~~~~~^^
  File "C:\Users\Erica Gallogo\AppData\Local\Python\pythoncore-3.14-64\Lib\tkinter\ttk.py", line 1207, in get_children
    self.tk.call(self._w, "children", item or '') or ())
    ~~~~~~~~~~~~^^^^^^^^^^^^^^^^^^^^^^^^^^^^^^^^^
_tkinter.TclError: invalid command name ".!frame4.!canvas.!frame.!frame.!frame4.!frame2.!treeview"
2026-09-03 15:16:09 - ERROR - Dashboard refresh error: invalid command name ".!frame4.!canvas.!frame.!frame.!frame4.!frame2.!treeview"
Traceback (most recent call last):
  File "C:\Users\Erica Gallogo\OneDrive - National University\Desktop\MIDTERM\views\tracker_view.py", line 718, in load_data
    for item in self.tree.get_children():
                ~~~~~~~~~~~~~~~~~~~~~~^^
  File "C:\Users\Erica Gallogo\AppData\Local\Python\pythoncore-3.14-64\Lib\tkinter\ttk.py", line 1207, in get_children
    self.tk.call(self._w, "children", item or '') or ())
    ~~~~~~~~~~~~^^^^^^^^^^^^^^^^^^^^^^^^^^^^^^^^^
_tkinter.TclError: invalid command name ".!frame4.!canvas.!frame.!frame.!frame4.!frame2.!treeview"
2026-09-03 15:16:14 - ERROR - Dashboard refresh error: invalid command name ".!frame4.!canvas.!frame.!frame.!frame4.!frame2.!treeview"
Traceback (most recent call last):
  File "C:\Users\Erica Gallogo\OneDrive - National University\Desktop\MIDTERM\views\tracker_view.py", line 718, in load_data
    for item in self.tree.get_children():
                ~~~~~~~~~~~~~~~~~~~~~~^^
  File "C:\Users\Erica Gallogo\AppData\Local\Python\pythoncore-3.14-64\Lib\tkinter\ttk.py", line 1207, in get_children
    self.tk.call(self._w, "children", item or '') or ())
    ~~~~~~~~~~~~^^^^^^^^^^^^^^^^^^^^^^^^^^^^^^^^^
_tkinter.TclError: invalid command name ".!frame4.!canvas.!frame.!frame.!frame4.!frame2.!treeview"
2026-09-03 15:16:19 - ERROR - Dashboard refresh error: invalid command name ".!frame4.!canvas.!frame.!frame.!frame4.!frame2.!treeview"
Traceback (most recent call last):
  File "C:\Users\Erica Gallogo\OneDrive - National University\Desktop\MIDTERM\views\tracker_view.py", line 718, in load_data
    for item in self.tree.get_children():
                ~~~~~~~~~~~~~~~~~~~~~~^^
  File "C:\Users\Erica Gallogo\AppData\Local\Python\pythoncore-3.14-64\Lib\tkinter\ttk.py", line 1207, in get_children
    self.tk.call(self._w, "children", item or '') or ())
    ~~~~~~~~~~~~^^^^^^^^^^^^^^^^^^^^^^^^^^^^^^^^^
_tkinter.TclError: invalid command name ".!frame4.!canvas.!frame.!frame.!frame4.!frame2.!treeview"
2026-09-03 15:16:24 - ERROR - Dashboard refresh error: invalid command name ".!frame4.!canvas.!frame.!frame.!frame4.!frame2.!treeview"
Traceback (most recent call last):
  File "C:\Users\Erica Gallogo\OneDrive - National University\Desktop\MIDTERM\views\tracker_view.py", line 718, in load_data
    for item in self.tree.get_children():
                ~~~~~~~~~~~~~~~~~~~~~~^^
  File "C:\Users\Erica Gallogo\AppData\Local\Python\pythoncore-3.14-64\Lib\tkinter\ttk.py", line 1207, in get_children
    self.tk.call(self._w, "children", item or '') or ())
    ~~~~~~~~~~~~^^^^^^^^^^^^^^^^^^^^^^^^^^^^^^^^^
_tkinter.TclError: invalid command name ".!frame4.!canvas.!frame.!frame.!frame4.!frame2.!treeview"
2026-09-03 15:16:29 - ERROR - Dashboard refresh error: invalid command name ".!frame4.!canvas.!frame.!frame.!frame4.!frame2.!treeview"
Traceback (most recent call last):
  File "C:\Users\Erica Gallogo\OneDrive - National University\Desktop\MIDTERM\views\tracker_view.py", line 718, in load_data
    for item in self.tree.get_children():
                ~~~~~~~~~~~~~~~~~~~~~~^^
  File "C:\Users\Erica Gallogo\AppData\Local\Python\pythoncore-3.14-64\Lib\tkinter\ttk.py", line 1207, in get_children
    self.tk.call(self._w, "children", item or '') or ())
    ~~~~~~~~~~~~^^^^^^^^^^^^^^^^^^^^^^^^^^^^^^^^^
_tkinter.TclError: invalid command name ".!frame4.!canvas.!frame.!frame.!frame4.!frame2.!treeview"
2026-09-03 15:16:34 - ERROR - Dashboard refresh error: invalid command name ".!frame4.!canvas.!frame.!frame.!frame4.!frame2.!treeview"
Traceback (most recent call last):
  File "C:\Users\Erica Gallogo\OneDrive - National University\Desktop\MIDTERM\views\tracker_view.py", line 718, in load_data
    for item in self.tree.get_children():
                ~~~~~~~~~~~~~~~~~~~~~~^^
  File "C:\Users\Erica Gallogo\AppData\Local\Python\pythoncore-3.14-64\Lib\tkinter\ttk.py", line 1207, in get_children
    self.tk.call(self._w, "children", item or '') or ())
    ~~~~~~~~~~~~^^^^^^^^^^^^^^^^^^^^^^^^^^^^^^^^^
_tkinter.TclError: invalid command name ".!frame4.!canvas.!frame.!frame.!frame4.!frame2.!treeview"
2026-09-03 15:16:39 - ERROR - Dashboard refresh error: invalid command name ".!frame4.!canvas.!frame.!frame.!frame4.!frame2.!treeview"
Traceback (most recent call last):
  File "C:\Users\Erica Gallogo\OneDrive - National University\Desktop\MIDTERM\views\tracker_view.py", line 718, in load_data
    for item in self.tree.get_children():
                ~~~~~~~~~~~~~~~~~~~~~~^^
  File "C:\Users\Erica Gallogo\AppData\Local\Python\pythoncore-3.14-64\Lib\tkinter\ttk.py", line 1207, in get_children
    self.tk.call(self._w, "children", item or '') or ())
    ~~~~~~~~~~~~^^^^^^^^^^^^^^^^^^^^^^^^^^^^^^^^^
_tkinter.TclError: invalid command name ".!frame4.!canvas.!frame.!frame.!frame4.!frame2.!treeview"
2026-09-03 15:16:44 - ERROR - Dashboard refresh error: invalid command name ".!frame4.!canvas.!frame.!frame.!frame4.!frame2.!treeview"
Traceback (most recent call last):
  File "C:\Users\Erica Gallogo\OneDrive - National University\Desktop\MIDTERM\views\tracker_view.py", line 718, in load_data
    for item in self.tree.get_children():
                ~~~~~~~~~~~~~~~~~~~~~~^^
  File "C:\Users\Erica Gallogo\AppData\Local\Python\pythoncore-3.14-64\Lib\tkinter\ttk.py", line 1207, in get_children
    self.tk.call(self._w, "children", item or '') or ())
    ~~~~~~~~~~~~^^^^^^^^^^^^^^^^^^^^^^^^^^^^^^^^^
_tkinter.TclError: invalid command name ".!frame4.!canvas.!frame.!frame.!frame4.!frame2.!treeview"
2026-09-03 15:16:49 - ERROR - Dashboard refresh error: invalid command name ".!frame4.!canvas.!frame.!frame.!frame4.!frame2.!treeview"
Traceback (most recent call last):
  File "C:\Users\Erica Gallogo\OneDrive - National University\Desktop\MIDTERM\views\tracker_view.py", line 718, in load_data
    for item in self.tree.get_children():
                ~~~~~~~~~~~~~~~~~~~~~~^^
  File "C:\Users\Erica Gallogo\AppData\Local\Python\pythoncore-3.14-64\Lib\tkinter\ttk.py", line 1207, in get_children
    self.tk.call(self._w, "children", item or '') or ())
    ~~~~~~~~~~~~^^^^^^^^^^^^^^^^^^^^^^^^^^^^^^^^^
_tkinter.TclError: invalid command name ".!frame4.!canvas.!frame.!frame.!frame4.!frame2.!treeview"
2026-09-03 15:16:54 - ERROR - Dashboard refresh error: invalid command name ".!frame4.!canvas.!frame.!frame.!frame4.!frame2.!treeview"
Traceback (most recent call last):
  File "C:\Users\Erica Gallogo\OneDrive - National University\Desktop\MIDTERM\views\tracker_view.py", line 718, in load_data
    for item in self.tree.get_children():
                ~~~~~~~~~~~~~~~~~~~~~~^^
  File "C:\Users\Erica Gallogo\AppData\Local\Python\pythoncore-3.14-64\Lib\tkinter\ttk.py", line 1207, in get_children
    self.tk.call(self._w, "children", item or '') or ())
    ~~~~~~~~~~~~^^^^^^^^^^^^^^^^^^^^^^^^^^^^^^^^^
_tkinter.TclError: invalid command name ".!frame4.!canvas.!frame.!frame.!frame4.!frame2.!treeview"
2026-09-03 15:16:59 - ERROR - Dashboard refresh error: invalid command name ".!frame4.!canvas.!frame.!frame.!frame4.!frame2.!treeview"
Traceback (most recent call last):
  File "C:\Users\Erica Gallogo\OneDrive - National University\Desktop\MIDTERM\views\tracker_view.py", line 718, in load_data
    for item in self.tree.get_children():
                ~~~~~~~~~~~~~~~~~~~~~~^^
  File "C:\Users\Erica Gallogo\AppData\Local\Python\pythoncore-3.14-64\Lib\tkinter\ttk.py", line 1207, in get_children
    self.tk.call(self._w, "children", item or '') or ())
    ~~~~~~~~~~~~^^^^^^^^^^^^^^^^^^^^^^^^^^^^^^^^^
_tkinter.TclError: invalid command name ".!frame4.!canvas.!frame.!frame.!frame4.!frame2.!treeview"
2026-09-03 15:17:04 - ERROR - Dashboard refresh error: invalid command name ".!frame4.!canvas.!frame.!frame.!frame4.!frame2.!treeview"
Traceback (most recent call last):
  File "C:\Users\Erica Gallogo\OneDrive - National University\Desktop\MIDTERM\views\tracker_view.py", line 718, in load_data
    for item in self.tree.get_children():
                ~~~~~~~~~~~~~~~~~~~~~~^^
  File "C:\Users\Erica Gallogo\AppData\Local\Python\pythoncore-3.14-64\Lib\tkinter\ttk.py", line 1207, in get_children
    self.tk.call(self._w, "children", item or '') or ())
    ~~~~~~~~~~~~^^^^^^^^^^^^^^^^^^^^^^^^^^^^^^^^^
_tkinter.TclError: invalid command name ".!frame4.!canvas.!frame.!frame.!frame4.!frame2.!treeview"
2026-09-03 15:17:09 - ERROR - Dashboard refresh error: invalid command name ".!frame4.!canvas.!frame.!frame.!frame4.!frame2.!treeview"
Traceback (most recent call last):
  File "C:\Users\Erica Gallogo\OneDrive - National University\Desktop\MIDTERM\views\tracker_view.py", line 718, in load_data
    for item in self.tree.get_children():
                ~~~~~~~~~~~~~~~~~~~~~~^^
  File "C:\Users\Erica Gallogo\AppData\Local\Python\pythoncore-3.14-64\Lib\tkinter\ttk.py", line 1207, in get_children
    self.tk.call(self._w, "children", item or '') or ())
    ~~~~~~~~~~~~^^^^^^^^^^^^^^^^^^^^^^^^^^^^^^^^^
_tkinter.TclError: invalid command name ".!frame4.!canvas.!frame.!frame.!frame4.!frame2.!treeview"
2026-09-03 15:17:14 - ERROR - Dashboard refresh error: invalid command name ".!frame4.!canvas.!frame.!frame.!frame4.!frame2.!treeview"
Traceback (most recent call last):
  File "C:\Users\Erica Gallogo\OneDrive - National University\Desktop\MIDTERM\views\tracker_view.py", line 718, in load_data
    for item in self.tree.get_children():
                ~~~~~~~~~~~~~~~~~~~~~~^^
  File "C:\Users\Erica Gallogo\AppData\Local\Python\pythoncore-3.14-64\Lib\tkinter\ttk.py", line 1207, in get_children
    self.tk.call(self._w, "children", item or '') or ())
    ~~~~~~~~~~~~^^^^^^^^^^^^^^^^^^^^^^^^^^^^^^^^^
_tkinter.TclError: invalid command name ".!frame4.!canvas.!frame.!frame.!frame4.!frame2.!treeview"
2026-09-03 15:17:19 - ERROR - Dashboard refresh error: invalid command name ".!frame4.!canvas.!frame.!frame.!frame4.!frame2.!treeview"
Traceback (most recent call last):
  File "C:\Users\Erica Gallogo\OneDrive - National University\Desktop\MIDTERM\views\tracker_view.py", line 718, in load_data
    for item in self.tree.get_children():
                ~~~~~~~~~~~~~~~~~~~~~~^^
  File "C:\Users\Erica Gallogo\AppData\Local\Python\pythoncore-3.14-64\Lib\tkinter\ttk.py", line 1207, in get_children
    self.tk.call(self._w, "children", item or '') or ())
    ~~~~~~~~~~~~^^^^^^^^^^^^^^^^^^^^^^^^^^^^^^^^^
_tkinter.TclError: invalid command name ".!frame4.!canvas.!frame.!frame.!frame4.!frame2.!treeview"
2026-09-03 15:17:24 - ERROR - Dashboard refresh error: invalid command name ".!frame4.!canvas.!frame.!frame.!frame4.!frame2.!treeview"
Traceback (most recent call last):
  File "C:\Users\Erica Gallogo\OneDrive - National University\Desktop\MIDTERM\views\tracker_view.py", line 718, in load_data
    for item in self.tree.get_children():
                ~~~~~~~~~~~~~~~~~~~~~~^^
  File "C:\Users\Erica Gallogo\AppData\Local\Python\pythoncore-3.14-64\Lib\tkinter\ttk.py", line 1207, in get_children
    self.tk.call(self._w, "children", item or '') or ())
    ~~~~~~~~~~~~^^^^^^^^^^^^^^^^^^^^^^^^^^^^^^^^^
_tkinter.TclError: invalid command name ".!frame4.!canvas.!frame.!frame.!frame4.!frame2.!treeview"
2026-09-03 15:17:29 - ERROR - Dashboard refresh error: invalid command name ".!frame4.!canvas.!frame.!frame.!frame4.!frame2.!treeview"
Traceback (most recent call last):
  File "C:\Users\Erica Gallogo\OneDrive - National University\Desktop\MIDTERM\views\tracker_view.py", line 718, in load_data
    for item in self.tree.get_children():
                ~~~~~~~~~~~~~~~~~~~~~~^^
  File "C:\Users\Erica Gallogo\AppData\Local\Python\pythoncore-3.14-64\Lib\tkinter\ttk.py", line 1207, in get_children
    self.tk.call(self._w, "children", item or '') or ())
    ~~~~~~~~~~~~^^^^^^^^^^^^^^^^^^^^^^^^^^^^^^^^^
_tkinter.TclError: invalid command name ".!frame4.!canvas.!frame.!frame.!frame4.!frame2.!treeview"
2026-09-03 15:17:34 - ERROR - Dashboard refresh error: invalid command name ".!frame4.!canvas.!frame.!frame.!frame4.!frame2.!treeview"
Traceback (most recent call last):
  File "C:\Users\Erica Gallogo\OneDrive - National University\Desktop\MIDTERM\views\tracker_view.py", line 718, in load_data
    for item in self.tree.get_children():
                ~~~~~~~~~~~~~~~~~~~~~~^^
  File "C:\Users\Erica Gallogo\AppData\Local\Python\pythoncore-3.14-64\Lib\tkinter\ttk.py", line 1207, in get_children
    self.tk.call(self._w, "children", item or '') or ())
    ~~~~~~~~~~~~^^^^^^^^^^^^^^^^^^^^^^^^^^^^^^^^^
_tkinter.TclError: invalid command name ".!frame4.!canvas.!frame.!frame.!frame4.!frame2.!treeview"
2026-09-03 15:17:39 - ERROR - Dashboard refresh error: invalid command name ".!frame4.!canvas.!frame.!frame.!frame4.!frame2.!treeview"
Traceback (most recent call last):
  File "C:\Users\Erica Gallogo\OneDrive - National University\Desktop\MIDTERM\views\tracker_view.py", line 718, in load_data
    for item in self.tree.get_children():
                ~~~~~~~~~~~~~~~~~~~~~~^^
  File "C:\Users\Erica Gallogo\AppData\Local\Python\pythoncore-3.14-64\Lib\tkinter\ttk.py", line 1207, in get_children
    self.tk.call(self._w, "children", item or '') or ())
    ~~~~~~~~~~~~^^^^^^^^^^^^^^^^^^^^^^^^^^^^^^^^^
_tkinter.TclError: invalid command name ".!frame4.!canvas.!frame.!frame.!frame4.!frame2.!treeview"
2026-09-03 15:17:44 - ERROR - Dashboard refresh error: invalid command name ".!frame4.!canvas.!frame.!frame.!frame4.!frame2.!treeview"
Traceback (most recent call last):
  File "C:\Users\Erica Gallogo\OneDrive - National University\Desktop\MIDTERM\views\tracker_view.py", line 718, in load_data
    for item in self.tree.get_children():
                ~~~~~~~~~~~~~~~~~~~~~~^^
  File "C:\Users\Erica Gallogo\AppData\Local\Python\pythoncore-3.14-64\Lib\tkinter\ttk.py", line 1207, in get_children
    self.tk.call(self._w, "children", item or '') or ())
    ~~~~~~~~~~~~^^^^^^^^^^^^^^^^^^^^^^^^^^^^^^^^^
_tkinter.TclError: invalid command name ".!frame4.!canvas.!frame.!frame.!frame4.!frame2.!treeview"
2026-09-03 15:17:49 - ERROR - Dashboard refresh error: invalid command name ".!frame4.!canvas.!frame.!frame.!frame4.!frame2.!treeview"
Traceback (most recent call last):
  File "C:\Users\Erica Gallogo\OneDrive - National University\Desktop\MIDTERM\views\tracker_view.py", line 718, in load_data
    for item in self.tree.get_children():
                ~~~~~~~~~~~~~~~~~~~~~~^^
  File "C:\Users\Erica Gallogo\AppData\Local\Python\pythoncore-3.14-64\Lib\tkinter\ttk.py", line 1207, in get_children
    self.tk.call(self._w, "children", item or '') or ())
    ~~~~~~~~~~~~^^^^^^^^^^^^^^^^^^^^^^^^^^^^^^^^^
_tkinter.TclError: invalid command name ".!frame4.!canvas.!frame.!frame.!frame4.!frame2.!treeview"
2026-09-03 15:17:54 - ERROR - Dashboard refresh error: invalid command name ".!frame4.!canvas.!frame.!frame.!frame4.!frame2.!treeview"
Traceback (most recent call last):
  File "C:\Users\Erica Gallogo\OneDrive - National University\Desktop\MIDTERM\views\tracker_view.py", line 718, in load_data
    for item in self.tree.get_children():
                ~~~~~~~~~~~~~~~~~~~~~~^^
  File "C:\Users\Erica Gallogo\AppData\Local\Python\pythoncore-3.14-64\Lib\tkinter\ttk.py", line 1207, in get_children
    self.tk.call(self._w, "children", item or '') or ())
    ~~~~~~~~~~~~^^^^^^^^^^^^^^^^^^^^^^^^^^^^^^^^^
_tkinter.TclError: invalid command name ".!frame4.!canvas.!frame.!frame.!frame4.!frame2.!treeview"
2026-09-03 15:17:59 - ERROR - Dashboard refresh error: invalid command name ".!frame4.!canvas.!frame.!frame.!frame4.!frame2.!treeview"
Traceback (most recent call last):
  File "C:\Users\Erica Gallogo\OneDrive - National University\Desktop\MIDTERM\views\tracker_view.py", line 718, in load_data
    for item in self.tree.get_children():
                ~~~~~~~~~~~~~~~~~~~~~~^^
  File "C:\Users\Erica Gallogo\AppData\Local\Python\pythoncore-3.14-64\Lib\tkinter\ttk.py", line 1207, in get_children
    self.tk.call(self._w, "children", item or '') or ())
    ~~~~~~~~~~~~^^^^^^^^^^^^^^^^^^^^^^^^^^^^^^^^^
_tkinter.TclError: invalid command name ".!frame4.!canvas.!frame.!frame.!frame4.!frame2.!treeview"
2026-09-03 15:18:04 - ERROR - Dashboard refresh error: invalid command name ".!frame4.!canvas.!frame.!frame.!frame4.!frame2.!treeview"
Traceback (most recent call last):
  File "C:\Users\Erica Gallogo\OneDrive - National University\Desktop\MIDTERM\views\tracker_view.py", line 718, in load_data
    for item in self.tree.get_children():
                ~~~~~~~~~~~~~~~~~~~~~~^^
  File "C:\Users\Erica Gallogo\AppData\Local\Python\pythoncore-3.14-64\Lib\tkinter\ttk.py", line 1207, in get_children
    self.tk.call(self._w, "children", item or '') or ())
    ~~~~~~~~~~~~^^^^^^^^^^^^^^^^^^^^^^^^^^^^^^^^^
_tkinter.TclError: invalid command name ".!frame4.!canvas.!frame.!frame.!frame4.!frame2.!treeview"
2026-09-03 15:18:09 - ERROR - Dashboard refresh error: invalid command name ".!frame4.!canvas.!frame.!frame.!frame4.!frame2.!treeview"
Traceback (most recent call last):
  File "C:\Users\Erica Gallogo\OneDrive - National University\Desktop\MIDTERM\views\tracker_view.py", line 718, in load_data
    for item in self.tree.get_children():
                ~~~~~~~~~~~~~~~~~~~~~~^^
  File "C:\Users\Erica Gallogo\AppData\Local\Python\pythoncore-3.14-64\Lib\tkinter\ttk.py", line 1207, in get_children
    self.tk.call(self._w, "children", item or '') or ())
    ~~~~~~~~~~~~^^^^^^^^^^^^^^^^^^^^^^^^^^^^^^^^^
_tkinter.TclError: invalid command name ".!frame4.!canvas.!frame.!frame.!frame4.!frame2.!treeview"
2026-09-03 15:18:14 - ERROR - Dashboard refresh error: invalid command name ".!frame4.!canvas.!frame.!frame.!frame4.!frame2.!treeview"
Traceback (most recent call last):
  File "C:\Users\Erica Gallogo\OneDrive - National University\Desktop\MIDTERM\views\tracker_view.py", line 718, in load_data
    for item in self.tree.get_children():
                ~~~~~~~~~~~~~~~~~~~~~~^^
  File "C:\Users\Erica Gallogo\AppData\Local\Python\pythoncore-3.14-64\Lib\tkinter\ttk.py", line 1207, in get_children
    self.tk.call(self._w, "children", item or '') or ())
    ~~~~~~~~~~~~^^^^^^^^^^^^^^^^^^^^^^^^^^^^^^^^^
_tkinter.TclError: invalid command name ".!frame4.!canvas.!frame.!frame.!frame4.!frame2.!treeview"
2026-09-03 15:18:19 - ERROR - Dashboard refresh error: invalid command name ".!frame4.!canvas.!frame.!frame.!frame4.!frame2.!treeview"
Traceback (most recent call last):
  File "C:\Users\Erica Gallogo\OneDrive - National University\Desktop\MIDTERM\views\tracker_view.py", line 718, in load_data
    for item in self.tree.get_children():
                ~~~~~~~~~~~~~~~~~~~~~~^^
  File "C:\Users\Erica Gallogo\AppData\Local\Python\pythoncore-3.14-64\Lib\tkinter\ttk.py", line 1207, in get_children
    self.tk.call(self._w, "children", item or '') or ())
    ~~~~~~~~~~~~^^^^^^^^^^^^^^^^^^^^^^^^^^^^^^^^^
_tkinter.TclError: invalid command name ".!frame4.!canvas.!frame.!frame.!frame4.!frame2.!treeview"
2026-09-03 15:18:24 - ERROR - Dashboard refresh error: invalid command name ".!frame4.!canvas.!frame.!frame.!frame4.!frame2.!treeview"
Traceback (most recent call last):
  File "C:\Users\Erica Gallogo\OneDrive - National University\Desktop\MIDTERM\views\tracker_view.py", line 718, in load_data
    for item in self.tree.get_children():
                ~~~~~~~~~~~~~~~~~~~~~~^^
  File "C:\Users\Erica Gallogo\AppData\Local\Python\pythoncore-3.14-64\Lib\tkinter\ttk.py", line 1207, in get_children
    self.tk.call(self._w, "children", item or '') or ())
    ~~~~~~~~~~~~^^^^^^^^^^^^^^^^^^^^^^^^^^^^^^^^^
_tkinter.TclError: invalid command name ".!frame4.!canvas.!frame.!frame.!frame4.!frame2.!treeview"
2026-09-03 15:18:29 - ERROR - Dashboard refresh error: invalid command name ".!frame4.!canvas.!frame.!frame.!frame4.!frame2.!treeview"
Traceback (most recent call last):
  File "C:\Users\Erica Gallogo\OneDrive - National University\Desktop\MIDTERM\views\tracker_view.py", line 718, in load_data
    for item in self.tree.get_children():
                ~~~~~~~~~~~~~~~~~~~~~~^^
  File "C:\Users\Erica Gallogo\AppData\Local\Python\pythoncore-3.14-64\Lib\tkinter\ttk.py", line 1207, in get_children
    self.tk.call(self._w, "children", item or '') or ())
    ~~~~~~~~~~~~^^^^^^^^^^^^^^^^^^^^^^^^^^^^^^^^^
_tkinter.TclError: invalid command name ".!frame4.!canvas.!frame.!frame.!frame4.!frame2.!treeview"
2026-09-03 15:18:35 - ERROR - Dashboard refresh error: invalid command name ".!frame4.!canvas.!frame.!frame.!frame4.!frame2.!treeview"
Traceback (most recent call last):
  File "C:\Users\Erica Gallogo\OneDrive - National University\Desktop\MIDTERM\views\tracker_view.py", line 718, in load_data
    for item in self.tree.get_children():
                ~~~~~~~~~~~~~~~~~~~~~~^^
  File "C:\Users\Erica Gallogo\AppData\Local\Python\pythoncore-3.14-64\Lib\tkinter\ttk.py", line 1207, in get_children
    self.tk.call(self._w, "children", item or '') or ())
    ~~~~~~~~~~~~^^^^^^^^^^^^^^^^^^^^^^^^^^^^^^^^^
_tkinter.TclError: invalid command name ".!frame4.!canvas.!frame.!frame.!frame4.!frame2.!treeview"
2026-09-03 15:18:40 - ERROR - Dashboard refresh error: invalid command name ".!frame4.!canvas.!frame.!frame.!frame4.!frame2.!treeview"
Traceback (most recent call last):
  File "C:\Users\Erica Gallogo\OneDrive - National University\Desktop\MIDTERM\views\tracker_view.py", line 718, in load_data
    for item in self.tree.get_children():
                ~~~~~~~~~~~~~~~~~~~~~~^^
  File "C:\Users\Erica Gallogo\AppData\Local\Python\pythoncore-3.14-64\Lib\tkinter\ttk.py", line 1207, in get_children
    self.tk.call(self._w, "children", item or '') or ())
    ~~~~~~~~~~~~^^^^^^^^^^^^^^^^^^^^^^^^^^^^^^^^^
_tkinter.TclError: invalid command name ".!frame4.!canvas.!frame.!frame.!frame4.!frame2.!treeview"
2026-09-03 15:18:45 - ERROR - Dashboard refresh error: invalid command name ".!frame4.!canvas.!frame.!frame.!frame4.!frame2.!treeview"
Traceback (most recent call last):
  File "C:\Users\Erica Gallogo\OneDrive - National University\Desktop\MIDTERM\views\tracker_view.py", line 718, in load_data
    for item in self.tree.get_children():
                ~~~~~~~~~~~~~~~~~~~~~~^^
  File "C:\Users\Erica Gallogo\AppData\Local\Python\pythoncore-3.14-64\Lib\tkinter\ttk.py", line 1207, in get_children
    self.tk.call(self._w, "children", item or '') or ())
    ~~~~~~~~~~~~^^^^^^^^^^^^^^^^^^^^^^^^^^^^^^^^^
_tkinter.TclError: invalid command name ".!frame4.!canvas.!frame.!frame.!frame4.!frame2.!treeview"
2026-09-03 15:18:50 - ERROR - Dashboard refresh error: invalid command name ".!frame4.!canvas.!frame.!frame.!frame4.!frame2.!treeview"
Traceback (most recent call last):
  File "C:\Users\Erica Gallogo\OneDrive - National University\Desktop\MIDTERM\views\tracker_view.py", line 718, in load_data
    for item in self.tree.get_children():
                ~~~~~~~~~~~~~~~~~~~~~~^^
  File "C:\Users\Erica Gallogo\AppData\Local\Python\pythoncore-3.14-64\Lib\tkinter\ttk.py", line 1207, in get_children
    self.tk.call(self._w, "children", item or '') or ())
    ~~~~~~~~~~~~^^^^^^^^^^^^^^^^^^^^^^^^^^^^^^^^^
_tkinter.TclError: invalid command name ".!frame4.!canvas.!frame.!frame.!frame4.!frame2.!treeview"
2026-09-03 15:18:55 - ERROR - Dashboard refresh error: invalid command name ".!frame4.!canvas.!frame.!frame.!frame4.!frame2.!treeview"
Traceback (most recent call last):
  File "C:\Users\Erica Gallogo\OneDrive - National University\Desktop\MIDTERM\views\tracker_view.py", line 718, in load_data
    for item in self.tree.get_children():
                ~~~~~~~~~~~~~~~~~~~~~~^^
  File "C:\Users\Erica Gallogo\AppData\Local\Python\pythoncore-3.14-64\Lib\tkinter\ttk.py", line 1207, in get_children
    self.tk.call(self._w, "children", item or '') or ())
    ~~~~~~~~~~~~^^^^^^^^^^^^^^^^^^^^^^^^^^^^^^^^^
_tkinter.TclError: invalid command name ".!frame4.!canvas.!frame.!frame.!frame4.!frame2.!treeview"
2026-09-03 15:19:00 - ERROR - Dashboard refresh error: invalid command name ".!frame4.!canvas.!frame.!frame.!frame4.!frame2.!treeview"
Traceback (most recent call last):
  File "C:\Users\Erica Gallogo\OneDrive - National University\Desktop\MIDTERM\views\tracker_view.py", line 718, in load_data
    for item in self.tree.get_children():
                ~~~~~~~~~~~~~~~~~~~~~~^^
  File "C:\Users\Erica Gallogo\AppData\Local\Python\pythoncore-3.14-64\Lib\tkinter\ttk.py", line 1207, in get_children
    self.tk.call(self._w, "children", item or '') or ())
    ~~~~~~~~~~~~^^^^^^^^^^^^^^^^^^^^^^^^^^^^^^^^^
_tkinter.TclError: invalid command name ".!frame4.!canvas.!frame.!frame.!frame4.!frame2.!treeview"
2026-09-03 15:19:05 - ERROR - Dashboard refresh error: invalid command name ".!frame4.!canvas.!frame.!frame.!frame4.!frame2.!treeview"
Traceback (most recent call last):
  File "C:\Users\Erica Gallogo\OneDrive - National University\Desktop\MIDTERM\views\tracker_view.py", line 718, in load_data
    for item in self.tree.get_children():
                ~~~~~~~~~~~~~~~~~~~~~~^^
  File "C:\Users\Erica Gallogo\AppData\Local\Python\pythoncore-3.14-64\Lib\tkinter\ttk.py", line 1207, in get_children
    self.tk.call(self._w, "children", item or '') or ())
    ~~~~~~~~~~~~^^^^^^^^^^^^^^^^^^^^^^^^^^^^^^^^^
_tkinter.TclError: invalid command name ".!frame4.!canvas.!frame.!frame.!frame4.!frame2.!treeview"
2026-09-03 15:19:10 - ERROR - Dashboard refresh error: invalid command name ".!frame4.!canvas.!frame.!frame.!frame4.!frame2.!treeview"
Traceback (most recent call last):
  File "C:\Users\Erica Gallogo\OneDrive - National University\Desktop\MIDTERM\views\tracker_view.py", line 718, in load_data
    for item in self.tree.get_children():
                ~~~~~~~~~~~~~~~~~~~~~~^^
  File "C:\Users\Erica Gallogo\AppData\Local\Python\pythoncore-3.14-64\Lib\tkinter\ttk.py", line 1207, in get_children
    self.tk.call(self._w, "children", item or '') or ())
    ~~~~~~~~~~~~^^^^^^^^^^^^^^^^^^^^^^^^^^^^^^^^^
_tkinter.TclError: invalid command name ".!frame4.!canvas.!frame.!frame.!frame4.!frame2.!treeview"
2026-09-03 15:19:15 - ERROR - Dashboard refresh error: invalid command name ".!frame4.!canvas.!frame.!frame.!frame4.!frame2.!treeview"
Traceback (most recent call last):
  File "C:\Users\Erica Gallogo\OneDrive - National University\Desktop\MIDTERM\views\tracker_view.py", line 718, in load_data
    for item in self.tree.get_children():
                ~~~~~~~~~~~~~~~~~~~~~~^^
  File "C:\Users\Erica Gallogo\AppData\Local\Python\pythoncore-3.14-64\Lib\tkinter\ttk.py", line 1207, in get_children
    self.tk.call(self._w, "children", item or '') or ())
    ~~~~~~~~~~~~^^^^^^^^^^^^^^^^^^^^^^^^^^^^^^^^^
_tkinter.TclError: invalid command name ".!frame4.!canvas.!frame.!frame.!frame4.!frame2.!treeview"
2026-09-03 15:19:20 - ERROR - Dashboard refresh error: invalid command name ".!frame4.!canvas.!frame.!frame.!frame4.!frame2.!treeview"
Traceback (most recent call last):
  File "C:\Users\Erica Gallogo\OneDrive - National University\Desktop\MIDTERM\views\tracker_view.py", line 718, in load_data
    for item in self.tree.get_children():
                ~~~~~~~~~~~~~~~~~~~~~~^^
  File "C:\Users\Erica Gallogo\AppData\Local\Python\pythoncore-3.14-64\Lib\tkinter\ttk.py", line 1207, in get_children
    self.tk.call(self._w, "children", item or '') or ())
    ~~~~~~~~~~~~^^^^^^^^^^^^^^^^^^^^^^^^^^^^^^^^^
_tkinter.TclError: invalid command name ".!frame4.!canvas.!frame.!frame.!frame4.!frame2.!treeview"
2026-09-03 15:19:25 - ERROR - Dashboard refresh error: invalid command name ".!frame4.!canvas.!frame.!frame.!frame4.!frame2.!treeview"
Traceback (most recent call last):
  File "C:\Users\Erica Gallogo\OneDrive - National University\Desktop\MIDTERM\views\tracker_view.py", line 718, in load_data
    for item in self.tree.get_children():
                ~~~~~~~~~~~~~~~~~~~~~~^^
  File "C:\Users\Erica Gallogo\AppData\Local\Python\pythoncore-3.14-64\Lib\tkinter\ttk.py", line 1207, in get_children
    self.tk.call(self._w, "children", item or '') or ())
    ~~~~~~~~~~~~^^^^^^^^^^^^^^^^^^^^^^^^^^^^^^^^^
_tkinter.TclError: invalid command name ".!frame4.!canvas.!frame.!frame.!frame4.!frame2.!treeview"
2026-09-03 15:19:30 - ERROR - Dashboard refresh error: invalid command name ".!frame4.!canvas.!frame.!frame.!frame4.!frame2.!treeview"
Traceback (most recent call last):
  File "C:\Users\Erica Gallogo\OneDrive - National University\Desktop\MIDTERM\views\tracker_view.py", line 718, in load_data
    for item in self.tree.get_children():
                ~~~~~~~~~~~~~~~~~~~~~~^^
  File "C:\Users\Erica Gallogo\AppData\Local\Python\pythoncore-3.14-64\Lib\tkinter\ttk.py", line 1207, in get_children
    self.tk.call(self._w, "children", item or '') or ())
    ~~~~~~~~~~~~^^^^^^^^^^^^^^^^^^^^^^^^^^^^^^^^^
_tkinter.TclError: invalid command name ".!frame4.!canvas.!frame.!frame.!frame4.!frame2.!treeview"
2026-09-03 15:19:35 - ERROR - Dashboard refresh error: invalid command name ".!frame4.!canvas.!frame.!frame.!frame4.!frame2.!treeview"
Traceback (most recent call last):
  File "C:\Users\Erica Gallogo\OneDrive - National University\Desktop\MIDTERM\views\tracker_view.py", line 718, in load_data
    for item in self.tree.get_children():
                ~~~~~~~~~~~~~~~~~~~~~~^^
  File "C:\Users\Erica Gallogo\AppData\Local\Python\pythoncore-3.14-64\Lib\tkinter\ttk.py", line 1207, in get_children
    self.tk.call(self._w, "children", item or '') or ())
    ~~~~~~~~~~~~^^^^^^^^^^^^^^^^^^^^^^^^^^^^^^^^^
_tkinter.TclError: invalid command name ".!frame4.!canvas.!frame.!frame.!frame4.!frame2.!treeview"
2026-09-03 15:19:40 - ERROR - Dashboard refresh error: invalid command name ".!frame4.!canvas.!frame.!frame.!frame4.!frame2.!treeview"
Traceback (most recent call last):
  File "C:\Users\Erica Gallogo\OneDrive - National University\Desktop\MIDTERM\views\tracker_view.py", line 718, in load_data
    for item in self.tree.get_children():
                ~~~~~~~~~~~~~~~~~~~~~~^^
  File "C:\Users\Erica Gallogo\AppData\Local\Python\pythoncore-3.14-64\Lib\tkinter\ttk.py", line 1207, in get_children
    self.tk.call(self._w, "children", item or '') or ())
    ~~~~~~~~~~~~^^^^^^^^^^^^^^^^^^^^^^^^^^^^^^^^^
_tkinter.TclError: invalid command name ".!frame4.!canvas.!frame.!frame.!frame4.!frame2.!treeview"
2026-09-03 15:19:45 - ERROR - Dashboard refresh error: invalid command name ".!frame4.!canvas.!frame.!frame.!frame4.!frame2.!treeview"
Traceback (most recent call last):
  File "C:\Users\Erica Gallogo\OneDrive - National University\Desktop\MIDTERM\views\tracker_view.py", line 718, in load_data
    for item in self.tree.get_children():
                ~~~~~~~~~~~~~~~~~~~~~~^^
  File "C:\Users\Erica Gallogo\AppData\Local\Python\pythoncore-3.14-64\Lib\tkinter\ttk.py", line 1207, in get_children
    self.tk.call(self._w, "children", item or '') or ())
    ~~~~~~~~~~~~^^^^^^^^^^^^^^^^^^^^^^^^^^^^^^^^^
_tkinter.TclError: invalid command name ".!frame4.!canvas.!frame.!frame.!frame4.!frame2.!treeview"
2026-09-03 15:19:50 - ERROR - Dashboard refresh error: invalid command name ".!frame4.!canvas.!frame.!frame.!frame4.!frame2.!treeview"
Traceback (most recent call last):
  File "C:\Users\Erica Gallogo\OneDrive - National University\Desktop\MIDTERM\views\tracker_view.py", line 718, in load_data
    for item in self.tree.get_children():
                ~~~~~~~~~~~~~~~~~~~~~~^^
  File "C:\Users\Erica Gallogo\AppData\Local\Python\pythoncore-3.14-64\Lib\tkinter\ttk.py", line 1207, in get_children
    self.tk.call(self._w, "children", item or '') or ())
    ~~~~~~~~~~~~^^^^^^^^^^^^^^^^^^^^^^^^^^^^^^^^^
_tkinter.TclError: invalid command name ".!frame4.!canvas.!frame.!frame.!frame4.!frame2.!treeview"
2026-09-03 15:19:55 - ERROR - Dashboard refresh error: invalid command name ".!frame4.!canvas.!frame.!frame.!frame4.!frame2.!treeview"
Traceback (most recent call last):
  File "C:\Users\Erica Gallogo\OneDrive - National University\Desktop\MIDTERM\views\tracker_view.py", line 718, in load_data
    for item in self.tree.get_children():
                ~~~~~~~~~~~~~~~~~~~~~~^^
  File "C:\Users\Erica Gallogo\AppData\Local\Python\pythoncore-3.14-64\Lib\tkinter\ttk.py", line 1207, in get_children
    self.tk.call(self._w, "children", item or '') or ())
    ~~~~~~~~~~~~^^^^^^^^^^^^^^^^^^^^^^^^^^^^^^^^^
_tkinter.TclError: invalid command name ".!frame4.!canvas.!frame.!frame.!frame4.!frame2.!treeview"
2026-09-03 15:20:00 - ERROR - Dashboard refresh error: invalid command name ".!frame4.!canvas.!frame.!frame.!frame4.!frame2.!treeview"
Traceback (most recent call last):
  File "C:\Users\Erica Gallogo\OneDrive - National University\Desktop\MIDTERM\views\tracker_view.py", line 718, in load_data
    for item in self.tree.get_children():
                ~~~~~~~~~~~~~~~~~~~~~~^^
  File "C:\Users\Erica Gallogo\AppData\Local\Python\pythoncore-3.14-64\Lib\tkinter\ttk.py", line 1207, in get_children
    self.tk.call(self._w, "children", item or '') or ())
    ~~~~~~~~~~~~^^^^^^^^^^^^^^^^^^^^^^^^^^^^^^^^^
_tkinter.TclError: invalid command name ".!frame4.!canvas.!frame.!frame.!frame4.!frame2.!treeview"
2026-09-03 15:20:05 - ERROR - Dashboard refresh error: invalid command name ".!frame4.!canvas.!frame.!frame.!frame4.!frame2.!treeview"
Traceback (most recent call last):
  File "C:\Users\Erica Gallogo\OneDrive - National University\Desktop\MIDTERM\views\tracker_view.py", line 718, in load_data
    for item in self.tree.get_children():
                ~~~~~~~~~~~~~~~~~~~~~~^^
  File "C:\Users\Erica Gallogo\AppData\Local\Python\pythoncore-3.14-64\Lib\tkinter\ttk.py", line 1207, in get_children
    self.tk.call(self._w, "children", item or '') or ())
    ~~~~~~~~~~~~^^^^^^^^^^^^^^^^^^^^^^^^^^^^^^^^^
_tkinter.TclError: invalid command name ".!frame4.!canvas.!frame.!frame.!frame4.!frame2.!treeview"
2026-09-03 15:20:10 - ERROR - Dashboard refresh error: invalid command name ".!frame4.!canvas.!frame.!frame.!frame4.!frame2.!treeview"
Traceback (most recent call last):
  File "C:\Users\Erica Gallogo\OneDrive - National University\Desktop\MIDTERM\views\tracker_view.py", line 718, in load_data
    for item in self.tree.get_children():
                ~~~~~~~~~~~~~~~~~~~~~~^^
  File "C:\Users\Erica Gallogo\AppData\Local\Python\pythoncore-3.14-64\Lib\tkinter\ttk.py", line 1207, in get_children
    self.tk.call(self._w, "children", item or '') or ())
    ~~~~~~~~~~~~^^^^^^^^^^^^^^^^^^^^^^^^^^^^^^^^^
_tkinter.TclError: invalid command name ".!frame4.!canvas.!frame.!frame.!frame4.!frame2.!treeview"
2026-09-03 15:20:15 - ERROR - Dashboard refresh error: invalid command name ".!frame4.!canvas.!frame.!frame.!frame4.!frame2.!treeview"
Traceback (most recent call last):
  File "C:\Users\Erica Gallogo\OneDrive - National University\Desktop\MIDTERM\views\tracker_view.py", line 718, in load_data
    for item in self.tree.get_children():
                ~~~~~~~~~~~~~~~~~~~~~~^^
  File "C:\Users\Erica Gallogo\AppData\Local\Python\pythoncore-3.14-64\Lib\tkinter\ttk.py", line 1207, in get_children
    self.tk.call(self._w, "children", item or '') or ())
    ~~~~~~~~~~~~^^^^^^^^^^^^^^^^^^^^^^^^^^^^^^^^^
_tkinter.TclError: invalid command name ".!frame4.!canvas.!frame.!frame.!frame4.!frame2.!treeview"
2026-09-03 15:20:20 - ERROR - Dashboard refresh error: invalid command name ".!frame4.!canvas.!frame.!frame.!frame4.!frame2.!treeview"
Traceback (most recent call last):
  File "C:\Users\Erica Gallogo\OneDrive - National University\Desktop\MIDTERM\views\tracker_view.py", line 718, in load_data
    for item in self.tree.get_children():
                ~~~~~~~~~~~~~~~~~~~~~~^^
  File "C:\Users\Erica Gallogo\AppData\Local\Python\pythoncore-3.14-64\Lib\tkinter\ttk.py", line 1207, in get_children
    self.tk.call(self._w, "children", item or '') or ())
    ~~~~~~~~~~~~^^^^^^^^^^^^^^^^^^^^^^^^^^^^^^^^^
_tkinter.TclError: invalid command name ".!frame4.!canvas.!frame.!frame.!frame4.!frame2.!treeview"
2026-09-03 15:20:25 - ERROR - Dashboard refresh error: invalid command name ".!frame4.!canvas.!frame.!frame.!frame4.!frame2.!treeview"
Traceback (most recent call last):
  File "C:\Users\Erica Gallogo\OneDrive - National University\Desktop\MIDTERM\views\tracker_view.py", line 718, in load_data
    for item in self.tree.get_children():
                ~~~~~~~~~~~~~~~~~~~~~~^^
  File "C:\Users\Erica Gallogo\AppData\Local\Python\pythoncore-3.14-64\Lib\tkinter\ttk.py", line 1207, in get_children
    self.tk.call(self._w, "children", item or '') or ())
    ~~~~~~~~~~~~^^^^^^^^^^^^^^^^^^^^^^^^^^^^^^^^^
_tkinter.TclError: invalid command name ".!frame4.!canvas.!frame.!frame.!frame4.!frame2.!treeview"
2026-09-03 15:20:30 - ERROR - Dashboard refresh error: invalid command name ".!frame4.!canvas.!frame.!frame.!frame4.!frame2.!treeview"
Traceback (most recent call last):
  File "C:\Users\Erica Gallogo\OneDrive - National University\Desktop\MIDTERM\views\tracker_view.py", line 718, in load_data
    for item in self.tree.get_children():
                ~~~~~~~~~~~~~~~~~~~~~~^^
  File "C:\Users\Erica Gallogo\AppData\Local\Python\pythoncore-3.14-64\Lib\tkinter\ttk.py", line 1207, in get_children
    self.tk.call(self._w, "children", item or '') or ())
    ~~~~~~~~~~~~^^^^^^^^^^^^^^^^^^^^^^^^^^^^^^^^^
_tkinter.TclError: invalid command name ".!frame4.!canvas.!frame.!frame.!frame4.!frame2.!treeview"
2026-09-03 15:20:35 - ERROR - Dashboard refresh error: invalid command name ".!frame4.!canvas.!frame.!frame.!frame4.!frame2.!treeview"
Traceback (most recent call last):
  File "C:\Users\Erica Gallogo\OneDrive - National University\Desktop\MIDTERM\views\tracker_view.py", line 718, in load_data
    for item in self.tree.get_children():
                ~~~~~~~~~~~~~~~~~~~~~~^^
  File "C:\Users\Erica Gallogo\AppData\Local\Python\pythoncore-3.14-64\Lib\tkinter\ttk.py", line 1207, in get_children
    self.tk.call(self._w, "children", item or '') or ())
    ~~~~~~~~~~~~^^^^^^^^^^^^^^^^^^^^^^^^^^^^^^^^^
_tkinter.TclError: invalid command name ".!frame4.!canvas.!frame.!frame.!frame4.!frame2.!treeview"
2026-09-03 15:20:40 - ERROR - Dashboard refresh error: invalid command name ".!frame4.!canvas.!frame.!frame.!frame4.!frame2.!treeview"
Traceback (most recent call last):
  File "C:\Users\Erica Gallogo\OneDrive - National University\Desktop\MIDTERM\views\tracker_view.py", line 718, in load_data
    for item in self.tree.get_children():
                ~~~~~~~~~~~~~~~~~~~~~~^^
  File "C:\Users\Erica Gallogo\AppData\Local\Python\pythoncore-3.14-64\Lib\tkinter\ttk.py", line 1207, in get_children
    self.tk.call(self._w, "children", item or '') or ())
    ~~~~~~~~~~~~^^^^^^^^^^^^^^^^^^^^^^^^^^^^^^^^^
_tkinter.TclError: invalid command name ".!frame4.!canvas.!frame.!frame.!frame4.!frame2.!treeview"
2026-09-03 15:20:45 - ERROR - Dashboard refresh error: invalid command name ".!frame4.!canvas.!frame.!frame.!frame4.!frame2.!treeview"
Traceback (most recent call last):
  File "C:\Users\Erica Gallogo\OneDrive - National University\Desktop\MIDTERM\views\tracker_view.py", line 718, in load_data
    for item in self.tree.get_children():
                ~~~~~~~~~~~~~~~~~~~~~~^^
  File "C:\Users\Erica Gallogo\AppData\Local\Python\pythoncore-3.14-64\Lib\tkinter\ttk.py", line 1207, in get_children
    self.tk.call(self._w, "children", item or '') or ())
    ~~~~~~~~~~~~^^^^^^^^^^^^^^^^^^^^^^^^^^^^^^^^^
_tkinter.TclError: invalid command name ".!frame4.!canvas.!frame.!frame.!frame4.!frame2.!treeview"
2026-09-03 15:20:50 - ERROR - Dashboard refresh error: invalid command name ".!frame4.!canvas.!frame.!frame.!frame4.!frame2.!treeview"
Traceback (most recent call last):
  File "C:\Users\Erica Gallogo\OneDrive - National University\Desktop\MIDTERM\views\tracker_view.py", line 718, in load_data
    for item in self.tree.get_children():
                ~~~~~~~~~~~~~~~~~~~~~~^^
  File "C:\Users\Erica Gallogo\AppData\Local\Python\pythoncore-3.14-64\Lib\tkinter\ttk.py", line 1207, in get_children
    self.tk.call(self._w, "children", item or '') or ())
    ~~~~~~~~~~~~^^^^^^^^^^^^^^^^^^^^^^^^^^^^^^^^^
_tkinter.TclError: invalid command name ".!frame4.!canvas.!frame.!frame.!frame4.!frame2.!treeview"
2026-09-03 15:20:55 - ERROR - Dashboard refresh error: invalid command name ".!frame4.!canvas.!frame.!frame.!frame4.!frame2.!treeview"
Traceback (most recent call last):
  File "C:\Users\Erica Gallogo\OneDrive - National University\Desktop\MIDTERM\views\tracker_view.py", line 718, in load_data
    for item in self.tree.get_children():
                ~~~~~~~~~~~~~~~~~~~~~~^^
  File "C:\Users\Erica Gallogo\AppData\Local\Python\pythoncore-3.14-64\Lib\tkinter\ttk.py", line 1207, in get_children
    self.tk.call(self._w, "children", item or '') or ())
    ~~~~~~~~~~~~^^^^^^^^^^^^^^^^^^^^^^^^^^^^^^^^^
_tkinter.TclError: invalid command name ".!frame4.!canvas.!frame.!frame.!frame4.!frame2.!treeview"
2026-09-03 15:21:00 - ERROR - Dashboard refresh error: invalid command name ".!frame4.!canvas.!frame.!frame.!frame4.!frame2.!treeview"
Traceback (most recent call last):
  File "C:\Users\Erica Gallogo\OneDrive - National University\Desktop\MIDTERM\views\tracker_view.py", line 718, in load_data
    for item in self.tree.get_children():
                ~~~~~~~~~~~~~~~~~~~~~~^^
  File "C:\Users\Erica Gallogo\AppData\Local\Python\pythoncore-3.14-64\Lib\tkinter\ttk.py", line 1207, in get_children
    self.tk.call(self._w, "children", item or '') or ())
    ~~~~~~~~~~~~^^^^^^^^^^^^^^^^^^^^^^^^^^^^^^^^^
_tkinter.TclError: invalid command name ".!frame4.!canvas.!frame.!frame.!frame4.!frame2.!treeview"
2026-09-03 15:21:05 - ERROR - Dashboard refresh error: invalid command name ".!frame4.!canvas.!frame.!frame.!frame4.!frame2.!treeview"
Traceback (most recent call last):
  File "C:\Users\Erica Gallogo\OneDrive - National University\Desktop\MIDTERM\views\tracker_view.py", line 718, in load_data
    for item in self.tree.get_children():
                ~~~~~~~~~~~~~~~~~~~~~~^^
  File "C:\Users\Erica Gallogo\AppData\Local\Python\pythoncore-3.14-64\Lib\tkinter\ttk.py", line 1207, in get_children
    self.tk.call(self._w, "children", item or '') or ())
    ~~~~~~~~~~~~^^^^^^^^^^^^^^^^^^^^^^^^^^^^^^^^^
_tkinter.TclError: invalid command name ".!frame4.!canvas.!frame.!frame.!frame4.!frame2.!treeview"
2026-09-03 15:21:10 - ERROR - Dashboard refresh error: invalid command name ".!frame4.!canvas.!frame.!frame.!frame4.!frame2.!treeview"
Traceback (most recent call last):
  File "C:\Users\Erica Gallogo\OneDrive - National University\Desktop\MIDTERM\views\tracker_view.py", line 718, in load_data
    for item in self.tree.get_children():
                ~~~~~~~~~~~~~~~~~~~~~~^^
  File "C:\Users\Erica Gallogo\AppData\Local\Python\pythoncore-3.14-64\Lib\tkinter\ttk.py", line 1207, in get_children
    self.tk.call(self._w, "children", item or '') or ())
    ~~~~~~~~~~~~^^^^^^^^^^^^^^^^^^^^^^^^^^^^^^^^^
_tkinter.TclError: invalid command name ".!frame4.!canvas.!frame.!frame.!frame4.!frame2.!treeview"
2026-09-03 15:21:15 - ERROR - Dashboard refresh error: invalid command name ".!frame4.!canvas.!frame.!frame.!frame4.!frame2.!treeview"
Traceback (most recent call last):
  File "C:\Users\Erica Gallogo\OneDrive - National University\Desktop\MIDTERM\views\tracker_view.py", line 718, in load_data
    for item in self.tree.get_children():
                ~~~~~~~~~~~~~~~~~~~~~~^^
  File "C:\Users\Erica Gallogo\AppData\Local\Python\pythoncore-3.14-64\Lib\tkinter\ttk.py", line 1207, in get_children
    self.tk.call(self._w, "children", item or '') or ())
    ~~~~~~~~~~~~^^^^^^^^^^^^^^^^^^^^^^^^^^^^^^^^^
_tkinter.TclError: invalid command name ".!frame4.!canvas.!frame.!frame.!frame4.!frame2.!treeview"
2026-09-03 15:21:20 - ERROR - Dashboard refresh error: invalid command name ".!frame4.!canvas.!frame.!frame.!frame4.!frame2.!treeview"
Traceback (most recent call last):
  File "C:\Users\Erica Gallogo\OneDrive - National University\Desktop\MIDTERM\views\tracker_view.py", line 718, in load_data
    for item in self.tree.get_children():
                ~~~~~~~~~~~~~~~~~~~~~~^^
  File "C:\Users\Erica Gallogo\AppData\Local\Python\pythoncore-3.14-64\Lib\tkinter\ttk.py", line 1207, in get_children
    self.tk.call(self._w, "children", item or '') or ())
    ~~~~~~~~~~~~^^^^^^^^^^^^^^^^^^^^^^^^^^^^^^^^^
_tkinter.TclError: invalid command name ".!frame4.!canvas.!frame.!frame.!frame4.!frame2.!treeview"
2026-09-03 15:21:25 - ERROR - Dashboard refresh error: invalid command name ".!frame4.!canvas.!frame.!frame.!frame4.!frame2.!treeview"
Traceback (most recent call last):
  File "C:\Users\Erica Gallogo\OneDrive - National University\Desktop\MIDTERM\views\tracker_view.py", line 718, in load_data
    for item in self.tree.get_children():
                ~~~~~~~~~~~~~~~~~~~~~~^^
  File "C:\Users\Erica Gallogo\AppData\Local\Python\pythoncore-3.14-64\Lib\tkinter\ttk.py", line 1207, in get_children
    self.tk.call(self._w, "children", item or '') or ())
    ~~~~~~~~~~~~^^^^^^^^^^^^^^^^^^^^^^^^^^^^^^^^^
_tkinter.TclError: invalid command name ".!frame4.!canvas.!frame.!frame.!frame4.!frame2.!treeview"
2026-09-03 15:21:30 - ERROR - Dashboard refresh error: invalid command name ".!frame4.!canvas.!frame.!frame.!frame4.!frame2.!treeview"
Traceback (most recent call last):
  File "C:\Users\Erica Gallogo\OneDrive - National University\Desktop\MIDTERM\views\tracker_view.py", line 718, in load_data
    for item in self.tree.get_children():
                ~~~~~~~~~~~~~~~~~~~~~~^^
  File "C:\Users\Erica Gallogo\AppData\Local\Python\pythoncore-3.14-64\Lib\tkinter\ttk.py", line 1207, in get_children
    self.tk.call(self._w, "children", item or '') or ())
    ~~~~~~~~~~~~^^^^^^^^^^^^^^^^^^^^^^^^^^^^^^^^^
_tkinter.TclError: invalid command name ".!frame4.!canvas.!frame.!frame.!frame4.!frame2.!treeview"
2026-09-03 15:21:35 - ERROR - Dashboard refresh error: invalid command name ".!frame4.!canvas.!frame.!frame.!frame4.!frame2.!treeview"
Traceback (most recent call last):
  File "C:\Users\Erica Gallogo\OneDrive - National University\Desktop\MIDTERM\views\tracker_view.py", line 718, in load_data
    for item in self.tree.get_children():
                ~~~~~~~~~~~~~~~~~~~~~~^^
  File "C:\Users\Erica Gallogo\AppData\Local\Python\pythoncore-3.14-64\Lib\tkinter\ttk.py", line 1207, in get_children
    self.tk.call(self._w, "children", item or '') or ())
    ~~~~~~~~~~~~^^^^^^^^^^^^^^^^^^^^^^^^^^^^^^^^^
_tkinter.TclError: invalid command name ".!frame4.!canvas.!frame.!frame.!frame4.!frame2.!treeview"
2026-09-03 15:21:40 - ERROR - Dashboard refresh error: invalid command name ".!frame4.!canvas.!frame.!frame.!frame4.!frame2.!treeview"
Traceback (most recent call last):
  File "C:\Users\Erica Gallogo\OneDrive - National University\Desktop\MIDTERM\views\tracker_view.py", line 718, in load_data
    for item in self.tree.get_children():
                ~~~~~~~~~~~~~~~~~~~~~~^^
  File "C:\Users\Erica Gallogo\AppData\Local\Python\pythoncore-3.14-64\Lib\tkinter\ttk.py", line 1207, in get_children
    self.tk.call(self._w, "children", item or '') or ())
    ~~~~~~~~~~~~^^^^^^^^^^^^^^^^^^^^^^^^^^^^^^^^^
_tkinter.TclError: invalid command name ".!frame4.!canvas.!frame.!frame.!frame4.!frame2.!treeview"
2026-09-03 15:21:45 - ERROR - Dashboard refresh error: invalid command name ".!frame4.!canvas.!frame.!frame.!frame4.!frame2.!treeview"
Traceback (most recent call last):
  File "C:\Users\Erica Gallogo\OneDrive - National University\Desktop\MIDTERM\views\tracker_view.py", line 718, in load_data
    for item in self.tree.get_children():
                ~~~~~~~~~~~~~~~~~~~~~~^^
  File "C:\Users\Erica Gallogo\AppData\Local\Python\pythoncore-3.14-64\Lib\tkinter\ttk.py", line 1207, in get_children
    self.tk.call(self._w, "children", item or '') or ())
    ~~~~~~~~~~~~^^^^^^^^^^^^^^^^^^^^^^^^^^^^^^^^^
_tkinter.TclError: invalid command name ".!frame4.!canvas.!frame.!frame.!frame4.!frame2.!treeview"
2026-09-03 15:21:50 - ERROR - Dashboard refresh error: invalid command name ".!frame4.!canvas.!frame.!frame.!frame4.!frame2.!treeview"
Traceback (most recent call last):
  File "C:\Users\Erica Gallogo\OneDrive - National University\Desktop\MIDTERM\views\tracker_view.py", line 718, in load_data
    for item in self.tree.get_children():
                ~~~~~~~~~~~~~~~~~~~~~~^^
  File "C:\Users\Erica Gallogo\AppData\Local\Python\pythoncore-3.14-64\Lib\tkinter\ttk.py", line 1207, in get_children
    self.tk.call(self._w, "children", item or '') or ())
    ~~~~~~~~~~~~^^^^^^^^^^^^^^^^^^^^^^^^^^^^^^^^^
_tkinter.TclError: invalid command name ".!frame4.!canvas.!frame.!frame.!frame4.!frame2.!treeview"
2026-09-03 15:21:55 - ERROR - Dashboard refresh error: invalid command name ".!frame4.!canvas.!frame.!frame.!frame4.!frame2.!treeview"
Traceback (most recent call last):
  File "C:\Users\Erica Gallogo\OneDrive - National University\Desktop\MIDTERM\views\tracker_view.py", line 718, in load_data
    for item in self.tree.get_children():
                ~~~~~~~~~~~~~~~~~~~~~~^^
  File "C:\Users\Erica Gallogo\AppData\Local\Python\pythoncore-3.14-64\Lib\tkinter\ttk.py", line 1207, in get_children
    self.tk.call(self._w, "children", item or '') or ())
    ~~~~~~~~~~~~^^^^^^^^^^^^^^^^^^^^^^^^^^^^^^^^^
_tkinter.TclError: invalid command name ".!frame4.!canvas.!frame.!frame.!frame4.!frame2.!treeview"
2026-09-03 15:22:00 - ERROR - Dashboard refresh error: invalid command name ".!frame4.!canvas.!frame.!frame.!frame4.!frame2.!treeview"
Traceback (most recent call last):
  File "C:\Users\Erica Gallogo\OneDrive - National University\Desktop\MIDTERM\views\tracker_view.py", line 718, in load_data
    for item in self.tree.get_children():
                ~~~~~~~~~~~~~~~~~~~~~~^^
  File "C:\Users\Erica Gallogo\AppData\Local\Python\pythoncore-3.14-64\Lib\tkinter\ttk.py", line 1207, in get_children
    self.tk.call(self._w, "children", item or '') or ())
    ~~~~~~~~~~~~^^^^^^^^^^^^^^^^^^^^^^^^^^^^^^^^^
_tkinter.TclError: invalid command name ".!frame4.!canvas.!frame.!frame.!frame4.!frame2.!treeview"
2026-09-03 15:22:05 - ERROR - Dashboard refresh error: invalid command name ".!frame4.!canvas.!frame.!frame.!frame4.!frame2.!treeview"
Traceback (most recent call last):
  File "C:\Users\Erica Gallogo\OneDrive - National University\Desktop\MIDTERM\views\tracker_view.py", line 718, in load_data
    for item in self.tree.get_children():
                ~~~~~~~~~~~~~~~~~~~~~~^^
  File "C:\Users\Erica Gallogo\AppData\Local\Python\pythoncore-3.14-64\Lib\tkinter\ttk.py", line 1207, in get_children
    self.tk.call(self._w, "children", item or '') or ())
    ~~~~~~~~~~~~^^^^^^^^^^^^^^^^^^^^^^^^^^^^^^^^^
_tkinter.TclError: invalid command name ".!frame4.!canvas.!frame.!frame.!frame4.!frame2.!treeview"
2026-09-03 15:22:10 - ERROR - Dashboard refresh error: invalid command name ".!frame4.!canvas.!frame.!frame.!frame4.!frame2.!treeview"
Traceback (most recent call last):
  File "C:\Users\Erica Gallogo\OneDrive - National University\Desktop\MIDTERM\views\tracker_view.py", line 718, in load_data
    for item in self.tree.get_children():
                ~~~~~~~~~~~~~~~~~~~~~~^^
  File "C:\Users\Erica Gallogo\AppData\Local\Python\pythoncore-3.14-64\Lib\tkinter\ttk.py", line 1207, in get_children
    self.tk.call(self._w, "children", item or '') or ())
    ~~~~~~~~~~~~^^^^^^^^^^^^^^^^^^^^^^^^^^^^^^^^^
_tkinter.TclError: invalid command name ".!frame4.!canvas.!frame.!frame.!frame4.!frame2.!treeview"
2026-09-03 15:22:15 - ERROR - Dashboard refresh error: invalid command name ".!frame4.!canvas.!frame.!frame.!frame4.!frame2.!treeview"
Traceback (most recent call last):
  File "C:\Users\Erica Gallogo\OneDrive - National University\Desktop\MIDTERM\views\tracker_view.py", line 718, in load_data
    for item in self.tree.get_children():
                ~~~~~~~~~~~~~~~~~~~~~~^^
  File "C:\Users\Erica Gallogo\AppData\Local\Python\pythoncore-3.14-64\Lib\tkinter\ttk.py", line 1207, in get_children
    self.tk.call(self._w, "children", item or '') or ())
    ~~~~~~~~~~~~^^^^^^^^^^^^^^^^^^^^^^^^^^^^^^^^^
_tkinter.TclError: invalid command name ".!frame4.!canvas.!frame.!frame.!frame4.!frame2.!treeview"
2026-09-03 15:22:20 - ERROR - Dashboard refresh error: invalid command name ".!frame4.!canvas.!frame.!frame.!frame4.!frame2.!treeview"
Traceback (most recent call last):
  File "C:\Users\Erica Gallogo\OneDrive - National University\Desktop\MIDTERM\views\tracker_view.py", line 718, in load_data
    for item in self.tree.get_children():
                ~~~~~~~~~~~~~~~~~~~~~~^^
  File "C:\Users\Erica Gallogo\AppData\Local\Python\pythoncore-3.14-64\Lib\tkinter\ttk.py", line 1207, in get_children
    self.tk.call(self._w, "children", item or '') or ())
    ~~~~~~~~~~~~^^^^^^^^^^^^^^^^^^^^^^^^^^^^^^^^^
_tkinter.TclError: invalid command name ".!frame4.!canvas.!frame.!frame.!frame4.!frame2.!treeview"
2026-09-03 15:22:25 - ERROR - Dashboard refresh error: invalid command name ".!frame4.!canvas.!frame.!frame.!frame4.!frame2.!treeview"
Traceback (most recent call last):
  File "C:\Users\Erica Gallogo\OneDrive - National University\Desktop\MIDTERM\views\tracker_view.py", line 718, in load_data
    for item in self.tree.get_children():
                ~~~~~~~~~~~~~~~~~~~~~~^^
  File "C:\Users\Erica Gallogo\AppData\Local\Python\pythoncore-3.14-64\Lib\tkinter\ttk.py", line 1207, in get_children
    self.tk.call(self._w, "children", item or '') or ())
    ~~~~~~~~~~~~^^^^^^^^^^^^^^^^^^^^^^^^^^^^^^^^^
_tkinter.TclError: invalid command name ".!frame4.!canvas.!frame.!frame.!frame4.!frame2.!treeview"
2026-09-03 15:22:30 - ERROR - Dashboard refresh error: invalid command name ".!frame4.!canvas.!frame.!frame.!frame4.!frame2.!treeview"
Traceback (most recent call last):
  File "C:\Users\Erica Gallogo\OneDrive - National University\Desktop\MIDTERM\views\tracker_view.py", line 718, in load_data
    for item in self.tree.get_children():
                ~~~~~~~~~~~~~~~~~~~~~~^^
  File "C:\Users\Erica Gallogo\AppData\Local\Python\pythoncore-3.14-64\Lib\tkinter\ttk.py", line 1207, in get_children
    self.tk.call(self._w, "children", item or '') or ())
    ~~~~~~~~~~~~^^^^^^^^^^^^^^^^^^^^^^^^^^^^^^^^^
_tkinter.TclError: invalid command name ".!frame4.!canvas.!frame.!frame.!frame4.!frame2.!treeview"
2026-09-03 15:22:35 - ERROR - Dashboard refresh error: invalid command name ".!frame4.!canvas.!frame.!frame.!frame4.!frame2.!treeview"
Traceback (most recent call last):
  File "C:\Users\Erica Gallogo\OneDrive - National University\Desktop\MIDTERM\views\tracker_view.py", line 718, in load_data
    for item in self.tree.get_children():
                ~~~~~~~~~~~~~~~~~~~~~~^^
  File "C:\Users\Erica Gallogo\AppData\Local\Python\pythoncore-3.14-64\Lib\tkinter\ttk.py", line 1207, in get_children
    self.tk.call(self._w, "children", item or '') or ())
    ~~~~~~~~~~~~^^^^^^^^^^^^^^^^^^^^^^^^^^^^^^^^^
_tkinter.TclError: invalid command name ".!frame4.!canvas.!frame.!frame.!frame4.!frame2.!treeview"
2026-09-03 15:22:40 - ERROR - Dashboard refresh error: invalid command name ".!frame4.!canvas.!frame.!frame.!frame4.!frame2.!treeview"
Traceback (most recent call last):
  File "C:\Users\Erica Gallogo\OneDrive - National University\Desktop\MIDTERM\views\tracker_view.py", line 718, in load_data
    for item in self.tree.get_children():
                ~~~~~~~~~~~~~~~~~~~~~~^^
  File "C:\Users\Erica Gallogo\AppData\Local\Python\pythoncore-3.14-64\Lib\tkinter\ttk.py", line 1207, in get_children
    self.tk.call(self._w, "children", item or '') or ())
    ~~~~~~~~~~~~^^^^^^^^^^^^^^^^^^^^^^^^^^^^^^^^^
_tkinter.TclError: invalid command name ".!frame4.!canvas.!frame.!frame.!frame4.!frame2.!treeview"
2026-09-03 15:22:45 - ERROR - Dashboard refresh error: invalid command name ".!frame4.!canvas.!frame.!frame.!frame4.!frame2.!treeview"
Traceback (most recent call last):
  File "C:\Users\Erica Gallogo\OneDrive - National University\Desktop\MIDTERM\views\tracker_view.py", line 718, in load_data
    for item in self.tree.get_children():
                ~~~~~~~~~~~~~~~~~~~~~~^^
  File "C:\Users\Erica Gallogo\AppData\Local\Python\pythoncore-3.14-64\Lib\tkinter\ttk.py", line 1207, in get_children
    self.tk.call(self._w, "children", item or '') or ())
    ~~~~~~~~~~~~^^^^^^^^^^^^^^^^^^^^^^^^^^^^^^^^^
_tkinter.TclError: invalid command name ".!frame4.!canvas.!frame.!frame.!frame4.!frame2.!treeview"
2026-09-03 15:22:50 - ERROR - Dashboard refresh error: invalid command name ".!frame4.!canvas.!frame.!frame.!frame4.!frame2.!treeview"
Traceback (most recent call last):
  File "C:\Users\Erica Gallogo\OneDrive - National University\Desktop\MIDTERM\views\tracker_view.py", line 718, in load_data
    for item in self.tree.get_children():
                ~~~~~~~~~~~~~~~~~~~~~~^^
  File "C:\Users\Erica Gallogo\AppData\Local\Python\pythoncore-3.14-64\Lib\tkinter\ttk.py", line 1207, in get_children
    self.tk.call(self._w, "children", item or '') or ())
    ~~~~~~~~~~~~^^^^^^^^^^^^^^^^^^^^^^^^^^^^^^^^^
_tkinter.TclError: invalid command name ".!frame4.!canvas.!frame.!frame.!frame4.!frame2.!treeview"
2026-09-03 15:22:55 - ERROR - Dashboard refresh error: invalid command name ".!frame4.!canvas.!frame.!frame.!frame4.!frame2.!treeview"
Traceback (most recent call last):
  File "C:\Users\Erica Gallogo\OneDrive - National University\Desktop\MIDTERM\views\tracker_view.py", line 718, in load_data
    for item in self.tree.get_children():
                ~~~~~~~~~~~~~~~~~~~~~~^^
  File "C:\Users\Erica Gallogo\AppData\Local\Python\pythoncore-3.14-64\Lib\tkinter\ttk.py", line 1207, in get_children
    self.tk.call(self._w, "children", item or '') or ())
    ~~~~~~~~~~~~^^^^^^^^^^^^^^^^^^^^^^^^^^^^^^^^^
_tkinter.TclError: invalid command name ".!frame4.!canvas.!frame.!frame.!frame4.!frame2.!treeview"
2026-09-03 15:23:00 - ERROR - Dashboard refresh error: invalid command name ".!frame4.!canvas.!frame.!frame.!frame4.!frame2.!treeview"
Traceback (most recent call last):
  File "C:\Users\Erica Gallogo\OneDrive - National University\Desktop\MIDTERM\views\tracker_view.py", line 718, in load_data
    for item in self.tree.get_children():
                ~~~~~~~~~~~~~~~~~~~~~~^^
  File "C:\Users\Erica Gallogo\AppData\Local\Python\pythoncore-3.14-64\Lib\tkinter\ttk.py", line 1207, in get_children
    self.tk.call(self._w, "children", item or '') or ())
    ~~~~~~~~~~~~^^^^^^^^^^^^^^^^^^^^^^^^^^^^^^^^^
_tkinter.TclError: invalid command name ".!frame4.!canvas.!frame.!frame.!frame4.!frame2.!treeview"
2026-09-03 15:23:05 - ERROR - Dashboard refresh error: invalid command name ".!frame4.!canvas.!frame.!frame.!frame4.!frame2.!treeview"
Traceback (most recent call last):
  File "C:\Users\Erica Gallogo\OneDrive - National University\Desktop\MIDTERM\views\tracker_view.py", line 718, in load_data
    for item in self.tree.get_children():
                ~~~~~~~~~~~~~~~~~~~~~~^^
  File "C:\Users\Erica Gallogo\AppData\Local\Python\pythoncore-3.14-64\Lib\tkinter\ttk.py", line 1207, in get_children
    self.tk.call(self._w, "children", item or '') or ())
    ~~~~~~~~~~~~^^^^^^^^^^^^^^^^^^^^^^^^^^^^^^^^^
_tkinter.TclError: invalid command name ".!frame4.!canvas.!frame.!frame.!frame4.!frame2.!treeview"
2026-09-03 15:23:10 - ERROR - Dashboard refresh error: invalid command name ".!frame4.!canvas.!frame.!frame.!frame4.!frame2.!treeview"
Traceback (most recent call last):
  File "C:\Users\Erica Gallogo\OneDrive - National University\Desktop\MIDTERM\views\tracker_view.py", line 718, in load_data
    for item in self.tree.get_children():
                ~~~~~~~~~~~~~~~~~~~~~~^^
  File "C:\Users\Erica Gallogo\AppData\Local\Python\pythoncore-3.14-64\Lib\tkinter\ttk.py", line 1207, in get_children
    self.tk.call(self._w, "children", item or '') or ())
    ~~~~~~~~~~~~^^^^^^^^^^^^^^^^^^^^^^^^^^^^^^^^^
_tkinter.TclError: invalid command name ".!frame4.!canvas.!frame.!frame.!frame4.!frame2.!treeview"
2026-09-03 15:23:15 - ERROR - Dashboard refresh error: invalid command name ".!frame4.!canvas.!frame.!frame.!frame4.!frame2.!treeview"
Traceback (most recent call last):
  File "C:\Users\Erica Gallogo\OneDrive - National University\Desktop\MIDTERM\views\tracker_view.py", line 718, in load_data
    for item in self.tree.get_children():
                ~~~~~~~~~~~~~~~~~~~~~~^^
  File "C:\Users\Erica Gallogo\AppData\Local\Python\pythoncore-3.14-64\Lib\tkinter\ttk.py", line 1207, in get_children
    self.tk.call(self._w, "children", item or '') or ())
    ~~~~~~~~~~~~^^^^^^^^^^^^^^^^^^^^^^^^^^^^^^^^^
_tkinter.TclError: invalid command name ".!frame4.!canvas.!frame.!frame.!frame4.!frame2.!treeview"
2026-09-03 15:23:20 - ERROR - Dashboard refresh error: invalid command name ".!frame4.!canvas.!frame.!frame.!frame4.!frame2.!treeview"
Traceback (most recent call last):
  File "C:\Users\Erica Gallogo\OneDrive - National University\Desktop\MIDTERM\views\tracker_view.py", line 718, in load_data
    for item in self.tree.get_children():
                ~~~~~~~~~~~~~~~~~~~~~~^^
  File "C:\Users\Erica Gallogo\AppData\Local\Python\pythoncore-3.14-64\Lib\tkinter\ttk.py", line 1207, in get_children
    self.tk.call(self._w, "children", item or '') or ())
    ~~~~~~~~~~~~^^^^^^^^^^^^^^^^^^^^^^^^^^^^^^^^^
_tkinter.TclError: invalid command name ".!frame4.!canvas.!frame.!frame.!frame4.!frame2.!treeview"
2026-09-03 15:23:25 - ERROR - Dashboard refresh error: invalid command name ".!frame4.!canvas.!frame.!frame.!frame4.!frame2.!treeview"
Traceback (most recent call last):
  File "C:\Users\Erica Gallogo\OneDrive - National University\Desktop\MIDTERM\views\tracker_view.py", line 718, in load_data
    for item in self.tree.get_children():
                ~~~~~~~~~~~~~~~~~~~~~~^^
  File "C:\Users\Erica Gallogo\AppData\Local\Python\pythoncore-3.14-64\Lib\tkinter\ttk.py", line 1207, in get_children
    self.tk.call(self._w, "children", item or '') or ())
    ~~~~~~~~~~~~^^^^^^^^^^^^^^^^^^^^^^^^^^^^^^^^^
_tkinter.TclError: invalid command name ".!frame4.!canvas.!frame.!frame.!frame4.!frame2.!treeview"
2026-09-03 15:23:30 - ERROR - Dashboard refresh error: invalid command name ".!frame4.!canvas.!frame.!frame.!frame4.!frame2.!treeview"
Traceback (most recent call last):
  File "C:\Users\Erica Gallogo\OneDrive - National University\Desktop\MIDTERM\views\tracker_view.py", line 718, in load_data
    for item in self.tree.get_children():
                ~~~~~~~~~~~~~~~~~~~~~~^^
  File "C:\Users\Erica Gallogo\AppData\Local\Python\pythoncore-3.14-64\Lib\tkinter\ttk.py", line 1207, in get_children
    self.tk.call(self._w, "children", item or '') or ())
    ~~~~~~~~~~~~^^^^^^^^^^^^^^^^^^^^^^^^^^^^^^^^^
_tkinter.TclError: invalid command name ".!frame4.!canvas.!frame.!frame.!frame4.!frame2.!treeview"
2026-09-03 15:23:35 - ERROR - Dashboard refresh error: invalid command name ".!frame4.!canvas.!frame.!frame.!frame4.!frame2.!treeview"
Traceback (most recent call last):
  File "C:\Users\Erica Gallogo\OneDrive - National University\Desktop\MIDTERM\views\tracker_view.py", line 718, in load_data
    for item in self.tree.get_children():
                ~~~~~~~~~~~~~~~~~~~~~~^^
  File "C:\Users\Erica Gallogo\AppData\Local\Python\pythoncore-3.14-64\Lib\tkinter\ttk.py", line 1207, in get_children
    self.tk.call(self._w, "children", item or '') or ())
    ~~~~~~~~~~~~^^^^^^^^^^^^^^^^^^^^^^^^^^^^^^^^^
_tkinter.TclError: invalid command name ".!frame4.!canvas.!frame.!frame.!frame4.!frame2.!treeview"
2026-09-03 15:23:40 - ERROR - Dashboard refresh error: invalid command name ".!frame4.!canvas.!frame.!frame.!frame4.!frame2.!treeview"
Traceback (most recent call last):
  File "C:\Users\Erica Gallogo\OneDrive - National University\Desktop\MIDTERM\views\tracker_view.py", line 718, in load_data
    for item in self.tree.get_children():
                ~~~~~~~~~~~~~~~~~~~~~~^^
  File "C:\Users\Erica Gallogo\AppData\Local\Python\pythoncore-3.14-64\Lib\tkinter\ttk.py", line 1207, in get_children
    self.tk.call(self._w, "children", item or '') or ())
    ~~~~~~~~~~~~^^^^^^^^^^^^^^^^^^^^^^^^^^^^^^^^^
_tkinter.TclError: invalid command name ".!frame4.!canvas.!frame.!frame.!frame4.!frame2.!treeview"
2026-09-03 15:23:45 - ERROR - Dashboard refresh error: invalid command name ".!frame4.!canvas.!frame.!frame.!frame4.!frame2.!treeview"
Traceback (most recent call last):
  File "C:\Users\Erica Gallogo\OneDrive - National University\Desktop\MIDTERM\views\tracker_view.py", line 718, in load_data
    for item in self.tree.get_children():
                ~~~~~~~~~~~~~~~~~~~~~~^^
  File "C:\Users\Erica Gallogo\AppData\Local\Python\pythoncore-3.14-64\Lib\tkinter\ttk.py", line 1207, in get_children
    self.tk.call(self._w, "children", item or '') or ())
    ~~~~~~~~~~~~^^^^^^^^^^^^^^^^^^^^^^^^^^^^^^^^^
_tkinter.TclError: invalid command name ".!frame4.!canvas.!frame.!frame.!frame4.!frame2.!treeview"
2026-09-03 15:23:50 - ERROR - Dashboard refresh error: invalid command name ".!frame4.!canvas.!frame.!frame.!frame4.!frame2.!treeview"
Traceback (most recent call last):
  File "C:\Users\Erica Gallogo\OneDrive - National University\Desktop\MIDTERM\views\tracker_view.py", line 718, in load_data
    for item in self.tree.get_children():
                ~~~~~~~~~~~~~~~~~~~~~~^^
  File "C:\Users\Erica Gallogo\AppData\Local\Python\pythoncore-3.14-64\Lib\tkinter\ttk.py", line 1207, in get_children
    self.tk.call(self._w, "children", item or '') or ())
    ~~~~~~~~~~~~^^^^^^^^^^^^^^^^^^^^^^^^^^^^^^^^^
_tkinter.TclError: invalid command name ".!frame4.!canvas.!frame.!frame.!frame4.!frame2.!treeview"
2026-09-03 15:23:55 - ERROR - Dashboard refresh error: invalid command name ".!frame4.!canvas.!frame.!frame.!frame4.!frame2.!treeview"
Traceback (most recent call last):
  File "C:\Users\Erica Gallogo\OneDrive - National University\Desktop\MIDTERM\views\tracker_view.py", line 718, in load_data
    for item in self.tree.get_children():
                ~~~~~~~~~~~~~~~~~~~~~~^^
  File "C:\Users\Erica Gallogo\AppData\Local\Python\pythoncore-3.14-64\Lib\tkinter\ttk.py", line 1207, in get_children
    self.tk.call(self._w, "children", item or '') or ())
    ~~~~~~~~~~~~^^^^^^^^^^^^^^^^^^^^^^^^^^^^^^^^^
_tkinter.TclError: invalid command name ".!frame4.!canvas.!frame.!frame.!frame4.!frame2.!treeview"
2026-09-03 15:24:00 - ERROR - Dashboard refresh error: invalid command name ".!frame4.!canvas.!frame.!frame.!frame4.!frame2.!treeview"
Traceback (most recent call last):
  File "C:\Users\Erica Gallogo\OneDrive - National University\Desktop\MIDTERM\views\tracker_view.py", line 718, in load_data
    for item in self.tree.get_children():
                ~~~~~~~~~~~~~~~~~~~~~~^^
  File "C:\Users\Erica Gallogo\AppData\Local\Python\pythoncore-3.14-64\Lib\tkinter\ttk.py", line 1207, in get_children
    self.tk.call(self._w, "children", item or '') or ())
    ~~~~~~~~~~~~^^^^^^^^^^^^^^^^^^^^^^^^^^^^^^^^^
_tkinter.TclError: invalid command name ".!frame4.!canvas.!frame.!frame.!frame4.!frame2.!treeview"
2026-09-03 15:24:05 - ERROR - Dashboard refresh error: invalid command name ".!frame4.!canvas.!frame.!frame.!frame4.!frame2.!treeview"
Traceback (most recent call last):
  File "C:\Users\Erica Gallogo\OneDrive - National University\Desktop\MIDTERM\views\tracker_view.py", line 718, in load_data
    for item in self.tree.get_children():
                ~~~~~~~~~~~~~~~~~~~~~~^^
  File "C:\Users\Erica Gallogo\AppData\Local\Python\pythoncore-3.14-64\Lib\tkinter\ttk.py", line 1207, in get_children
    self.tk.call(self._w, "children", item or '') or ())
    ~~~~~~~~~~~~^^^^^^^^^^^^^^^^^^^^^^^^^^^^^^^^^
_tkinter.TclError: invalid command name ".!frame4.!canvas.!frame.!frame.!frame4.!frame2.!treeview"
2026-09-03 15:24:10 - ERROR - Dashboard refresh error: invalid command name ".!frame4.!canvas.!frame.!frame.!frame4.!frame2.!treeview"
Traceback (most recent call last):
  File "C:\Users\Erica Gallogo\OneDrive - National University\Desktop\MIDTERM\views\tracker_view.py", line 718, in load_data
    for item in self.tree.get_children():
                ~~~~~~~~~~~~~~~~~~~~~~^^
  File "C:\Users\Erica Gallogo\AppData\Local\Python\pythoncore-3.14-64\Lib\tkinter\ttk.py", line 1207, in get_children
    self.tk.call(self._w, "children", item or '') or ())
    ~~~~~~~~~~~~^^^^^^^^^^^^^^^^^^^^^^^^^^^^^^^^^
_tkinter.TclError: invalid command name ".!frame4.!canvas.!frame.!frame.!frame4.!frame2.!treeview"
2026-09-03 15:24:15 - ERROR - Dashboard refresh error: invalid command name ".!frame4.!canvas.!frame.!frame.!frame4.!frame2.!treeview"
Traceback (most recent call last):
  File "C:\Users\Erica Gallogo\OneDrive - National University\Desktop\MIDTERM\views\tracker_view.py", line 718, in load_data
    for item in self.tree.get_children():
                ~~~~~~~~~~~~~~~~~~~~~~^^
  File "C:\Users\Erica Gallogo\AppData\Local\Python\pythoncore-3.14-64\Lib\tkinter\ttk.py", line 1207, in get_children
    self.tk.call(self._w, "children", item or '') or ())
    ~~~~~~~~~~~~^^^^^^^^^^^^^^^^^^^^^^^^^^^^^^^^^
_tkinter.TclError: invalid command name ".!frame4.!canvas.!frame.!frame.!frame4.!frame2.!treeview"
2026-09-03 15:24:20 - ERROR - Dashboard refresh error: invalid command name ".!frame4.!canvas.!frame.!frame.!frame4.!frame2.!treeview"
Traceback (most recent call last):
  File "C:\Users\Erica Gallogo\OneDrive - National University\Desktop\MIDTERM\views\tracker_view.py", line 718, in load_data
    for item in self.tree.get_children():
                ~~~~~~~~~~~~~~~~~~~~~~^^
  File "C:\Users\Erica Gallogo\AppData\Local\Python\pythoncore-3.14-64\Lib\tkinter\ttk.py", line 1207, in get_children
    self.tk.call(self._w, "children", item or '') or ())
    ~~~~~~~~~~~~^^^^^^^^^^^^^^^^^^^^^^^^^^^^^^^^^
_tkinter.TclError: invalid command name ".!frame4.!canvas.!frame.!frame.!frame4.!frame2.!treeview"
2026-09-03 15:24:25 - ERROR - Dashboard refresh error: invalid command name ".!frame4.!canvas.!frame.!frame.!frame4.!frame2.!treeview"
Traceback (most recent call last):
  File "C:\Users\Erica Gallogo\OneDrive - National University\Desktop\MIDTERM\views\tracker_view.py", line 718, in load_data
    for item in self.tree.get_children():
                ~~~~~~~~~~~~~~~~~~~~~~^^
  File "C:\Users\Erica Gallogo\AppData\Local\Python\pythoncore-3.14-64\Lib\tkinter\ttk.py", line 1207, in get_children
    self.tk.call(self._w, "children", item or '') or ())
    ~~~~~~~~~~~~^^^^^^^^^^^^^^^^^^^^^^^^^^^^^^^^^
_tkinter.TclError: invalid command name ".!frame4.!canvas.!frame.!frame.!frame4.!frame2.!treeview"
2026-09-03 15:24:30 - ERROR - Dashboard refresh error: invalid command name ".!frame4.!canvas.!frame.!frame.!frame4.!frame2.!treeview"
Traceback (most recent call last):
  File "C:\Users\Erica Gallogo\OneDrive - National University\Desktop\MIDTERM\views\tracker_view.py", line 718, in load_data
    for item in self.tree.get_children():
                ~~~~~~~~~~~~~~~~~~~~~~^^
  File "C:\Users\Erica Gallogo\AppData\Local\Python\pythoncore-3.14-64\Lib\tkinter\ttk.py", line 1207, in get_children
    self.tk.call(self._w, "children", item or '') or ())
    ~~~~~~~~~~~~^^^^^^^^^^^^^^^^^^^^^^^^^^^^^^^^^
_tkinter.TclError: invalid command name ".!frame4.!canvas.!frame.!frame.!frame4.!frame2.!treeview"
2026-09-03 15:24:35 - ERROR - Dashboard refresh error: invalid command name ".!frame4.!canvas.!frame.!frame.!frame4.!frame2.!treeview"
Traceback (most recent call last):
  File "C:\Users\Erica Gallogo\OneDrive - National University\Desktop\MIDTERM\views\tracker_view.py", line 718, in load_data
    for item in self.tree.get_children():
                ~~~~~~~~~~~~~~~~~~~~~~^^
  File "C:\Users\Erica Gallogo\AppData\Local\Python\pythoncore-3.14-64\Lib\tkinter\ttk.py", line 1207, in get_children
    self.tk.call(self._w, "children", item or '') or ())
    ~~~~~~~~~~~~^^^^^^^^^^^^^^^^^^^^^^^^^^^^^^^^^
_tkinter.TclError: invalid command name ".!frame4.!canvas.!frame.!frame.!frame4.!frame2.!treeview"
2026-09-03 15:24:40 - ERROR - Dashboard refresh error: invalid command name ".!frame4.!canvas.!frame.!frame.!frame4.!frame2.!treeview"
Traceback (most recent call last):
  File "C:\Users\Erica Gallogo\OneDrive - National University\Desktop\MIDTERM\views\tracker_view.py", line 718, in load_data
    for item in self.tree.get_children():
                ~~~~~~~~~~~~~~~~~~~~~~^^
  File "C:\Users\Erica Gallogo\AppData\Local\Python\pythoncore-3.14-64\Lib\tkinter\ttk.py", line 1207, in get_children
    self.tk.call(self._w, "children", item or '') or ())
    ~~~~~~~~~~~~^^^^^^^^^^^^^^^^^^^^^^^^^^^^^^^^^
_tkinter.TclError: invalid command name ".!frame4.!canvas.!frame.!frame.!frame4.!frame2.!treeview"
2026-09-03 15:24:45 - ERROR - Dashboard refresh error: invalid command name ".!frame4.!canvas.!frame.!frame.!frame4.!frame2.!treeview"
Traceback (most recent call last):
  File "C:\Users\Erica Gallogo\OneDrive - National University\Desktop\MIDTERM\views\tracker_view.py", line 718, in load_data
    for item in self.tree.get_children():
                ~~~~~~~~~~~~~~~~~~~~~~^^
  File "C:\Users\Erica Gallogo\AppData\Local\Python\pythoncore-3.14-64\Lib\tkinter\ttk.py", line 1207, in get_children
    self.tk.call(self._w, "children", item or '') or ())
    ~~~~~~~~~~~~^^^^^^^^^^^^^^^^^^^^^^^^^^^^^^^^^
_tkinter.TclError: invalid command name ".!frame4.!canvas.!frame.!frame.!frame4.!frame2.!treeview"
2026-09-03 15:24:50 - ERROR - Dashboard refresh error: invalid command name ".!frame4.!canvas.!frame.!frame.!frame4.!frame2.!treeview"
Traceback (most recent call last):
  File "C:\Users\Erica Gallogo\OneDrive - National University\Desktop\MIDTERM\views\tracker_view.py", line 718, in load_data
    for item in self.tree.get_children():
                ~~~~~~~~~~~~~~~~~~~~~~^^
  File "C:\Users\Erica Gallogo\AppData\Local\Python\pythoncore-3.14-64\Lib\tkinter\ttk.py", line 1207, in get_children
    self.tk.call(self._w, "children", item or '') or ())
    ~~~~~~~~~~~~^^^^^^^^^^^^^^^^^^^^^^^^^^^^^^^^^
_tkinter.TclError: invalid command name ".!frame4.!canvas.!frame.!frame.!frame4.!frame2.!treeview"
2026-09-03 15:24:55 - ERROR - Dashboard refresh error: invalid command name ".!frame4.!canvas.!frame.!frame.!frame4.!frame2.!treeview"
Traceback (most recent call last):
  File "C:\Users\Erica Gallogo\OneDrive - National University\Desktop\MIDTERM\views\tracker_view.py", line 718, in load_data
    for item in self.tree.get_children():
                ~~~~~~~~~~~~~~~~~~~~~~^^
  File "C:\Users\Erica Gallogo\AppData\Local\Python\pythoncore-3.14-64\Lib\tkinter\ttk.py", line 1207, in get_children
    self.tk.call(self._w, "children", item or '') or ())
    ~~~~~~~~~~~~^^^^^^^^^^^^^^^^^^^^^^^^^^^^^^^^^
_tkinter.TclError: invalid command name ".!frame4.!canvas.!frame.!frame.!frame4.!frame2.!treeview"
2026-09-03 15:25:00 - ERROR - Dashboard refresh error: invalid command name ".!frame4.!canvas.!frame.!frame.!frame4.!frame2.!treeview"
Traceback (most recent call last):
  File "C:\Users\Erica Gallogo\OneDrive - National University\Desktop\MIDTERM\views\tracker_view.py", line 718, in load_data
    for item in self.tree.get_children():
                ~~~~~~~~~~~~~~~~~~~~~~^^
  File "C:\Users\Erica Gallogo\AppData\Local\Python\pythoncore-3.14-64\Lib\tkinter\ttk.py", line 1207, in get_children
    self.tk.call(self._w, "children", item or '') or ())
    ~~~~~~~~~~~~^^^^^^^^^^^^^^^^^^^^^^^^^^^^^^^^^
_tkinter.TclError: invalid command name ".!frame4.!canvas.!frame.!frame.!frame4.!frame2.!treeview"
2026-09-03 15:25:05 - ERROR - Dashboard refresh error: invalid command name ".!frame4.!canvas.!frame.!frame.!frame4.!frame2.!treeview"
Traceback (most recent call last):
  File "C:\Users\Erica Gallogo\OneDrive - National University\Desktop\MIDTERM\views\tracker_view.py", line 718, in load_data
    for item in self.tree.get_children():
                ~~~~~~~~~~~~~~~~~~~~~~^^
  File "C:\Users\Erica Gallogo\AppData\Local\Python\pythoncore-3.14-64\Lib\tkinter\ttk.py", line 1207, in get_children
    self.tk.call(self._w, "children", item or '') or ())
    ~~~~~~~~~~~~^^^^^^^^^^^^^^^^^^^^^^^^^^^^^^^^^
_tkinter.TclError: invalid command name ".!frame4.!canvas.!frame.!frame.!frame4.!frame2.!treeview"
2026-09-03 15:25:10 - ERROR - Dashboard refresh error: invalid command name ".!frame4.!canvas.!frame.!frame.!frame4.!frame2.!treeview"
Traceback (most recent call last):
  File "C:\Users\Erica Gallogo\OneDrive - National University\Desktop\MIDTERM\views\tracker_view.py", line 718, in load_data
    for item in self.tree.get_children():
                ~~~~~~~~~~~~~~~~~~~~~~^^
  File "C:\Users\Erica Gallogo\AppData\Local\Python\pythoncore-3.14-64\Lib\tkinter\ttk.py", line 1207, in get_children
    self.tk.call(self._w, "children", item or '') or ())
    ~~~~~~~~~~~~^^^^^^^^^^^^^^^^^^^^^^^^^^^^^^^^^
_tkinter.TclError: invalid command name ".!frame4.!canvas.!frame.!frame.!frame4.!frame2.!treeview"
2026-09-03 15:25:15 - ERROR - Dashboard refresh error: invalid command name ".!frame4.!canvas.!frame.!frame.!frame4.!frame2.!treeview"
Traceback (most recent call last):
  File "C:\Users\Erica Gallogo\OneDrive - National University\Desktop\MIDTERM\views\tracker_view.py", line 718, in load_data
    for item in self.tree.get_children():
                ~~~~~~~~~~~~~~~~~~~~~~^^
  File "C:\Users\Erica Gallogo\AppData\Local\Python\pythoncore-3.14-64\Lib\tkinter\ttk.py", line 1207, in get_children
    self.tk.call(self._w, "children", item or '') or ())
    ~~~~~~~~~~~~^^^^^^^^^^^^^^^^^^^^^^^^^^^^^^^^^
_tkinter.TclError: invalid command name ".!frame4.!canvas.!frame.!frame.!frame4.!frame2.!treeview"
2026-09-03 15:25:20 - ERROR - Dashboard refresh error: invalid command name ".!frame4.!canvas.!frame.!frame.!frame4.!frame2.!treeview"
Traceback (most recent call last):
  File "C:\Users\Erica Gallogo\OneDrive - National University\Desktop\MIDTERM\views\tracker_view.py", line 718, in load_data
    for item in self.tree.get_children():
                ~~~~~~~~~~~~~~~~~~~~~~^^
  File "C:\Users\Erica Gallogo\AppData\Local\Python\pythoncore-3.14-64\Lib\tkinter\ttk.py", line 1207, in get_children
    self.tk.call(self._w, "children", item or '') or ())
    ~~~~~~~~~~~~^^^^^^^^^^^^^^^^^^^^^^^^^^^^^^^^^
_tkinter.TclError: invalid command name ".!frame4.!canvas.!frame.!frame.!frame4.!frame2.!treeview"
2026-09-03 15:25:25 - ERROR - Dashboard refresh error: invalid command name ".!frame4.!canvas.!frame.!frame.!frame4.!frame2.!treeview"
Traceback (most recent call last):
  File "C:\Users\Erica Gallogo\OneDrive - National University\Desktop\MIDTERM\views\tracker_view.py", line 718, in load_data
    for item in self.tree.get_children():
                ~~~~~~~~~~~~~~~~~~~~~~^^
  File "C:\Users\Erica Gallogo\AppData\Local\Python\pythoncore-3.14-64\Lib\tkinter\ttk.py", line 1207, in get_children
    self.tk.call(self._w, "children", item or '') or ())
    ~~~~~~~~~~~~^^^^^^^^^^^^^^^^^^^^^^^^^^^^^^^^^
_tkinter.TclError: invalid command name ".!frame4.!canvas.!frame.!frame.!frame4.!frame2.!treeview"
2026-09-03 15:25:30 - ERROR - Dashboard refresh error: invalid command name ".!frame4.!canvas.!frame.!frame.!frame4.!frame2.!treeview"
Traceback (most recent call last):
  File "C:\Users\Erica Gallogo\OneDrive - National University\Desktop\MIDTERM\views\tracker_view.py", line 718, in load_data
    for item in self.tree.get_children():
                ~~~~~~~~~~~~~~~~~~~~~~^^
  File "C:\Users\Erica Gallogo\AppData\Local\Python\pythoncore-3.14-64\Lib\tkinter\ttk.py", line 1207, in get_children
    self.tk.call(self._w, "children", item or '') or ())
    ~~~~~~~~~~~~^^^^^^^^^^^^^^^^^^^^^^^^^^^^^^^^^
_tkinter.TclError: invalid command name ".!frame4.!canvas.!frame.!frame.!frame4.!frame2.!treeview"
2026-09-03 15:25:35 - ERROR - Dashboard refresh error: invalid command name ".!frame4.!canvas.!frame.!frame.!frame4.!frame2.!treeview"
Traceback (most recent call last):
  File "C:\Users\Erica Gallogo\OneDrive - National University\Desktop\MIDTERM\views\tracker_view.py", line 718, in load_data
    for item in self.tree.get_children():
                ~~~~~~~~~~~~~~~~~~~~~~^^
  File "C:\Users\Erica Gallogo\AppData\Local\Python\pythoncore-3.14-64\Lib\tkinter\ttk.py", line 1207, in get_children
    self.tk.call(self._w, "children", item or '') or ())
    ~~~~~~~~~~~~^^^^^^^^^^^^^^^^^^^^^^^^^^^^^^^^^
_tkinter.TclError: invalid command name ".!frame4.!canvas.!frame.!frame.!frame4.!frame2.!treeview"
2026-09-03 15:25:40 - ERROR - Dashboard refresh error: invalid command name ".!frame4.!canvas.!frame.!frame.!frame4.!frame2.!treeview"
Traceback (most recent call last):
  File "C:\Users\Erica Gallogo\OneDrive - National University\Desktop\MIDTERM\views\tracker_view.py", line 718, in load_data
    for item in self.tree.get_children():
                ~~~~~~~~~~~~~~~~~~~~~~^^
  File "C:\Users\Erica Gallogo\AppData\Local\Python\pythoncore-3.14-64\Lib\tkinter\ttk.py", line 1207, in get_children
    self.tk.call(self._w, "children", item or '') or ())
    ~~~~~~~~~~~~^^^^^^^^^^^^^^^^^^^^^^^^^^^^^^^^^
_tkinter.TclError: invalid command name ".!frame4.!canvas.!frame.!frame.!frame4.!frame2.!treeview"
2026-09-03 15:25:45 - ERROR - Dashboard refresh error: invalid command name ".!frame4.!canvas.!frame.!frame.!frame4.!frame2.!treeview"
Traceback (most recent call last):
  File "C:\Users\Erica Gallogo\OneDrive - National University\Desktop\MIDTERM\views\tracker_view.py", line 718, in load_data
    for item in self.tree.get_children():
                ~~~~~~~~~~~~~~~~~~~~~~^^
  File "C:\Users\Erica Gallogo\AppData\Local\Python\pythoncore-3.14-64\Lib\tkinter\ttk.py", line 1207, in get_children
    self.tk.call(self._w, "children", item or '') or ())
    ~~~~~~~~~~~~^^^^^^^^^^^^^^^^^^^^^^^^^^^^^^^^^
_tkinter.TclError: invalid command name ".!frame4.!canvas.!frame.!frame.!frame4.!frame2.!treeview"
2026-09-03 15:25:50 - ERROR - Dashboard refresh error: invalid command name ".!frame4.!canvas.!frame.!frame.!frame4.!frame2.!treeview"
Traceback (most recent call last):
  File "C:\Users\Erica Gallogo\OneDrive - National University\Desktop\MIDTERM\views\tracker_view.py", line 718, in load_data
    for item in self.tree.get_children():
                ~~~~~~~~~~~~~~~~~~~~~~^^
  File "C:\Users\Erica Gallogo\AppData\Local\Python\pythoncore-3.14-64\Lib\tkinter\ttk.py", line 1207, in get_children
    self.tk.call(self._w, "children", item or '') or ())
    ~~~~~~~~~~~~^^^^^^^^^^^^^^^^^^^^^^^^^^^^^^^^^
_tkinter.TclError: invalid command name ".!frame4.!canvas.!frame.!frame.!frame4.!frame2.!treeview"
2026-09-03 15:25:55 - ERROR - Dashboard refresh error: invalid command name ".!frame4.!canvas.!frame.!frame.!frame4.!frame2.!treeview"
Traceback (most recent call last):
  File "C:\Users\Erica Gallogo\OneDrive - National University\Desktop\MIDTERM\views\tracker_view.py", line 718, in load_data
    for item in self.tree.get_children():
                ~~~~~~~~~~~~~~~~~~~~~~^^
  File "C:\Users\Erica Gallogo\AppData\Local\Python\pythoncore-3.14-64\Lib\tkinter\ttk.py", line 1207, in get_children
    self.tk.call(self._w, "children", item or '') or ())
    ~~~~~~~~~~~~^^^^^^^^^^^^^^^^^^^^^^^^^^^^^^^^^
_tkinter.TclError: invalid command name ".!frame4.!canvas.!frame.!frame.!frame4.!frame2.!treeview"
2026-09-03 15:26:00 - ERROR - Dashboard refresh error: invalid command name ".!frame4.!canvas.!frame.!frame.!frame4.!frame2.!treeview"
Traceback (most recent call last):
  File "C:\Users\Erica Gallogo\OneDrive - National University\Desktop\MIDTERM\views\tracker_view.py", line 718, in load_data
    for item in self.tree.get_children():
                ~~~~~~~~~~~~~~~~~~~~~~^^
  File "C:\Users\Erica Gallogo\AppData\Local\Python\pythoncore-3.14-64\Lib\tkinter\ttk.py", line 1207, in get_children
    self.tk.call(self._w, "children", item or '') or ())
    ~~~~~~~~~~~~^^^^^^^^^^^^^^^^^^^^^^^^^^^^^^^^^
_tkinter.TclError: invalid command name ".!frame4.!canvas.!frame.!frame.!frame4.!frame2.!treeview"
2026-09-03 15:26:05 - ERROR - Dashboard refresh error: invalid command name ".!frame4.!canvas.!frame.!frame.!frame4.!frame2.!treeview"
Traceback (most recent call last):
  File "C:\Users\Erica Gallogo\OneDrive - National University\Desktop\MIDTERM\views\tracker_view.py", line 718, in load_data
    for item in self.tree.get_children():
                ~~~~~~~~~~~~~~~~~~~~~~^^
  File "C:\Users\Erica Gallogo\AppData\Local\Python\pythoncore-3.14-64\Lib\tkinter\ttk.py", line 1207, in get_children
    self.tk.call(self._w, "children", item or '') or ())
    ~~~~~~~~~~~~^^^^^^^^^^^^^^^^^^^^^^^^^^^^^^^^^
_tkinter.TclError: invalid command name ".!frame4.!canvas.!frame.!frame.!frame4.!frame2.!treeview"
2026-09-03 15:26:10 - ERROR - Dashboard refresh error: invalid command name ".!frame4.!canvas.!frame.!frame.!frame4.!frame2.!treeview"
Traceback (most recent call last):
  File "C:\Users\Erica Gallogo\OneDrive - National University\Desktop\MIDTERM\views\tracker_view.py", line 718, in load_data
    for item in self.tree.get_children():
                ~~~~~~~~~~~~~~~~~~~~~~^^
  File "C:\Users\Erica Gallogo\AppData\Local\Python\pythoncore-3.14-64\Lib\tkinter\ttk.py", line 1207, in get_children
    self.tk.call(self._w, "children", item or '') or ())
    ~~~~~~~~~~~~^^^^^^^^^^^^^^^^^^^^^^^^^^^^^^^^^
_tkinter.TclError: invalid command name ".!frame4.!canvas.!frame.!frame.!frame4.!frame2.!treeview"
2026-09-03 15:26:15 - ERROR - Dashboard refresh error: invalid command name ".!frame4.!canvas.!frame.!frame.!frame4.!frame2.!treeview"
Traceback (most recent call last):
  File "C:\Users\Erica Gallogo\OneDrive - National University\Desktop\MIDTERM\views\tracker_view.py", line 718, in load_data
    for item in self.tree.get_children():
                ~~~~~~~~~~~~~~~~~~~~~~^^
  File "C:\Users\Erica Gallogo\AppData\Local\Python\pythoncore-3.14-64\Lib\tkinter\ttk.py", line 1207, in get_children
    self.tk.call(self._w, "children", item or '') or ())
    ~~~~~~~~~~~~^^^^^^^^^^^^^^^^^^^^^^^^^^^^^^^^^
_tkinter.TclError: invalid command name ".!frame4.!canvas.!frame.!frame.!frame4.!frame2.!treeview"
2026-09-03 15:26:20 - ERROR - Dashboard refresh error: invalid command name ".!frame4.!canvas.!frame.!frame.!frame4.!frame2.!treeview"
Traceback (most recent call last):
  File "C:\Users\Erica Gallogo\OneDrive - National University\Desktop\MIDTERM\views\tracker_view.py", line 718, in load_data
    for item in self.tree.get_children():
                ~~~~~~~~~~~~~~~~~~~~~~^^
  File "C:\Users\Erica Gallogo\AppData\Local\Python\pythoncore-3.14-64\Lib\tkinter\ttk.py", line 1207, in get_children
    self.tk.call(self._w, "children", item or '') or ())
    ~~~~~~~~~~~~^^^^^^^^^^^^^^^^^^^^^^^^^^^^^^^^^
_tkinter.TclError: invalid command name ".!frame4.!canvas.!frame.!frame.!frame4.!frame2.!treeview"
2026-09-03 15:26:25 - ERROR - Dashboard refresh error: invalid command name ".!frame4.!canvas.!frame.!frame.!frame4.!frame2.!treeview"
Traceback (most recent call last):
  File "C:\Users\Erica Gallogo\OneDrive - National University\Desktop\MIDTERM\views\tracker_view.py", line 718, in load_data
    for item in self.tree.get_children():
                ~~~~~~~~~~~~~~~~~~~~~~^^
  File "C:\Users\Erica Gallogo\AppData\Local\Python\pythoncore-3.14-64\Lib\tkinter\ttk.py", line 1207, in get_children
    self.tk.call(self._w, "children", item or '') or ())
    ~~~~~~~~~~~~^^^^^^^^^^^^^^^^^^^^^^^^^^^^^^^^^
_tkinter.TclError: invalid command name ".!frame4.!canvas.!frame.!frame.!frame4.!frame2.!treeview"
2026-09-03 15:26:30 - ERROR - Dashboard refresh error: invalid command name ".!frame4.!canvas.!frame.!frame.!frame4.!frame2.!treeview"
Traceback (most recent call last):
  File "C:\Users\Erica Gallogo\OneDrive - National University\Desktop\MIDTERM\views\tracker_view.py", line 718, in load_data
    for item in self.tree.get_children():
                ~~~~~~~~~~~~~~~~~~~~~~^^
  File "C:\Users\Erica Gallogo\AppData\Local\Python\pythoncore-3.14-64\Lib\tkinter\ttk.py", line 1207, in get_children
    self.tk.call(self._w, "children", item or '') or ())
    ~~~~~~~~~~~~^^^^^^^^^^^^^^^^^^^^^^^^^^^^^^^^^
_tkinter.TclError: invalid command name ".!frame4.!canvas.!frame.!frame.!frame4.!frame2.!treeview"
2026-09-03 15:26:35 - ERROR - Dashboard refresh error: invalid command name ".!frame4.!canvas.!frame.!frame.!frame4.!frame2.!treeview"
Traceback (most recent call last):
  File "C:\Users\Erica Gallogo\OneDrive - National University\Desktop\MIDTERM\views\tracker_view.py", line 718, in load_data
    for item in self.tree.get_children():
                ~~~~~~~~~~~~~~~~~~~~~~^^
  File "C:\Users\Erica Gallogo\AppData\Local\Python\pythoncore-3.14-64\Lib\tkinter\ttk.py", line 1207, in get_children
    self.tk.call(self._w, "children", item or '') or ())
    ~~~~~~~~~~~~^^^^^^^^^^^^^^^^^^^^^^^^^^^^^^^^^
_tkinter.TclError: invalid command name ".!frame4.!canvas.!frame.!frame.!frame4.!frame2.!treeview"
2026-09-03 15:26:41 - ERROR - Dashboard refresh error: invalid command name ".!frame4.!canvas.!frame.!frame.!frame4.!frame2.!treeview"
Traceback (most recent call last):
  File "C:\Users\Erica Gallogo\OneDrive - National University\Desktop\MIDTERM\views\tracker_view.py", line 718, in load_data
    for item in self.tree.get_children():
                ~~~~~~~~~~~~~~~~~~~~~~^^
  File "C:\Users\Erica Gallogo\AppData\Local\Python\pythoncore-3.14-64\Lib\tkinter\ttk.py", line 1207, in get_children
    self.tk.call(self._w, "children", item or '') or ())
    ~~~~~~~~~~~~^^^^^^^^^^^^^^^^^^^^^^^^^^^^^^^^^
_tkinter.TclError: invalid command name ".!frame4.!canvas.!frame.!frame.!frame4.!frame2.!treeview"
2026-09-03 15:26:46 - ERROR - Dashboard refresh error: invalid command name ".!frame4.!canvas.!frame.!frame.!frame4.!frame2.!treeview"
Traceback (most recent call last):
  File "C:\Users\Erica Gallogo\OneDrive - National University\Desktop\MIDTERM\views\tracker_view.py", line 718, in load_data
    for item in self.tree.get_children():
                ~~~~~~~~~~~~~~~~~~~~~~^^
  File "C:\Users\Erica Gallogo\AppData\Local\Python\pythoncore-3.14-64\Lib\tkinter\ttk.py", line 1207, in get_children
    self.tk.call(self._w, "children", item or '') or ())
    ~~~~~~~~~~~~^^^^^^^^^^^^^^^^^^^^^^^^^^^^^^^^^
_tkinter.TclError: invalid command name ".!frame4.!canvas.!frame.!frame.!frame4.!frame2.!treeview"
2026-09-03 15:26:51 - ERROR - Dashboard refresh error: invalid command name ".!frame4.!canvas.!frame.!frame.!frame4.!frame2.!treeview"
Traceback (most recent call last):
  File "C:\Users\Erica Gallogo\OneDrive - National University\Desktop\MIDTERM\views\tracker_view.py", line 718, in load_data
    for item in self.tree.get_children():
                ~~~~~~~~~~~~~~~~~~~~~~^^
  File "C:\Users\Erica Gallogo\AppData\Local\Python\pythoncore-3.14-64\Lib\tkinter\ttk.py", line 1207, in get_children
    self.tk.call(self._w, "children", item or '') or ())
    ~~~~~~~~~~~~^^^^^^^^^^^^^^^^^^^^^^^^^^^^^^^^^
_tkinter.TclError: invalid command name ".!frame4.!canvas.!frame.!frame.!frame4.!frame2.!treeview"
2026-09-03 15:26:56 - ERROR - Dashboard refresh error: invalid command name ".!frame4.!canvas.!frame.!frame.!frame4.!frame2.!treeview"
Traceback (most recent call last):
  File "C:\Users\Erica Gallogo\OneDrive - National University\Desktop\MIDTERM\views\tracker_view.py", line 718, in load_data
    for item in self.tree.get_children():
                ~~~~~~~~~~~~~~~~~~~~~~^^
  File "C:\Users\Erica Gallogo\AppData\Local\Python\pythoncore-3.14-64\Lib\tkinter\ttk.py", line 1207, in get_children
    self.tk.call(self._w, "children", item or '') or ())
    ~~~~~~~~~~~~^^^^^^^^^^^^^^^^^^^^^^^^^^^^^^^^^
_tkinter.TclError: invalid command name ".!frame4.!canvas.!frame.!frame.!frame4.!frame2.!treeview"
2026-09-03 15:27:01 - ERROR - Dashboard refresh error: invalid command name ".!frame4.!canvas.!frame.!frame.!frame4.!frame2.!treeview"
Traceback (most recent call last):
  File "C:\Users\Erica Gallogo\OneDrive - National University\Desktop\MIDTERM\views\tracker_view.py", line 718, in load_data
    for item in self.tree.get_children():
                ~~~~~~~~~~~~~~~~~~~~~~^^
  File "C:\Users\Erica Gallogo\AppData\Local\Python\pythoncore-3.14-64\Lib\tkinter\ttk.py", line 1207, in get_children
    self.tk.call(self._w, "children", item or '') or ())
    ~~~~~~~~~~~~^^^^^^^^^^^^^^^^^^^^^^^^^^^^^^^^^
_tkinter.TclError: invalid command name ".!frame4.!canvas.!frame.!frame.!frame4.!frame2.!treeview"
2026-09-03 15:27:06 - ERROR - Dashboard refresh error: invalid command name ".!frame4.!canvas.!frame.!frame.!frame4.!frame2.!treeview"
Traceback (most recent call last):
  File "C:\Users\Erica Gallogo\OneDrive - National University\Desktop\MIDTERM\views\tracker_view.py", line 718, in load_data
    for item in self.tree.get_children():
                ~~~~~~~~~~~~~~~~~~~~~~^^
  File "C:\Users\Erica Gallogo\AppData\Local\Python\pythoncore-3.14-64\Lib\tkinter\ttk.py", line 1207, in get_children
    self.tk.call(self._w, "children", item or '') or ())
    ~~~~~~~~~~~~^^^^^^^^^^^^^^^^^^^^^^^^^^^^^^^^^
_tkinter.TclError: invalid command name ".!frame4.!canvas.!frame.!frame.!frame4.!frame2.!treeview"
2026-09-03 15:27:11 - ERROR - Dashboard refresh error: invalid command name ".!frame4.!canvas.!frame.!frame.!frame4.!frame2.!treeview"
Traceback (most recent call last):
  File "C:\Users\Erica Gallogo\OneDrive - National University\Desktop\MIDTERM\views\tracker_view.py", line 718, in load_data
    for item in self.tree.get_children():
                ~~~~~~~~~~~~~~~~~~~~~~^^
  File "C:\Users\Erica Gallogo\AppData\Local\Python\pythoncore-3.14-64\Lib\tkinter\ttk.py", line 1207, in get_children
    self.tk.call(self._w, "children", item or '') or ())
    ~~~~~~~~~~~~^^^^^^^^^^^^^^^^^^^^^^^^^^^^^^^^^
_tkinter.TclError: invalid command name ".!frame4.!canvas.!frame.!frame.!frame4.!frame2.!treeview"
2026-09-03 15:27:16 - ERROR - Dashboard refresh error: invalid command name ".!frame4.!canvas.!frame.!frame.!frame4.!frame2.!treeview"
Traceback (most recent call last):
  File "C:\Users\Erica Gallogo\OneDrive - National University\Desktop\MIDTERM\views\tracker_view.py", line 718, in load_data
    for item in self.tree.get_children():
                ~~~~~~~~~~~~~~~~~~~~~~^^
  File "C:\Users\Erica Gallogo\AppData\Local\Python\pythoncore-3.14-64\Lib\tkinter\ttk.py", line 1207, in get_children
    self.tk.call(self._w, "children", item or '') or ())
    ~~~~~~~~~~~~^^^^^^^^^^^^^^^^^^^^^^^^^^^^^^^^^
_tkinter.TclError: invalid command name ".!frame4.!canvas.!frame.!frame.!frame4.!frame2.!treeview"
2026-09-03 15:27:21 - ERROR - Dashboard refresh error: invalid command name ".!frame4.!canvas.!frame.!frame.!frame4.!frame2.!treeview"
Traceback (most recent call last):
  File "C:\Users\Erica Gallogo\OneDrive - National University\Desktop\MIDTERM\views\tracker_view.py", line 718, in load_data
    for item in self.tree.get_children():
                ~~~~~~~~~~~~~~~~~~~~~~^^
  File "C:\Users\Erica Gallogo\AppData\Local\Python\pythoncore-3.14-64\Lib\tkinter\ttk.py", line 1207, in get_children
    self.tk.call(self._w, "children", item or '') or ())
    ~~~~~~~~~~~~^^^^^^^^^^^^^^^^^^^^^^^^^^^^^^^^^
_tkinter.TclError: invalid command name ".!frame4.!canvas.!frame.!frame.!frame4.!frame2.!treeview"
2026-09-03 15:27:26 - ERROR - Dashboard refresh error: invalid command name ".!frame4.!canvas.!frame.!frame.!frame4.!frame2.!treeview"
Traceback (most recent call last):
  File "C:\Users\Erica Gallogo\OneDrive - National University\Desktop\MIDTERM\views\tracker_view.py", line 718, in load_data
    for item in self.tree.get_children():
                ~~~~~~~~~~~~~~~~~~~~~~^^
  File "C:\Users\Erica Gallogo\AppData\Local\Python\pythoncore-3.14-64\Lib\tkinter\ttk.py", line 1207, in get_children
    self.tk.call(self._w, "children", item or '') or ())
    ~~~~~~~~~~~~^^^^^^^^^^^^^^^^^^^^^^^^^^^^^^^^^
_tkinter.TclError: invalid command name ".!frame4.!canvas.!frame.!frame.!frame4.!frame2.!treeview"
2026-09-03 15:27:31 - ERROR - Dashboard refresh error: invalid command name ".!frame4.!canvas.!frame.!frame.!frame4.!frame2.!treeview"
Traceback (most recent call last):
  File "C:\Users\Erica Gallogo\OneDrive - National University\Desktop\MIDTERM\views\tracker_view.py", line 718, in load_data
    for item in self.tree.get_children():
                ~~~~~~~~~~~~~~~~~~~~~~^^
  File "C:\Users\Erica Gallogo\AppData\Local\Python\pythoncore-3.14-64\Lib\tkinter\ttk.py", line 1207, in get_children
    self.tk.call(self._w, "children", item or '') or ())
    ~~~~~~~~~~~~^^^^^^^^^^^^^^^^^^^^^^^^^^^^^^^^^
_tkinter.TclError: invalid command name ".!frame4.!canvas.!frame.!frame.!frame4.!frame2.!treeview"
2026-09-03 15:27:36 - ERROR - Dashboard refresh error: invalid command name ".!frame4.!canvas.!frame.!frame.!frame4.!frame2.!treeview"
Traceback (most recent call last):
  File "C:\Users\Erica Gallogo\OneDrive - National University\Desktop\MIDTERM\views\tracker_view.py", line 718, in load_data
    for item in self.tree.get_children():
                ~~~~~~~~~~~~~~~~~~~~~~^^
  File "C:\Users\Erica Gallogo\AppData\Local\Python\pythoncore-3.14-64\Lib\tkinter\ttk.py", line 1207, in get_children
    self.tk.call(self._w, "children", item or '') or ())
    ~~~~~~~~~~~~^^^^^^^^^^^^^^^^^^^^^^^^^^^^^^^^^
_tkinter.TclError: invalid command name ".!frame4.!canvas.!frame.!frame.!frame4.!frame2.!treeview"
2026-09-03 15:27:41 - ERROR - Dashboard refresh error: invalid command name ".!frame4.!canvas.!frame.!frame.!frame4.!frame2.!treeview"
Traceback (most recent call last):
  File "C:\Users\Erica Gallogo\OneDrive - National University\Desktop\MIDTERM\views\tracker_view.py", line 718, in load_data
    for item in self.tree.get_children():
                ~~~~~~~~~~~~~~~~~~~~~~^^
  File "C:\Users\Erica Gallogo\AppData\Local\Python\pythoncore-3.14-64\Lib\tkinter\ttk.py", line 1207, in get_children
    self.tk.call(self._w, "children", item or '') or ())
    ~~~~~~~~~~~~^^^^^^^^^^^^^^^^^^^^^^^^^^^^^^^^^
_tkinter.TclError: invalid command name ".!frame4.!canvas.!frame.!frame.!frame4.!frame2.!treeview"
2026-09-03 15:27:46 - ERROR - Dashboard refresh error: invalid command name ".!frame4.!canvas.!frame.!frame.!frame4.!frame2.!treeview"
Traceback (most recent call last):
  File "C:\Users\Erica Gallogo\OneDrive - National University\Desktop\MIDTERM\views\tracker_view.py", line 718, in load_data
    for item in self.tree.get_children():
                ~~~~~~~~~~~~~~~~~~~~~~^^
  File "C:\Users\Erica Gallogo\AppData\Local\Python\pythoncore-3.14-64\Lib\tkinter\ttk.py", line 1207, in get_children
    self.tk.call(self._w, "children", item or '') or ())
    ~~~~~~~~~~~~^^^^^^^^^^^^^^^^^^^^^^^^^^^^^^^^^
_tkinter.TclError: invalid command name ".!frame4.!canvas.!frame.!frame.!frame4.!frame2.!treeview"
2026-09-03 15:27:51 - ERROR - Dashboard refresh error: invalid command name ".!frame4.!canvas.!frame.!frame.!frame4.!frame2.!treeview"
Traceback (most recent call last):
  File "C:\Users\Erica Gallogo\OneDrive - National University\Desktop\MIDTERM\views\tracker_view.py", line 718, in load_data
    for item in self.tree.get_children():
                ~~~~~~~~~~~~~~~~~~~~~~^^
  File "C:\Users\Erica Gallogo\AppData\Local\Python\pythoncore-3.14-64\Lib\tkinter\ttk.py", line 1207, in get_children
    self.tk.call(self._w, "children", item or '') or ())
    ~~~~~~~~~~~~^^^^^^^^^^^^^^^^^^^^^^^^^^^^^^^^^
_tkinter.TclError: invalid command name ".!frame4.!canvas.!frame.!frame.!frame4.!frame2.!treeview"
2026-09-03 15:27:56 - ERROR - Dashboard refresh error: invalid command name ".!frame4.!canvas.!frame.!frame.!frame4.!frame2.!treeview"
Traceback (most recent call last):
  File "C:\Users\Erica Gallogo\OneDrive - National University\Desktop\MIDTERM\views\tracker_view.py", line 718, in load_data
    for item in self.tree.get_children():
                ~~~~~~~~~~~~~~~~~~~~~~^^
  File "C:\Users\Erica Gallogo\AppData\Local\Python\pythoncore-3.14-64\Lib\tkinter\ttk.py", line 1207, in get_children
    self.tk.call(self._w, "children", item or '') or ())
    ~~~~~~~~~~~~^^^^^^^^^^^^^^^^^^^^^^^^^^^^^^^^^
_tkinter.TclError: invalid command name ".!frame4.!canvas.!frame.!frame.!frame4.!frame2.!treeview"
2026-09-03 15:28:01 - ERROR - Dashboard refresh error: invalid command name ".!frame4.!canvas.!frame.!frame.!frame4.!frame2.!treeview"
Traceback (most recent call last):
  File "C:\Users\Erica Gallogo\OneDrive - National University\Desktop\MIDTERM\views\tracker_view.py", line 718, in load_data
    for item in self.tree.get_children():
                ~~~~~~~~~~~~~~~~~~~~~~^^
  File "C:\Users\Erica Gallogo\AppData\Local\Python\pythoncore-3.14-64\Lib\tkinter\ttk.py", line 1207, in get_children
    self.tk.call(self._w, "children", item or '') or ())
    ~~~~~~~~~~~~^^^^^^^^^^^^^^^^^^^^^^^^^^^^^^^^^
_tkinter.TclError: invalid command name ".!frame4.!canvas.!frame.!frame.!frame4.!frame2.!treeview"
2026-09-03 15:28:06 - ERROR - Dashboard refresh error: invalid command name ".!frame4.!canvas.!frame.!frame.!frame4.!frame2.!treeview"
Traceback (most recent call last):
  File "C:\Users\Erica Gallogo\OneDrive - National University\Desktop\MIDTERM\views\tracker_view.py", line 718, in load_data
    for item in self.tree.get_children():
                ~~~~~~~~~~~~~~~~~~~~~~^^
  File "C:\Users\Erica Gallogo\AppData\Local\Python\pythoncore-3.14-64\Lib\tkinter\ttk.py", line 1207, in get_children
    self.tk.call(self._w, "children", item or '') or ())
    ~~~~~~~~~~~~^^^^^^^^^^^^^^^^^^^^^^^^^^^^^^^^^
_tkinter.TclError: invalid command name ".!frame4.!canvas.!frame.!frame.!frame4.!frame2.!treeview"
2026-09-03 15:28:11 - ERROR - Dashboard refresh error: invalid command name ".!frame4.!canvas.!frame.!frame.!frame4.!frame2.!treeview"
Traceback (most recent call last):
  File "C:\Users\Erica Gallogo\OneDrive - National University\Desktop\MIDTERM\views\tracker_view.py", line 718, in load_data
    for item in self.tree.get_children():
                ~~~~~~~~~~~~~~~~~~~~~~^^
  File "C:\Users\Erica Gallogo\AppData\Local\Python\pythoncore-3.14-64\Lib\tkinter\ttk.py", line 1207, in get_children
    self.tk.call(self._w, "children", item or '') or ())
    ~~~~~~~~~~~~^^^^^^^^^^^^^^^^^^^^^^^^^^^^^^^^^
_tkinter.TclError: invalid command name ".!frame4.!canvas.!frame.!frame.!frame4.!frame2.!treeview"
2026-09-03 15:28:16 - ERROR - Dashboard refresh error: invalid command name ".!frame4.!canvas.!frame.!frame.!frame4.!frame2.!treeview"
Traceback (most recent call last):
  File "C:\Users\Erica Gallogo\OneDrive - National University\Desktop\MIDTERM\views\tracker_view.py", line 718, in load_data
    for item in self.tree.get_children():
                ~~~~~~~~~~~~~~~~~~~~~~^^
  File "C:\Users\Erica Gallogo\AppData\Local\Python\pythoncore-3.14-64\Lib\tkinter\ttk.py", line 1207, in get_children
    self.tk.call(self._w, "children", item or '') or ())
    ~~~~~~~~~~~~^^^^^^^^^^^^^^^^^^^^^^^^^^^^^^^^^
_tkinter.TclError: invalid command name ".!frame4.!canvas.!frame.!frame.!frame4.!frame2.!treeview"
2026-09-03 15:28:21 - ERROR - Dashboard refresh error: invalid command name ".!frame4.!canvas.!frame.!frame.!frame4.!frame2.!treeview"
Traceback (most recent call last):
  File "C:\Users\Erica Gallogo\OneDrive - National University\Desktop\MIDTERM\views\tracker_view.py", line 718, in load_data
    for item in self.tree.get_children():
                ~~~~~~~~~~~~~~~~~~~~~~^^
  File "C:\Users\Erica Gallogo\AppData\Local\Python\pythoncore-3.14-64\Lib\tkinter\ttk.py", line 1207, in get_children
    self.tk.call(self._w, "children", item or '') or ())
    ~~~~~~~~~~~~^^^^^^^^^^^^^^^^^^^^^^^^^^^^^^^^^
_tkinter.TclError: invalid command name ".!frame4.!canvas.!frame.!frame.!frame4.!frame2.!treeview"
2026-09-03 15:28:26 - ERROR - Dashboard refresh error: invalid command name ".!frame4.!canvas.!frame.!frame.!frame4.!frame2.!treeview"
Traceback (most recent call last):
  File "C:\Users\Erica Gallogo\OneDrive - National University\Desktop\MIDTERM\views\tracker_view.py", line 718, in load_data
    for item in self.tree.get_children():
                ~~~~~~~~~~~~~~~~~~~~~~^^
  File "C:\Users\Erica Gallogo\AppData\Local\Python\pythoncore-3.14-64\Lib\tkinter\ttk.py", line 1207, in get_children
    self.tk.call(self._w, "children", item or '') or ())
    ~~~~~~~~~~~~^^^^^^^^^^^^^^^^^^^^^^^^^^^^^^^^^
_tkinter.TclError: invalid command name ".!frame4.!canvas.!frame.!frame.!frame4.!frame2.!treeview"
2026-09-03 15:28:31 - ERROR - Dashboard refresh error: invalid command name ".!frame4.!canvas.!frame.!frame.!frame4.!frame2.!treeview"
Traceback (most recent call last):
  File "C:\Users\Erica Gallogo\OneDrive - National University\Desktop\MIDTERM\views\tracker_view.py", line 718, in load_data
    for item in self.tree.get_children():
                ~~~~~~~~~~~~~~~~~~~~~~^^
  File "C:\Users\Erica Gallogo\AppData\Local\Python\pythoncore-3.14-64\Lib\tkinter\ttk.py", line 1207, in get_children
    self.tk.call(self._w, "children", item or '') or ())
    ~~~~~~~~~~~~^^^^^^^^^^^^^^^^^^^^^^^^^^^^^^^^^
_tkinter.TclError: invalid command name ".!frame4.!canvas.!frame.!frame.!frame4.!frame2.!treeview"
2026-09-03 15:28:36 - ERROR - Dashboard refresh error: invalid command name ".!frame4.!canvas.!frame.!frame.!frame4.!frame2.!treeview"
Traceback (most recent call last):
  File "C:\Users\Erica Gallogo\OneDrive - National University\Desktop\MIDTERM\views\tracker_view.py", line 718, in load_data
    for item in self.tree.get_children():
                ~~~~~~~~~~~~~~~~~~~~~~^^
  File "C:\Users\Erica Gallogo\AppData\Local\Python\pythoncore-3.14-64\Lib\tkinter\ttk.py", line 1207, in get_children
    self.tk.call(self._w, "children", item or '') or ())
    ~~~~~~~~~~~~^^^^^^^^^^^^^^^^^^^^^^^^^^^^^^^^^
_tkinter.TclError: invalid command name ".!frame4.!canvas.!frame.!frame.!frame4.!frame2.!treeview"
2026-09-03 15:28:41 - ERROR - Dashboard refresh error: invalid command name ".!frame4.!canvas.!frame.!frame.!frame4.!frame2.!treeview"
Traceback (most recent call last):
  File "C:\Users\Erica Gallogo\OneDrive - National University\Desktop\MIDTERM\views\tracker_view.py", line 718, in load_data
    for item in self.tree.get_children():
                ~~~~~~~~~~~~~~~~~~~~~~^^
  File "C:\Users\Erica Gallogo\AppData\Local\Python\pythoncore-3.14-64\Lib\tkinter\ttk.py", line 1207, in get_children
    self.tk.call(self._w, "children", item or '') or ())
    ~~~~~~~~~~~~^^^^^^^^^^^^^^^^^^^^^^^^^^^^^^^^^
_tkinter.TclError: invalid command name ".!frame4.!canvas.!frame.!frame.!frame4.!frame2.!treeview"
2026-09-03 15:28:46 - ERROR - Dashboard refresh error: invalid command name ".!frame4.!canvas.!frame.!frame.!frame4.!frame2.!treeview"
Traceback (most recent call last):
  File "C:\Users\Erica Gallogo\OneDrive - National University\Desktop\MIDTERM\views\tracker_view.py", line 718, in load_data
    for item in self.tree.get_children():
                ~~~~~~~~~~~~~~~~~~~~~~^^
  File "C:\Users\Erica Gallogo\AppData\Local\Python\pythoncore-3.14-64\Lib\tkinter\ttk.py", line 1207, in get_children
    self.tk.call(self._w, "children", item or '') or ())
    ~~~~~~~~~~~~^^^^^^^^^^^^^^^^^^^^^^^^^^^^^^^^^
_tkinter.TclError: invalid command name ".!frame4.!canvas.!frame.!frame.!frame4.!frame2.!treeview"
2026-09-03 15:28:51 - ERROR - Dashboard refresh error: invalid command name ".!frame4.!canvas.!frame.!frame.!frame4.!frame2.!treeview"
Traceback (most recent call last):
  File "C:\Users\Erica Gallogo\OneDrive - National University\Desktop\MIDTERM\views\tracker_view.py", line 718, in load_data
    for item in self.tree.get_children():
                ~~~~~~~~~~~~~~~~~~~~~~^^
  File "C:\Users\Erica Gallogo\AppData\Local\Python\pythoncore-3.14-64\Lib\tkinter\ttk.py", line 1207, in get_children
    self.tk.call(self._w, "children", item or '') or ())
    ~~~~~~~~~~~~^^^^^^^^^^^^^^^^^^^^^^^^^^^^^^^^^
_tkinter.TclError: invalid command name ".!frame4.!canvas.!frame.!frame.!frame4.!frame2.!treeview"
2026-09-03 15:28:56 - ERROR - Dashboard refresh error: invalid command name ".!frame4.!canvas.!frame.!frame.!frame4.!frame2.!treeview"
Traceback (most recent call last):
  File "C:\Users\Erica Gallogo\OneDrive - National University\Desktop\MIDTERM\views\tracker_view.py", line 718, in load_data
    for item in self.tree.get_children():
                ~~~~~~~~~~~~~~~~~~~~~~^^
  File "C:\Users\Erica Gallogo\AppData\Local\Python\pythoncore-3.14-64\Lib\tkinter\ttk.py", line 1207, in get_children
    self.tk.call(self._w, "children", item or '') or ())
    ~~~~~~~~~~~~^^^^^^^^^^^^^^^^^^^^^^^^^^^^^^^^^
_tkinter.TclError: invalid command name ".!frame4.!canvas.!frame.!frame.!frame4.!frame2.!treeview"
2026-09-03 15:29:01 - ERROR - Dashboard refresh error: invalid command name ".!frame4.!canvas.!frame.!frame.!frame4.!frame2.!treeview"
Traceback (most recent call last):
  File "C:\Users\Erica Gallogo\OneDrive - National University\Desktop\MIDTERM\views\tracker_view.py", line 718, in load_data
    for item in self.tree.get_children():
                ~~~~~~~~~~~~~~~~~~~~~~^^
  File "C:\Users\Erica Gallogo\AppData\Local\Python\pythoncore-3.14-64\Lib\tkinter\ttk.py", line 1207, in get_children
    self.tk.call(self._w, "children", item or '') or ())
    ~~~~~~~~~~~~^^^^^^^^^^^^^^^^^^^^^^^^^^^^^^^^^
_tkinter.TclError: invalid command name ".!frame4.!canvas.!frame.!frame.!frame4.!frame2.!treeview"
2026-09-03 15:29:06 - ERROR - Dashboard refresh error: invalid command name ".!frame4.!canvas.!frame.!frame.!frame4.!frame2.!treeview"
Traceback (most recent call last):
  File "C:\Users\Erica Gallogo\OneDrive - National University\Desktop\MIDTERM\views\tracker_view.py", line 718, in load_data
    for item in self.tree.get_children():
                ~~~~~~~~~~~~~~~~~~~~~~^^
  File "C:\Users\Erica Gallogo\AppData\Local\Python\pythoncore-3.14-64\Lib\tkinter\ttk.py", line 1207, in get_children
    self.tk.call(self._w, "children", item or '') or ())
    ~~~~~~~~~~~~^^^^^^^^^^^^^^^^^^^^^^^^^^^^^^^^^
_tkinter.TclError: invalid command name ".!frame4.!canvas.!frame.!frame.!frame4.!frame2.!treeview"
2026-09-03 15:29:11 - ERROR - Dashboard refresh error: invalid command name ".!frame4.!canvas.!frame.!frame.!frame4.!frame2.!treeview"
Traceback (most recent call last):
  File "C:\Users\Erica Gallogo\OneDrive - National University\Desktop\MIDTERM\views\tracker_view.py", line 718, in load_data
    for item in self.tree.get_children():
                ~~~~~~~~~~~~~~~~~~~~~~^^
  File "C:\Users\Erica Gallogo\AppData\Local\Python\pythoncore-3.14-64\Lib\tkinter\ttk.py", line 1207, in get_children
    self.tk.call(self._w, "children", item or '') or ())
    ~~~~~~~~~~~~^^^^^^^^^^^^^^^^^^^^^^^^^^^^^^^^^
_tkinter.TclError: invalid command name ".!frame4.!canvas.!frame.!frame.!frame4.!frame2.!treeview"
2026-09-03 15:29:16 - ERROR - Dashboard refresh error: invalid command name ".!frame4.!canvas.!frame.!frame.!frame4.!frame2.!treeview"
Traceback (most recent call last):
  File "C:\Users\Erica Gallogo\OneDrive - National University\Desktop\MIDTERM\views\tracker_view.py", line 718, in load_data
    for item in self.tree.get_children():
                ~~~~~~~~~~~~~~~~~~~~~~^^
  File "C:\Users\Erica Gallogo\AppData\Local\Python\pythoncore-3.14-64\Lib\tkinter\ttk.py", line 1207, in get_children
    self.tk.call(self._w, "children", item or '') or ())
    ~~~~~~~~~~~~^^^^^^^^^^^^^^^^^^^^^^^^^^^^^^^^^
_tkinter.TclError: invalid command name ".!frame4.!canvas.!frame.!frame.!frame4.!frame2.!treeview"
2026-09-03 15:29:21 - ERROR - Dashboard refresh error: invalid command name ".!frame4.!canvas.!frame.!frame.!frame4.!frame2.!treeview"
Traceback (most recent call last):
  File "C:\Users\Erica Gallogo\OneDrive - National University\Desktop\MIDTERM\views\tracker_view.py", line 718, in load_data
    for item in self.tree.get_children():
                ~~~~~~~~~~~~~~~~~~~~~~^^
  File "C:\Users\Erica Gallogo\AppData\Local\Python\pythoncore-3.14-64\Lib\tkinter\ttk.py", line 1207, in get_children
    self.tk.call(self._w, "children", item or '') or ())
    ~~~~~~~~~~~~^^^^^^^^^^^^^^^^^^^^^^^^^^^^^^^^^
_tkinter.TclError: invalid command name ".!frame4.!canvas.!frame.!frame.!frame4.!frame2.!treeview"
2026-09-03 15:29:26 - ERROR - Dashboard refresh error: invalid command name ".!frame4.!canvas.!frame.!frame.!frame4.!frame2.!treeview"
Traceback (most recent call last):
  File "C:\Users\Erica Gallogo\OneDrive - National University\Desktop\MIDTERM\views\tracker_view.py", line 718, in load_data
    for item in self.tree.get_children():
                ~~~~~~~~~~~~~~~~~~~~~~^^
  File "C:\Users\Erica Gallogo\AppData\Local\Python\pythoncore-3.14-64\Lib\tkinter\ttk.py", line 1207, in get_children
    self.tk.call(self._w, "children", item or '') or ())
    ~~~~~~~~~~~~^^^^^^^^^^^^^^^^^^^^^^^^^^^^^^^^^
_tkinter.TclError: invalid command name ".!frame4.!canvas.!frame.!frame.!frame4.!frame2.!treeview"
2026-09-03 15:29:31 - ERROR - Dashboard refresh error: invalid command name ".!frame4.!canvas.!frame.!frame.!frame4.!frame2.!treeview"
Traceback (most recent call last):
  File "C:\Users\Erica Gallogo\OneDrive - National University\Desktop\MIDTERM\views\tracker_view.py", line 718, in load_data
    for item in self.tree.get_children():
                ~~~~~~~~~~~~~~~~~~~~~~^^
  File "C:\Users\Erica Gallogo\AppData\Local\Python\pythoncore-3.14-64\Lib\tkinter\ttk.py", line 1207, in get_children
    self.tk.call(self._w, "children", item or '') or ())
    ~~~~~~~~~~~~^^^^^^^^^^^^^^^^^^^^^^^^^^^^^^^^^
_tkinter.TclError: invalid command name ".!frame4.!canvas.!frame.!frame.!frame4.!frame2.!treeview"
2026-09-03 15:29:36 - ERROR - Dashboard refresh error: invalid command name ".!frame4.!canvas.!frame.!frame.!frame4.!frame2.!treeview"
Traceback (most recent call last):
  File "C:\Users\Erica Gallogo\OneDrive - National University\Desktop\MIDTERM\views\tracker_view.py", line 718, in load_data
    for item in self.tree.get_children():
                ~~~~~~~~~~~~~~~~~~~~~~^^
  File "C:\Users\Erica Gallogo\AppData\Local\Python\pythoncore-3.14-64\Lib\tkinter\ttk.py", line 1207, in get_children
    self.tk.call(self._w, "children", item or '') or ())
    ~~~~~~~~~~~~^^^^^^^^^^^^^^^^^^^^^^^^^^^^^^^^^
_tkinter.TclError: invalid command name ".!frame4.!canvas.!frame.!frame.!frame4.!frame2.!treeview"
2026-09-03 15:29:41 - ERROR - Dashboard refresh error: invalid command name ".!frame4.!canvas.!frame.!frame.!frame4.!frame2.!treeview"
Traceback (most recent call last):
  File "C:\Users\Erica Gallogo\OneDrive - National University\Desktop\MIDTERM\views\tracker_view.py", line 718, in load_data
    for item in self.tree.get_children():
                ~~~~~~~~~~~~~~~~~~~~~~^^
  File "C:\Users\Erica Gallogo\AppData\Local\Python\pythoncore-3.14-64\Lib\tkinter\ttk.py", line 1207, in get_children
    self.tk.call(self._w, "children", item or '') or ())
    ~~~~~~~~~~~~^^^^^^^^^^^^^^^^^^^^^^^^^^^^^^^^^
_tkinter.TclError: invalid command name ".!frame4.!canvas.!frame.!frame.!frame4.!frame2.!treeview"
2026-09-03 15:29:46 - ERROR - Dashboard refresh error: invalid command name ".!frame4.!canvas.!frame.!frame.!frame4.!frame2.!treeview"
Traceback (most recent call last):
  File "C:\Users\Erica Gallogo\OneDrive - National University\Desktop\MIDTERM\views\tracker_view.py", line 718, in load_data
    for item in self.tree.get_children():
                ~~~~~~~~~~~~~~~~~~~~~~^^
  File "C:\Users\Erica Gallogo\AppData\Local\Python\pythoncore-3.14-64\Lib\tkinter\ttk.py", line 1207, in get_children
    self.tk.call(self._w, "children", item or '') or ())
    ~~~~~~~~~~~~^^^^^^^^^^^^^^^^^^^^^^^^^^^^^^^^^
_tkinter.TclError: invalid command name ".!frame4.!canvas.!frame.!frame.!frame4.!frame2.!treeview"
2026-09-03 15:29:51 - ERROR - Dashboard refresh error: invalid command name ".!frame4.!canvas.!frame.!frame.!frame4.!frame2.!treeview"
Traceback (most recent call last):
  File "C:\Users\Erica Gallogo\OneDrive - National University\Desktop\MIDTERM\views\tracker_view.py", line 718, in load_data
    for item in self.tree.get_children():
                ~~~~~~~~~~~~~~~~~~~~~~^^
  File "C:\Users\Erica Gallogo\AppData\Local\Python\pythoncore-3.14-64\Lib\tkinter\ttk.py", line 1207, in get_children
    self.tk.call(self._w, "children", item or '') or ())
    ~~~~~~~~~~~~^^^^^^^^^^^^^^^^^^^^^^^^^^^^^^^^^
_tkinter.TclError: invalid command name ".!frame4.!canvas.!frame.!frame.!frame4.!frame2.!treeview"
2026-09-03 15:29:56 - ERROR - Dashboard refresh error: invalid command name ".!frame4.!canvas.!frame.!frame.!frame4.!frame2.!treeview"
Traceback (most recent call last):
  File "C:\Users\Erica Gallogo\OneDrive - National University\Desktop\MIDTERM\views\tracker_view.py", line 718, in load_data
    for item in self.tree.get_children():
                ~~~~~~~~~~~~~~~~~~~~~~^^
  File "C:\Users\Erica Gallogo\AppData\Local\Python\pythoncore-3.14-64\Lib\tkinter\ttk.py", line 1207, in get_children
    self.tk.call(self._w, "children", item or '') or ())
    ~~~~~~~~~~~~^^^^^^^^^^^^^^^^^^^^^^^^^^^^^^^^^
_tkinter.TclError: invalid command name ".!frame4.!canvas.!frame.!frame.!frame4.!frame2.!treeview"
2026-09-03 15:30:01 - ERROR - Dashboard refresh error: invalid command name ".!frame4.!canvas.!frame.!frame.!frame4.!frame2.!treeview"
Traceback (most recent call last):
  File "C:\Users\Erica Gallogo\OneDrive - National University\Desktop\MIDTERM\views\tracker_view.py", line 718, in load_data
    for item in self.tree.get_children():
                ~~~~~~~~~~~~~~~~~~~~~~^^
  File "C:\Users\Erica Gallogo\AppData\Local\Python\pythoncore-3.14-64\Lib\tkinter\ttk.py", line 1207, in get_children
    self.tk.call(self._w, "children", item or '') or ())
    ~~~~~~~~~~~~^^^^^^^^^^^^^^^^^^^^^^^^^^^^^^^^^
_tkinter.TclError: invalid command name ".!frame4.!canvas.!frame.!frame.!frame4.!frame2.!treeview"
2026-09-03 15:30:06 - ERROR - Dashboard refresh error: invalid command name ".!frame4.!canvas.!frame.!frame.!frame4.!frame2.!treeview"
Traceback (most recent call last):
  File "C:\Users\Erica Gallogo\OneDrive - National University\Desktop\MIDTERM\views\tracker_view.py", line 718, in load_data
    for item in self.tree.get_children():
                ~~~~~~~~~~~~~~~~~~~~~~^^
  File "C:\Users\Erica Gallogo\AppData\Local\Python\pythoncore-3.14-64\Lib\tkinter\ttk.py", line 1207, in get_children
    self.tk.call(self._w, "children", item or '') or ())
    ~~~~~~~~~~~~^^^^^^^^^^^^^^^^^^^^^^^^^^^^^^^^^
_tkinter.TclError: invalid command name ".!frame4.!canvas.!frame.!frame.!frame4.!frame2.!treeview"
2026-09-03 15:30:11 - ERROR - Dashboard refresh error: invalid command name ".!frame4.!canvas.!frame.!frame.!frame4.!frame2.!treeview"
Traceback (most recent call last):
  File "C:\Users\Erica Gallogo\OneDrive - National University\Desktop\MIDTERM\views\tracker_view.py", line 718, in load_data
    for item in self.tree.get_children():
                ~~~~~~~~~~~~~~~~~~~~~~^^
  File "C:\Users\Erica Gallogo\AppData\Local\Python\pythoncore-3.14-64\Lib\tkinter\ttk.py", line 1207, in get_children
    self.tk.call(self._w, "children", item or '') or ())
    ~~~~~~~~~~~~^^^^^^^^^^^^^^^^^^^^^^^^^^^^^^^^^
_tkinter.TclError: invalid command name ".!frame4.!canvas.!frame.!frame.!frame4.!frame2.!treeview"
2026-09-03 15:30:16 - ERROR - Dashboard refresh error: invalid command name ".!frame4.!canvas.!frame.!frame.!frame4.!frame2.!treeview"
Traceback (most recent call last):
  File "C:\Users\Erica Gallogo\OneDrive - National University\Desktop\MIDTERM\views\tracker_view.py", line 718, in load_data
    for item in self.tree.get_children():
                ~~~~~~~~~~~~~~~~~~~~~~^^
  File "C:\Users\Erica Gallogo\AppData\Local\Python\pythoncore-3.14-64\Lib\tkinter\ttk.py", line 1207, in get_children
    self.tk.call(self._w, "children", item or '') or ())
    ~~~~~~~~~~~~^^^^^^^^^^^^^^^^^^^^^^^^^^^^^^^^^
_tkinter.TclError: invalid command name ".!frame4.!canvas.!frame.!frame.!frame4.!frame2.!treeview"
2026-09-03 15:30:21 - ERROR - Dashboard refresh error: invalid command name ".!frame4.!canvas.!frame.!frame.!frame4.!frame2.!treeview"
Traceback (most recent call last):
  File "C:\Users\Erica Gallogo\OneDrive - National University\Desktop\MIDTERM\views\tracker_view.py", line 718, in load_data
    for item in self.tree.get_children():
                ~~~~~~~~~~~~~~~~~~~~~~^^
  File "C:\Users\Erica Gallogo\AppData\Local\Python\pythoncore-3.14-64\Lib\tkinter\ttk.py", line 1207, in get_children
    self.tk.call(self._w, "children", item or '') or ())
    ~~~~~~~~~~~~^^^^^^^^^^^^^^^^^^^^^^^^^^^^^^^^^
_tkinter.TclError: invalid command name ".!frame4.!canvas.!frame.!frame.!frame4.!frame2.!treeview"
2026-09-03 15:30:26 - ERROR - Dashboard refresh error: invalid command name ".!frame4.!canvas.!frame.!frame.!frame4.!frame2.!treeview"
Traceback (most recent call last):
  File "C:\Users\Erica Gallogo\OneDrive - National University\Desktop\MIDTERM\views\tracker_view.py", line 718, in load_data
    for item in self.tree.get_children():
                ~~~~~~~~~~~~~~~~~~~~~~^^
  File "C:\Users\Erica Gallogo\AppData\Local\Python\pythoncore-3.14-64\Lib\tkinter\ttk.py", line 1207, in get_children
    self.tk.call(self._w, "children", item or '') or ())
    ~~~~~~~~~~~~^^^^^^^^^^^^^^^^^^^^^^^^^^^^^^^^^
_tkinter.TclError: invalid command name ".!frame4.!canvas.!frame.!frame.!frame4.!frame2.!treeview"
2026-09-03 15:30:31 - ERROR - Dashboard refresh error: invalid command name ".!frame4.!canvas.!frame.!frame.!frame4.!frame2.!treeview"
Traceback (most recent call last):
  File "C:\Users\Erica Gallogo\OneDrive - National University\Desktop\MIDTERM\views\tracker_view.py", line 718, in load_data
    for item in self.tree.get_children():
                ~~~~~~~~~~~~~~~~~~~~~~^^
  File "C:\Users\Erica Gallogo\AppData\Local\Python\pythoncore-3.14-64\Lib\tkinter\ttk.py", line 1207, in get_children
    self.tk.call(self._w, "children", item or '') or ())
    ~~~~~~~~~~~~^^^^^^^^^^^^^^^^^^^^^^^^^^^^^^^^^
_tkinter.TclError: invalid command name ".!frame4.!canvas.!frame.!frame.!frame4.!frame2.!treeview"
2026-09-03 15:30:36 - ERROR - Dashboard refresh error: invalid command name ".!frame4.!canvas.!frame.!frame.!frame4.!frame2.!treeview"
Traceback (most recent call last):
  File "C:\Users\Erica Gallogo\OneDrive - National University\Desktop\MIDTERM\views\tracker_view.py", line 718, in load_data
    for item in self.tree.get_children():
                ~~~~~~~~~~~~~~~~~~~~~~^^
  File "C:\Users\Erica Gallogo\AppData\Local\Python\pythoncore-3.14-64\Lib\tkinter\ttk.py", line 1207, in get_children
    self.tk.call(self._w, "children", item or '') or ())
    ~~~~~~~~~~~~^^^^^^^^^^^^^^^^^^^^^^^^^^^^^^^^^
_tkinter.TclError: invalid command name ".!frame4.!canvas.!frame.!frame.!frame4.!frame2.!treeview"
2026-09-03 15:30:41 - INFO - User Logged In: 'erica'
2026-09-03 15:30:41 - ERROR - Dashboard refresh error: invalid command name ".!frame4.!canvas.!frame.!frame.!frame4.!frame2.!treeview"
Traceback (most recent call last):
  File "C:\Users\Erica Gallogo\OneDrive - National University\Desktop\MIDTERM\views\tracker_view.py", line 718, in load_data
    for item in self.tree.get_children():
                ~~~~~~~~~~~~~~~~~~~~~~^^
  File "C:\Users\Erica Gallogo\AppData\Local\Python\pythoncore-3.14-64\Lib\tkinter\ttk.py", line 1207, in get_children
    self.tk.call(self._w, "children", item or '') or ())
    ~~~~~~~~~~~~^^^^^^^^^^^^^^^^^^^^^^^^^^^^^^^^^
_tkinter.TclError: invalid command name ".!frame4.!canvas.!frame.!frame.!frame4.!frame2.!treeview"
2026-09-03 15:30:46 - ERROR - Dashboard refresh error: invalid command name ".!frame4.!canvas.!frame.!frame.!frame4.!frame2.!treeview"
Traceback (most recent call last):
  File "C:\Users\Erica Gallogo\OneDrive - National University\Desktop\MIDTERM\views\tracker_view.py", line 718, in load_data
    for item in self.tree.get_children():
                ~~~~~~~~~~~~~~~~~~~~~~^^
  File "C:\Users\Erica Gallogo\AppData\Local\Python\pythoncore-3.14-64\Lib\tkinter\ttk.py", line 1207, in get_children
    self.tk.call(self._w, "children", item or '') or ())
    ~~~~~~~~~~~~^^^^^^^^^^^^^^^^^^^^^^^^^^^^^^^^^
_tkinter.TclError: invalid command name ".!frame4.!canvas.!frame.!frame.!frame4.!frame2.!treeview"
2026-09-03 15:30:51 - ERROR - Dashboard refresh error: invalid command name ".!frame4.!canvas.!frame.!frame.!frame4.!frame2.!treeview"
Traceback (most recent call last):
  File "C:\Users\Erica Gallogo\OneDrive - National University\Desktop\MIDTERM\views\tracker_view.py", line 718, in load_data
    for item in self.tree.get_children():
                ~~~~~~~~~~~~~~~~~~~~~~^^
  File "C:\Users\Erica Gallogo\AppData\Local\Python\pythoncore-3.14-64\Lib\tkinter\ttk.py", line 1207, in get_children
    self.tk.call(self._w, "children", item or '') or ())
    ~~~~~~~~~~~~^^^^^^^^^^^^^^^^^^^^^^^^^^^^^^^^^
_tkinter.TclError: invalid command name ".!frame4.!canvas.!frame.!frame.!frame4.!frame2.!treeview"
2026-09-03 15:30:56 - ERROR - Dashboard refresh error: invalid command name ".!frame4.!canvas.!frame.!frame.!frame4.!frame2.!treeview"
Traceback (most recent call last):
  File "C:\Users\Erica Gallogo\OneDrive - National University\Desktop\MIDTERM\views\tracker_view.py", line 718, in load_data
    for item in self.tree.get_children():
                ~~~~~~~~~~~~~~~~~~~~~~^^
  File "C:\Users\Erica Gallogo\AppData\Local\Python\pythoncore-3.14-64\Lib\tkinter\ttk.py", line 1207, in get_children
    self.tk.call(self._w, "children", item or '') or ())
    ~~~~~~~~~~~~^^^^^^^^^^^^^^^^^^^^^^^^^^^^^^^^^
_tkinter.TclError: invalid command name ".!frame4.!canvas.!frame.!frame.!frame4.!frame2.!treeview"
2026-09-03 15:31:01 - ERROR - Dashboard refresh error: invalid command name ".!frame4.!canvas.!frame.!frame.!frame4.!frame2.!treeview"
Traceback (most recent call last):
  File "C:\Users\Erica Gallogo\OneDrive - National University\Desktop\MIDTERM\views\tracker_view.py", line 718, in load_data
    for item in self.tree.get_children():
                ~~~~~~~~~~~~~~~~~~~~~~^^
  File "C:\Users\Erica Gallogo\AppData\Local\Python\pythoncore-3.14-64\Lib\tkinter\ttk.py", line 1207, in get_children
    self.tk.call(self._w, "children", item or '') or ())
    ~~~~~~~~~~~~^^^^^^^^^^^^^^^^^^^^^^^^^^^^^^^^^
_tkinter.TclError: invalid command name ".!frame4.!canvas.!frame.!frame.!frame4.!frame2.!treeview"
2026-09-03 15:31:06 - ERROR - Dashboard refresh error: invalid command name ".!frame4.!canvas.!frame.!frame.!frame4.!frame2.!treeview"
Traceback (most recent call last):
  File "C:\Users\Erica Gallogo\OneDrive - National University\Desktop\MIDTERM\views\tracker_view.py", line 718, in load_data
    for item in self.tree.get_children():
                ~~~~~~~~~~~~~~~~~~~~~~^^
  File "C:\Users\Erica Gallogo\AppData\Local\Python\pythoncore-3.14-64\Lib\tkinter\ttk.py", line 1207, in get_children
    self.tk.call(self._w, "children", item or '') or ())
    ~~~~~~~~~~~~^^^^^^^^^^^^^^^^^^^^^^^^^^^^^^^^^
_tkinter.TclError: invalid command name ".!frame4.!canvas.!frame.!frame.!frame4.!frame2.!treeview"
2026-09-03 15:31:11 - ERROR - Dashboard refresh error: invalid command name ".!frame4.!canvas.!frame.!frame.!frame4.!frame2.!treeview"
Traceback (most recent call last):
  File "C:\Users\Erica Gallogo\OneDrive - National University\Desktop\MIDTERM\views\tracker_view.py", line 718, in load_data
    for item in self.tree.get_children():
                ~~~~~~~~~~~~~~~~~~~~~~^^
  File "C:\Users\Erica Gallogo\AppData\Local\Python\pythoncore-3.14-64\Lib\tkinter\ttk.py", line 1207, in get_children
    self.tk.call(self._w, "children", item or '') or ())
    ~~~~~~~~~~~~^^^^^^^^^^^^^^^^^^^^^^^^^^^^^^^^^
_tkinter.TclError: invalid command name ".!frame4.!canvas.!frame.!frame.!frame4.!frame2.!treeview"
2026-09-03 15:31:12 - INFO - User Logged Out: 'erica'
2026-09-03 15:31:13 - ERROR - Dashboard refresh error: invalid command name ".!frame10.!canvas.!frame.!frame.!frame4.!frame2.!treeview"
Traceback (most recent call last):
  File "C:\Users\Erica Gallogo\OneDrive - National University\Desktop\MIDTERM\views\tracker_view.py", line 718, in load_data
    for item in self.tree.get_children():
                ~~~~~~~~~~~~~~~~~~~~~~^^
  File "C:\Users\Erica Gallogo\AppData\Local\Python\pythoncore-3.14-64\Lib\tkinter\ttk.py", line 1207, in get_children
    self.tk.call(self._w, "children", item or '') or ())
    ~~~~~~~~~~~~^^^^^^^^^^^^^^^^^^^^^^^^^^^^^^^^^
_tkinter.TclError: invalid command name ".!frame10.!canvas.!frame.!frame.!frame4.!frame2.!treeview"
2026-09-03 15:31:16 - ERROR - Dashboard refresh error: invalid command name ".!frame4.!canvas.!frame.!frame.!frame4.!frame2.!treeview"
Traceback (most recent call last):
  File "C:\Users\Erica Gallogo\OneDrive - National University\Desktop\MIDTERM\views\tracker_view.py", line 718, in load_data
    for item in self.tree.get_children():
                ~~~~~~~~~~~~~~~~~~~~~~^^
  File "C:\Users\Erica Gallogo\AppData\Local\Python\pythoncore-3.14-64\Lib\tkinter\ttk.py", line 1207, in get_children
    self.tk.call(self._w, "children", item or '') or ())
    ~~~~~~~~~~~~^^^^^^^^^^^^^^^^^^^^^^^^^^^^^^^^^
_tkinter.TclError: invalid command name ".!frame4.!canvas.!frame.!frame.!frame4.!frame2.!treeview"
2026-09-03 15:31:18 - ERROR - Dashboard refresh error: invalid command name ".!frame10.!canvas.!frame.!frame.!frame4.!frame2.!treeview"
Traceback (most recent call last):
  File "C:\Users\Erica Gallogo\OneDrive - National University\Desktop\MIDTERM\views\tracker_view.py", line 718, in load_data
    for item in self.tree.get_children():
                ~~~~~~~~~~~~~~~~~~~~~~^^
  File "C:\Users\Erica Gallogo\AppData\Local\Python\pythoncore-3.14-64\Lib\tkinter\ttk.py", line 1207, in get_children
    self.tk.call(self._w, "children", item or '') or ())
    ~~~~~~~~~~~~^^^^^^^^^^^^^^^^^^^^^^^^^^^^^^^^^
_tkinter.TclError: invalid command name ".!frame10.!canvas.!frame.!frame.!frame4.!frame2.!treeview"
2026-09-03 15:31:21 - ERROR - Dashboard refresh error: invalid command name ".!frame4.!canvas.!frame.!frame.!frame4.!frame2.!treeview"
Traceback (most recent call last):
  File "C:\Users\Erica Gallogo\OneDrive - National University\Desktop\MIDTERM\views\tracker_view.py", line 718, in load_data
    for item in self.tree.get_children():
                ~~~~~~~~~~~~~~~~~~~~~~^^
  File "C:\Users\Erica Gallogo\AppData\Local\Python\pythoncore-3.14-64\Lib\tkinter\ttk.py", line 1207, in get_children
    self.tk.call(self._w, "children", item or '') or ())
    ~~~~~~~~~~~~^^^^^^^^^^^^^^^^^^^^^^^^^^^^^^^^^
_tkinter.TclError: invalid command name ".!frame4.!canvas.!frame.!frame.!frame4.!frame2.!treeview"
2026-09-03 15:31:23 - ERROR - Dashboard refresh error: invalid command name ".!frame10.!canvas.!frame.!frame.!frame4.!frame2.!treeview"
Traceback (most recent call last):
  File "C:\Users\Erica Gallogo\OneDrive - National University\Desktop\MIDTERM\views\tracker_view.py", line 718, in load_data
    for item in self.tree.get_children():
                ~~~~~~~~~~~~~~~~~~~~~~^^
  File "C:\Users\Erica Gallogo\AppData\Local\Python\pythoncore-3.14-64\Lib\tkinter\ttk.py", line 1207, in get_children
    self.tk.call(self._w, "children", item or '') or ())
    ~~~~~~~~~~~~^^^^^^^^^^^^^^^^^^^^^^^^^^^^^^^^^
_tkinter.TclError: invalid command name ".!frame10.!canvas.!frame.!frame.!frame4.!frame2.!treeview"
2026-09-03 15:31:26 - ERROR - Dashboard refresh error: invalid command name ".!frame4.!canvas.!frame.!frame.!frame4.!frame2.!treeview"
Traceback (most recent call last):
  File "C:\Users\Erica Gallogo\OneDrive - National University\Desktop\MIDTERM\views\tracker_view.py", line 718, in load_data
    for item in self.tree.get_children():
                ~~~~~~~~~~~~~~~~~~~~~~^^
  File "C:\Users\Erica Gallogo\AppData\Local\Python\pythoncore-3.14-64\Lib\tkinter\ttk.py", line 1207, in get_children
    self.tk.call(self._w, "children", item or '') or ())
    ~~~~~~~~~~~~^^^^^^^^^^^^^^^^^^^^^^^^^^^^^^^^^
_tkinter.TclError: invalid command name ".!frame4.!canvas.!frame.!frame.!frame4.!frame2.!treeview"
2026-09-03 15:31:28 - ERROR - Dashboard refresh error: invalid command name ".!frame10.!canvas.!frame.!frame.!frame4.!frame2.!treeview"
Traceback (most recent call last):
  File "C:\Users\Erica Gallogo\OneDrive - National University\Desktop\MIDTERM\views\tracker_view.py", line 718, in load_data
    for item in self.tree.get_children():
                ~~~~~~~~~~~~~~~~~~~~~~^^
  File "C:\Users\Erica Gallogo\AppData\Local\Python\pythoncore-3.14-64\Lib\tkinter\ttk.py", line 1207, in get_children
    self.tk.call(self._w, "children", item or '') or ())
    ~~~~~~~~~~~~^^^^^^^^^^^^^^^^^^^^^^^^^^^^^^^^^
_tkinter.TclError: invalid command name ".!frame10.!canvas.!frame.!frame.!frame4.!frame2.!treeview"
2026-09-03 15:31:31 - ERROR - Dashboard refresh error: invalid command name ".!frame4.!canvas.!frame.!frame.!frame4.!frame2.!treeview"
Traceback (most recent call last):
  File "C:\Users\Erica Gallogo\OneDrive - National University\Desktop\MIDTERM\views\tracker_view.py", line 718, in load_data
    for item in self.tree.get_children():
                ~~~~~~~~~~~~~~~~~~~~~~^^
  File "C:\Users\Erica Gallogo\AppData\Local\Python\pythoncore-3.14-64\Lib\tkinter\ttk.py", line 1207, in get_children
    self.tk.call(self._w, "children", item or '') or ())
    ~~~~~~~~~~~~^^^^^^^^^^^^^^^^^^^^^^^^^^^^^^^^^
_tkinter.TclError: invalid command name ".!frame4.!canvas.!frame.!frame.!frame4.!frame2.!treeview"
2026-09-03 15:31:33 - ERROR - Dashboard refresh error: invalid command name ".!frame10.!canvas.!frame.!frame.!frame4.!frame2.!treeview"
Traceback (most recent call last):
  File "C:\Users\Erica Gallogo\OneDrive - National University\Desktop\MIDTERM\views\tracker_view.py", line 718, in load_data
    for item in self.tree.get_children():
                ~~~~~~~~~~~~~~~~~~~~~~^^
  File "C:\Users\Erica Gallogo\AppData\Local\Python\pythoncore-3.14-64\Lib\tkinter\ttk.py", line 1207, in get_children
    self.tk.call(self._w, "children", item or '') or ())
    ~~~~~~~~~~~~^^^^^^^^^^^^^^^^^^^^^^^^^^^^^^^^^
_tkinter.TclError: invalid command name ".!frame10.!canvas.!frame.!frame.!frame4.!frame2.!treeview"
2026-09-03 15:31:36 - ERROR - Dashboard refresh error: invalid command name ".!frame4.!canvas.!frame.!frame.!frame4.!frame2.!treeview"
Traceback (most recent call last):
  File "C:\Users\Erica Gallogo\OneDrive - National University\Desktop\MIDTERM\views\tracker_view.py", line 718, in load_data
    for item in self.tree.get_children():
                ~~~~~~~~~~~~~~~~~~~~~~^^
  File "C:\Users\Erica Gallogo\AppData\Local\Python\pythoncore-3.14-64\Lib\tkinter\ttk.py", line 1207, in get_children
    self.tk.call(self._w, "children", item or '') or ())
    ~~~~~~~~~~~~^^^^^^^^^^^^^^^^^^^^^^^^^^^^^^^^^
_tkinter.TclError: invalid command name ".!frame4.!canvas.!frame.!frame.!frame4.!frame2.!treeview"
2026-09-03 15:31:38 - ERROR - Dashboard refresh error: invalid command name ".!frame10.!canvas.!frame.!frame.!frame4.!frame2.!treeview"
Traceback (most recent call last):
  File "C:\Users\Erica Gallogo\OneDrive - National University\Desktop\MIDTERM\views\tracker_view.py", line 718, in load_data
    for item in self.tree.get_children():
                ~~~~~~~~~~~~~~~~~~~~~~^^
  File "C:\Users\Erica Gallogo\AppData\Local\Python\pythoncore-3.14-64\Lib\tkinter\ttk.py", line 1207, in get_children
    self.tk.call(self._w, "children", item or '') or ())
    ~~~~~~~~~~~~^^^^^^^^^^^^^^^^^^^^^^^^^^^^^^^^^
_tkinter.TclError: invalid command name ".!frame10.!canvas.!frame.!frame.!frame4.!frame2.!treeview"
2026-09-03 15:31:41 - ERROR - Dashboard refresh error: invalid command name ".!frame4.!canvas.!frame.!frame.!frame4.!frame2.!treeview"
Traceback (most recent call last):
  File "C:\Users\Erica Gallogo\OneDrive - National University\Desktop\MIDTERM\views\tracker_view.py", line 718, in load_data
    for item in self.tree.get_children():
                ~~~~~~~~~~~~~~~~~~~~~~^^
  File "C:\Users\Erica Gallogo\AppData\Local\Python\pythoncore-3.14-64\Lib\tkinter\ttk.py", line 1207, in get_children
    self.tk.call(self._w, "children", item or '') or ())
    ~~~~~~~~~~~~^^^^^^^^^^^^^^^^^^^^^^^^^^^^^^^^^
_tkinter.TclError: invalid command name ".!frame4.!canvas.!frame.!frame.!frame4.!frame2.!treeview"
2026-09-03 15:31:43 - ERROR - Dashboard refresh error: invalid command name ".!frame10.!canvas.!frame.!frame.!frame4.!frame2.!treeview"
Traceback (most recent call last):
  File "C:\Users\Erica Gallogo\OneDrive - National University\Desktop\MIDTERM\views\tracker_view.py", line 718, in load_data
    for item in self.tree.get_children():
                ~~~~~~~~~~~~~~~~~~~~~~^^
  File "C:\Users\Erica Gallogo\AppData\Local\Python\pythoncore-3.14-64\Lib\tkinter\ttk.py", line 1207, in get_children
    self.tk.call(self._w, "children", item or '') or ())
    ~~~~~~~~~~~~^^^^^^^^^^^^^^^^^^^^^^^^^^^^^^^^^
_tkinter.TclError: invalid command name ".!frame10.!canvas.!frame.!frame.!frame4.!frame2.!treeview"
2026-09-03 15:31:46 - ERROR - Dashboard refresh error: invalid command name ".!frame4.!canvas.!frame.!frame.!frame4.!frame2.!treeview"
Traceback (most recent call last):
  File "C:\Users\Erica Gallogo\OneDrive - National University\Desktop\MIDTERM\views\tracker_view.py", line 718, in load_data
    for item in self.tree.get_children():
                ~~~~~~~~~~~~~~~~~~~~~~^^
  File "C:\Users\Erica Gallogo\AppData\Local\Python\pythoncore-3.14-64\Lib\tkinter\ttk.py", line 1207, in get_children
    self.tk.call(self._w, "children", item or '') or ())
    ~~~~~~~~~~~~^^^^^^^^^^^^^^^^^^^^^^^^^^^^^^^^^
_tkinter.TclError: invalid command name ".!frame4.!canvas.!frame.!frame.!frame4.!frame2.!treeview"
2026-09-03 15:31:48 - ERROR - Dashboard refresh error: invalid command name ".!frame10.!canvas.!frame.!frame.!frame4.!frame2.!treeview"
Traceback (most recent call last):
  File "C:\Users\Erica Gallogo\OneDrive - National University\Desktop\MIDTERM\views\tracker_view.py", line 718, in load_data
    for item in self.tree.get_children():
                ~~~~~~~~~~~~~~~~~~~~~~^^
  File "C:\Users\Erica Gallogo\AppData\Local\Python\pythoncore-3.14-64\Lib\tkinter\ttk.py", line 1207, in get_children
    self.tk.call(self._w, "children", item or '') or ())
    ~~~~~~~~~~~~^^^^^^^^^^^^^^^^^^^^^^^^^^^^^^^^^
_tkinter.TclError: invalid command name ".!frame10.!canvas.!frame.!frame.!frame4.!frame2.!treeview"
2026-09-03 15:31:51 - INFO - User Logged In: 'erica'
2026-09-03 15:31:51 - ERROR - Dashboard refresh error: invalid command name ".!frame4.!canvas.!frame.!frame.!frame4.!frame2.!treeview"
Traceback (most recent call last):
  File "C:\Users\Erica Gallogo\OneDrive - National University\Desktop\MIDTERM\views\tracker_view.py", line 718, in load_data
    for item in self.tree.get_children():
                ~~~~~~~~~~~~~~~~~~~~~~^^
  File "C:\Users\Erica Gallogo\AppData\Local\Python\pythoncore-3.14-64\Lib\tkinter\ttk.py", line 1207, in get_children
    self.tk.call(self._w, "children", item or '') or ())
    ~~~~~~~~~~~~^^^^^^^^^^^^^^^^^^^^^^^^^^^^^^^^^
_tkinter.TclError: invalid command name ".!frame4.!canvas.!frame.!frame.!frame4.!frame2.!treeview"
2026-09-03 15:31:53 - ERROR - Dashboard refresh error: invalid command name ".!frame10.!canvas.!frame.!frame.!frame4.!frame2.!treeview"
Traceback (most recent call last):
  File "C:\Users\Erica Gallogo\OneDrive - National University\Desktop\MIDTERM\views\tracker_view.py", line 718, in load_data
    for item in self.tree.get_children():
                ~~~~~~~~~~~~~~~~~~~~~~^^
  File "C:\Users\Erica Gallogo\AppData\Local\Python\pythoncore-3.14-64\Lib\tkinter\ttk.py", line 1207, in get_children
    self.tk.call(self._w, "children", item or '') or ())
    ~~~~~~~~~~~~^^^^^^^^^^^^^^^^^^^^^^^^^^^^^^^^^
_tkinter.TclError: invalid command name ".!frame10.!canvas.!frame.!frame.!frame4.!frame2.!treeview"
2026-09-03 15:31:56 - ERROR - Dashboard refresh error: invalid command name ".!frame4.!canvas.!frame.!frame.!frame4.!frame2.!treeview"
Traceback (most recent call last):
  File "C:\Users\Erica Gallogo\OneDrive - National University\Desktop\MIDTERM\views\tracker_view.py", line 718, in load_data
    for item in self.tree.get_children():
                ~~~~~~~~~~~~~~~~~~~~~~^^
  File "C:\Users\Erica Gallogo\AppData\Local\Python\pythoncore-3.14-64\Lib\tkinter\ttk.py", line 1207, in get_children
    self.tk.call(self._w, "children", item or '') or ())
    ~~~~~~~~~~~~^^^^^^^^^^^^^^^^^^^^^^^^^^^^^^^^^
_tkinter.TclError: invalid command name ".!frame4.!canvas.!frame.!frame.!frame4.!frame2.!treeview"
2026-09-03 15:31:58 - ERROR - Dashboard refresh error: invalid command name ".!frame10.!canvas.!frame.!frame.!frame4.!frame2.!treeview"
Traceback (most recent call last):
  File "C:\Users\Erica Gallogo\OneDrive - National University\Desktop\MIDTERM\views\tracker_view.py", line 718, in load_data
    for item in self.tree.get_children():
                ~~~~~~~~~~~~~~~~~~~~~~^^
  File "C:\Users\Erica Gallogo\AppData\Local\Python\pythoncore-3.14-64\Lib\tkinter\ttk.py", line 1207, in get_children
    self.tk.call(self._w, "children", item or '') or ())
    ~~~~~~~~~~~~^^^^^^^^^^^^^^^^^^^^^^^^^^^^^^^^^
_tkinter.TclError: invalid command name ".!frame10.!canvas.!frame.!frame.!frame4.!frame2.!treeview"
2026-09-03 15:32:01 - ERROR - Dashboard refresh error: invalid command name ".!frame4.!canvas.!frame.!frame.!frame4.!frame2.!treeview"
Traceback (most recent call last):
  File "C:\Users\Erica Gallogo\OneDrive - National University\Desktop\MIDTERM\views\tracker_view.py", line 718, in load_data
    for item in self.tree.get_children():
                ~~~~~~~~~~~~~~~~~~~~~~^^
  File "C:\Users\Erica Gallogo\AppData\Local\Python\pythoncore-3.14-64\Lib\tkinter\ttk.py", line 1207, in get_children
    self.tk.call(self._w, "children", item or '') or ())
    ~~~~~~~~~~~~^^^^^^^^^^^^^^^^^^^^^^^^^^^^^^^^^
_tkinter.TclError: invalid command name ".!frame4.!canvas.!frame.!frame.!frame4.!frame2.!treeview"
2026-09-03 15:32:03 - ERROR - Dashboard refresh error: invalid command name ".!frame10.!canvas.!frame.!frame.!frame4.!frame2.!treeview"
Traceback (most recent call last):
  File "C:\Users\Erica Gallogo\OneDrive - National University\Desktop\MIDTERM\views\tracker_view.py", line 718, in load_data
    for item in self.tree.get_children():
                ~~~~~~~~~~~~~~~~~~~~~~^^
  File "C:\Users\Erica Gallogo\AppData\Local\Python\pythoncore-3.14-64\Lib\tkinter\ttk.py", line 1207, in get_children
    self.tk.call(self._w, "children", item or '') or ())
    ~~~~~~~~~~~~^^^^^^^^^^^^^^^^^^^^^^^^^^^^^^^^^
_tkinter.TclError: invalid command name ".!frame10.!canvas.!frame.!frame.!frame4.!frame2.!treeview"
2026-09-03 15:32:06 - ERROR - Dashboard refresh error: invalid command name ".!frame4.!canvas.!frame.!frame.!frame4.!frame2.!treeview"
Traceback (most recent call last):
  File "C:\Users\Erica Gallogo\OneDrive - National University\Desktop\MIDTERM\views\tracker_view.py", line 718, in load_data
    for item in self.tree.get_children():
                ~~~~~~~~~~~~~~~~~~~~~~^^
  File "C:\Users\Erica Gallogo\AppData\Local\Python\pythoncore-3.14-64\Lib\tkinter\ttk.py", line 1207, in get_children
    self.tk.call(self._w, "children", item or '') or ())
    ~~~~~~~~~~~~^^^^^^^^^^^^^^^^^^^^^^^^^^^^^^^^^
_tkinter.TclError: invalid command name ".!frame4.!canvas.!frame.!frame.!frame4.!frame2.!treeview"
2026-09-03 15:32:08 - ERROR - Dashboard refresh error: invalid command name ".!frame10.!canvas.!frame.!frame.!frame4.!frame2.!treeview"
Traceback (most recent call last):
  File "C:\Users\Erica Gallogo\OneDrive - National University\Desktop\MIDTERM\views\tracker_view.py", line 718, in load_data
    for item in self.tree.get_children():
                ~~~~~~~~~~~~~~~~~~~~~~^^
  File "C:\Users\Erica Gallogo\AppData\Local\Python\pythoncore-3.14-64\Lib\tkinter\ttk.py", line 1207, in get_children
    self.tk.call(self._w, "children", item or '') or ())
    ~~~~~~~~~~~~^^^^^^^^^^^^^^^^^^^^^^^^^^^^^^^^^
_tkinter.TclError: invalid command name ".!frame10.!canvas.!frame.!frame.!frame4.!frame2.!treeview"
2026-09-03 15:32:11 - ERROR - Dashboard refresh error: invalid command name ".!frame4.!canvas.!frame.!frame.!frame4.!frame2.!treeview"
Traceback (most recent call last):
  File "C:\Users\Erica Gallogo\OneDrive - National University\Desktop\MIDTERM\views\tracker_view.py", line 718, in load_data
    for item in self.tree.get_children():
                ~~~~~~~~~~~~~~~~~~~~~~^^
  File "C:\Users\Erica Gallogo\AppData\Local\Python\pythoncore-3.14-64\Lib\tkinter\ttk.py", line 1207, in get_children
    self.tk.call(self._w, "children", item or '') or ())
    ~~~~~~~~~~~~^^^^^^^^^^^^^^^^^^^^^^^^^^^^^^^^^
_tkinter.TclError: invalid command name ".!frame4.!canvas.!frame.!frame.!frame4.!frame2.!treeview"
2026-09-03 15:32:13 - ERROR - Dashboard refresh error: invalid command name ".!frame10.!canvas.!frame.!frame.!frame4.!frame2.!treeview"
Traceback (most recent call last):
  File "C:\Users\Erica Gallogo\OneDrive - National University\Desktop\MIDTERM\views\tracker_view.py", line 718, in load_data
    for item in self.tree.get_children():
                ~~~~~~~~~~~~~~~~~~~~~~^^
  File "C:\Users\Erica Gallogo\AppData\Local\Python\pythoncore-3.14-64\Lib\tkinter\ttk.py", line 1207, in get_children
    self.tk.call(self._w, "children", item or '') or ())
    ~~~~~~~~~~~~^^^^^^^^^^^^^^^^^^^^^^^^^^^^^^^^^
_tkinter.TclError: invalid command name ".!frame10.!canvas.!frame.!frame.!frame4.!frame2.!treeview"
2026-09-03 15:32:16 - ERROR - Dashboard refresh error: invalid command name ".!frame4.!canvas.!frame.!frame.!frame4.!frame2.!treeview"
Traceback (most recent call last):
  File "C:\Users\Erica Gallogo\OneDrive - National University\Desktop\MIDTERM\views\tracker_view.py", line 718, in load_data
    for item in self.tree.get_children():
                ~~~~~~~~~~~~~~~~~~~~~~^^
  File "C:\Users\Erica Gallogo\AppData\Local\Python\pythoncore-3.14-64\Lib\tkinter\ttk.py", line 1207, in get_children
    self.tk.call(self._w, "children", item or '') or ())
    ~~~~~~~~~~~~^^^^^^^^^^^^^^^^^^^^^^^^^^^^^^^^^
_tkinter.TclError: invalid command name ".!frame4.!canvas.!frame.!frame.!frame4.!frame2.!treeview"
2026-09-03 15:32:18 - ERROR - Dashboard refresh error: invalid command name ".!frame10.!canvas.!frame.!frame.!frame4.!frame2.!treeview"
Traceback (most recent call last):
  File "C:\Users\Erica Gallogo\OneDrive - National University\Desktop\MIDTERM\views\tracker_view.py", line 718, in load_data
    for item in self.tree.get_children():
                ~~~~~~~~~~~~~~~~~~~~~~^^
  File "C:\Users\Erica Gallogo\AppData\Local\Python\pythoncore-3.14-64\Lib\tkinter\ttk.py", line 1207, in get_children
    self.tk.call(self._w, "children", item or '') or ())
    ~~~~~~~~~~~~^^^^^^^^^^^^^^^^^^^^^^^^^^^^^^^^^
_tkinter.TclError: invalid command name ".!frame10.!canvas.!frame.!frame.!frame4.!frame2.!treeview"
2026-09-03 15:32:21 - ERROR - Dashboard refresh error: invalid command name ".!frame4.!canvas.!frame.!frame.!frame4.!frame2.!treeview"
Traceback (most recent call last):
  File "C:\Users\Erica Gallogo\OneDrive - National University\Desktop\MIDTERM\views\tracker_view.py", line 718, in load_data
    for item in self.tree.get_children():
                ~~~~~~~~~~~~~~~~~~~~~~^^
  File "C:\Users\Erica Gallogo\AppData\Local\Python\pythoncore-3.14-64\Lib\tkinter\ttk.py", line 1207, in get_children
    self.tk.call(self._w, "children", item or '') or ())
    ~~~~~~~~~~~~^^^^^^^^^^^^^^^^^^^^^^^^^^^^^^^^^
_tkinter.TclError: invalid command name ".!frame4.!canvas.!frame.!frame.!frame4.!frame2.!treeview"
2026-09-03 15:32:23 - ERROR - Dashboard refresh error: invalid command name ".!frame10.!canvas.!frame.!frame.!frame4.!frame2.!treeview"
Traceback (most recent call last):
  File "C:\Users\Erica Gallogo\OneDrive - National University\Desktop\MIDTERM\views\tracker_view.py", line 718, in load_data
    for item in self.tree.get_children():
                ~~~~~~~~~~~~~~~~~~~~~~^^
  File "C:\Users\Erica Gallogo\AppData\Local\Python\pythoncore-3.14-64\Lib\tkinter\ttk.py", line 1207, in get_children
    self.tk.call(self._w, "children", item or '') or ())
    ~~~~~~~~~~~~^^^^^^^^^^^^^^^^^^^^^^^^^^^^^^^^^
_tkinter.TclError: invalid command name ".!frame10.!canvas.!frame.!frame.!frame4.!frame2.!treeview"
2026-09-03 15:32:26 - ERROR - Dashboard refresh error: invalid command name ".!frame4.!canvas.!frame.!frame.!frame4.!frame2.!treeview"
Traceback (most recent call last):
  File "C:\Users\Erica Gallogo\OneDrive - National University\Desktop\MIDTERM\views\tracker_view.py", line 718, in load_data
    for item in self.tree.get_children():
                ~~~~~~~~~~~~~~~~~~~~~~^^
  File "C:\Users\Erica Gallogo\AppData\Local\Python\pythoncore-3.14-64\Lib\tkinter\ttk.py", line 1207, in get_children
    self.tk.call(self._w, "children", item or '') or ())
    ~~~~~~~~~~~~^^^^^^^^^^^^^^^^^^^^^^^^^^^^^^^^^
_tkinter.TclError: invalid command name ".!frame4.!canvas.!frame.!frame.!frame4.!frame2.!treeview"
2026-09-03 15:32:28 - ERROR - Dashboard refresh error: invalid command name ".!frame10.!canvas.!frame.!frame.!frame4.!frame2.!treeview"
Traceback (most recent call last):
  File "C:\Users\Erica Gallogo\OneDrive - National University\Desktop\MIDTERM\views\tracker_view.py", line 718, in load_data
    for item in self.tree.get_children():
                ~~~~~~~~~~~~~~~~~~~~~~^^
  File "C:\Users\Erica Gallogo\AppData\Local\Python\pythoncore-3.14-64\Lib\tkinter\ttk.py", line 1207, in get_children
    self.tk.call(self._w, "children", item or '') or ())
    ~~~~~~~~~~~~^^^^^^^^^^^^^^^^^^^^^^^^^^^^^^^^^
_tkinter.TclError: invalid command name ".!frame10.!canvas.!frame.!frame.!frame4.!frame2.!treeview"
2026-09-03 15:32:31 - ERROR - Dashboard refresh error: invalid command name ".!frame4.!canvas.!frame.!frame.!frame4.!frame2.!treeview"
Traceback (most recent call last):
  File "C:\Users\Erica Gallogo\OneDrive - National University\Desktop\MIDTERM\views\tracker_view.py", line 718, in load_data
    for item in self.tree.get_children():
                ~~~~~~~~~~~~~~~~~~~~~~^^
  File "C:\Users\Erica Gallogo\AppData\Local\Python\pythoncore-3.14-64\Lib\tkinter\ttk.py", line 1207, in get_children
    self.tk.call(self._w, "children", item or '') or ())
    ~~~~~~~~~~~~^^^^^^^^^^^^^^^^^^^^^^^^^^^^^^^^^
_tkinter.TclError: invalid command name ".!frame4.!canvas.!frame.!frame.!frame4.!frame2.!treeview"
2026-09-03 15:32:33 - ERROR - Dashboard refresh error: invalid command name ".!frame10.!canvas.!frame.!frame.!frame4.!frame2.!treeview"
Traceback (most recent call last):
  File "C:\Users\Erica Gallogo\OneDrive - National University\Desktop\MIDTERM\views\tracker_view.py", line 718, in load_data
    for item in self.tree.get_children():
                ~~~~~~~~~~~~~~~~~~~~~~^^
  File "C:\Users\Erica Gallogo\AppData\Local\Python\pythoncore-3.14-64\Lib\tkinter\ttk.py", line 1207, in get_children
    self.tk.call(self._w, "children", item or '') or ())
    ~~~~~~~~~~~~^^^^^^^^^^^^^^^^^^^^^^^^^^^^^^^^^
_tkinter.TclError: invalid command name ".!frame10.!canvas.!frame.!frame.!frame4.!frame2.!treeview"
2026-09-03 15:32:36 - ERROR - Dashboard refresh error: invalid command name ".!frame4.!canvas.!frame.!frame.!frame4.!frame2.!treeview"
Traceback (most recent call last):
  File "C:\Users\Erica Gallogo\OneDrive - National University\Desktop\MIDTERM\views\tracker_view.py", line 718, in load_data
    for item in self.tree.get_children():
                ~~~~~~~~~~~~~~~~~~~~~~^^
  File "C:\Users\Erica Gallogo\AppData\Local\Python\pythoncore-3.14-64\Lib\tkinter\ttk.py", line 1207, in get_children
    self.tk.call(self._w, "children", item or '') or ())
    ~~~~~~~~~~~~^^^^^^^^^^^^^^^^^^^^^^^^^^^^^^^^^
_tkinter.TclError: invalid command name ".!frame4.!canvas.!frame.!frame.!frame4.!frame2.!treeview"
2026-09-03 15:32:38 - ERROR - Dashboard refresh error: invalid command name ".!frame10.!canvas.!frame.!frame.!frame4.!frame2.!treeview"
Traceback (most recent call last):
  File "C:\Users\Erica Gallogo\OneDrive - National University\Desktop\MIDTERM\views\tracker_view.py", line 718, in load_data
    for item in self.tree.get_children():
                ~~~~~~~~~~~~~~~~~~~~~~^^
  File "C:\Users\Erica Gallogo\AppData\Local\Python\pythoncore-3.14-64\Lib\tkinter\ttk.py", line 1207, in get_children
    self.tk.call(self._w, "children", item or '') or ())
    ~~~~~~~~~~~~^^^^^^^^^^^^^^^^^^^^^^^^^^^^^^^^^
_tkinter.TclError: invalid command name ".!frame10.!canvas.!frame.!frame.!frame4.!frame2.!treeview"
2026-09-03 15:32:41 - ERROR - Dashboard refresh error: invalid command name ".!frame4.!canvas.!frame.!frame.!frame4.!frame2.!treeview"
Traceback (most recent call last):
  File "C:\Users\Erica Gallogo\OneDrive - National University\Desktop\MIDTERM\views\tracker_view.py", line 718, in load_data
    for item in self.tree.get_children():
                ~~~~~~~~~~~~~~~~~~~~~~^^
  File "C:\Users\Erica Gallogo\AppData\Local\Python\pythoncore-3.14-64\Lib\tkinter\ttk.py", line 1207, in get_children
    self.tk.call(self._w, "children", item or '') or ())
    ~~~~~~~~~~~~^^^^^^^^^^^^^^^^^^^^^^^^^^^^^^^^^
_tkinter.TclError: invalid command name ".!frame4.!canvas.!frame.!frame.!frame4.!frame2.!treeview"
2026-09-03 15:32:43 - ERROR - Dashboard refresh error: invalid command name ".!frame10.!canvas.!frame.!frame.!frame4.!frame2.!treeview"
Traceback (most recent call last):
  File "C:\Users\Erica Gallogo\OneDrive - National University\Desktop\MIDTERM\views\tracker_view.py", line 718, in load_data
    for item in self.tree.get_children():
                ~~~~~~~~~~~~~~~~~~~~~~^^
  File "C:\Users\Erica Gallogo\AppData\Local\Python\pythoncore-3.14-64\Lib\tkinter\ttk.py", line 1207, in get_children
    self.tk.call(self._w, "children", item or '') or ())
    ~~~~~~~~~~~~^^^^^^^^^^^^^^^^^^^^^^^^^^^^^^^^^
_tkinter.TclError: invalid command name ".!frame10.!canvas.!frame.!frame.!frame4.!frame2.!treeview"
2026-09-03 15:32:46 - ERROR - Dashboard refresh error: invalid command name ".!frame4.!canvas.!frame.!frame.!frame4.!frame2.!treeview"
Traceback (most recent call last):
  File "C:\Users\Erica Gallogo\OneDrive - National University\Desktop\MIDTERM\views\tracker_view.py", line 718, in load_data
    for item in self.tree.get_children():
                ~~~~~~~~~~~~~~~~~~~~~~^^
  File "C:\Users\Erica Gallogo\AppData\Local\Python\pythoncore-3.14-64\Lib\tkinter\ttk.py", line 1207, in get_children
    self.tk.call(self._w, "children", item or '') or ())
    ~~~~~~~~~~~~^^^^^^^^^^^^^^^^^^^^^^^^^^^^^^^^^
_tkinter.TclError: invalid command name ".!frame4.!canvas.!frame.!frame.!frame4.!frame2.!treeview"
2026-09-03 15:32:48 - ERROR - Dashboard refresh error: invalid command name ".!frame10.!canvas.!frame.!frame.!frame4.!frame2.!treeview"
Traceback (most recent call last):
  File "C:\Users\Erica Gallogo\OneDrive - National University\Desktop\MIDTERM\views\tracker_view.py", line 718, in load_data
    for item in self.tree.get_children():
                ~~~~~~~~~~~~~~~~~~~~~~^^
  File "C:\Users\Erica Gallogo\AppData\Local\Python\pythoncore-3.14-64\Lib\tkinter\ttk.py", line 1207, in get_children
    self.tk.call(self._w, "children", item or '') or ())
    ~~~~~~~~~~~~^^^^^^^^^^^^^^^^^^^^^^^^^^^^^^^^^
_tkinter.TclError: invalid command name ".!frame10.!canvas.!frame.!frame.!frame4.!frame2.!treeview"
2026-09-03 15:32:51 - ERROR - Dashboard refresh error: invalid command name ".!frame4.!canvas.!frame.!frame.!frame4.!frame2.!treeview"
Traceback (most recent call last):
  File "C:\Users\Erica Gallogo\OneDrive - National University\Desktop\MIDTERM\views\tracker_view.py", line 718, in load_data
    for item in self.tree.get_children():
                ~~~~~~~~~~~~~~~~~~~~~~^^
  File "C:\Users\Erica Gallogo\AppData\Local\Python\pythoncore-3.14-64\Lib\tkinter\ttk.py", line 1207, in get_children
    self.tk.call(self._w, "children", item or '') or ())
    ~~~~~~~~~~~~^^^^^^^^^^^^^^^^^^^^^^^^^^^^^^^^^
_tkinter.TclError: invalid command name ".!frame4.!canvas.!frame.!frame.!frame4.!frame2.!treeview"
2026-09-03 15:32:53 - ERROR - Dashboard refresh error: invalid command name ".!frame10.!canvas.!frame.!frame.!frame4.!frame2.!treeview"
Traceback (most recent call last):
  File "C:\Users\Erica Gallogo\OneDrive - National University\Desktop\MIDTERM\views\tracker_view.py", line 718, in load_data
    for item in self.tree.get_children():
                ~~~~~~~~~~~~~~~~~~~~~~^^
  File "C:\Users\Erica Gallogo\AppData\Local\Python\pythoncore-3.14-64\Lib\tkinter\ttk.py", line 1207, in get_children
    self.tk.call(self._w, "children", item or '') or ())
    ~~~~~~~~~~~~^^^^^^^^^^^^^^^^^^^^^^^^^^^^^^^^^
_tkinter.TclError: invalid command name ".!frame10.!canvas.!frame.!frame.!frame4.!frame2.!treeview"
2026-09-03 15:32:56 - ERROR - Dashboard refresh error: invalid command name ".!frame4.!canvas.!frame.!frame.!frame4.!frame2.!treeview"
Traceback (most recent call last):
  File "C:\Users\Erica Gallogo\OneDrive - National University\Desktop\MIDTERM\views\tracker_view.py", line 718, in load_data
    for item in self.tree.get_children():
                ~~~~~~~~~~~~~~~~~~~~~~^^
  File "C:\Users\Erica Gallogo\AppData\Local\Python\pythoncore-3.14-64\Lib\tkinter\ttk.py", line 1207, in get_children
    self.tk.call(self._w, "children", item or '') or ())
    ~~~~~~~~~~~~^^^^^^^^^^^^^^^^^^^^^^^^^^^^^^^^^
_tkinter.TclError: invalid command name ".!frame4.!canvas.!frame.!frame.!frame4.!frame2.!treeview"
2026-09-03 15:32:58 - ERROR - Dashboard refresh error: invalid command name ".!frame10.!canvas.!frame.!frame.!frame4.!frame2.!treeview"
Traceback (most recent call last):
  File "C:\Users\Erica Gallogo\OneDrive - National University\Desktop\MIDTERM\views\tracker_view.py", line 718, in load_data
    for item in self.tree.get_children():
                ~~~~~~~~~~~~~~~~~~~~~~^^
  File "C:\Users\Erica Gallogo\AppData\Local\Python\pythoncore-3.14-64\Lib\tkinter\ttk.py", line 1207, in get_children
    self.tk.call(self._w, "children", item or '') or ())
    ~~~~~~~~~~~~^^^^^^^^^^^^^^^^^^^^^^^^^^^^^^^^^
_tkinter.TclError: invalid command name ".!frame10.!canvas.!frame.!frame.!frame4.!frame2.!treeview"
2026-09-03 15:33:01 - ERROR - Dashboard refresh error: invalid command name ".!frame4.!canvas.!frame.!frame.!frame4.!frame2.!treeview"
Traceback (most recent call last):
  File "C:\Users\Erica Gallogo\OneDrive - National University\Desktop\MIDTERM\views\tracker_view.py", line 718, in load_data
    for item in self.tree.get_children():
                ~~~~~~~~~~~~~~~~~~~~~~^^
  File "C:\Users\Erica Gallogo\AppData\Local\Python\pythoncore-3.14-64\Lib\tkinter\ttk.py", line 1207, in get_children
    self.tk.call(self._w, "children", item or '') or ())
    ~~~~~~~~~~~~^^^^^^^^^^^^^^^^^^^^^^^^^^^^^^^^^
_tkinter.TclError: invalid command name ".!frame4.!canvas.!frame.!frame.!frame4.!frame2.!treeview"
2026-09-03 15:33:03 - ERROR - Dashboard refresh error: invalid command name ".!frame10.!canvas.!frame.!frame.!frame4.!frame2.!treeview"
Traceback (most recent call last):
  File "C:\Users\Erica Gallogo\OneDrive - National University\Desktop\MIDTERM\views\tracker_view.py", line 718, in load_data
    for item in self.tree.get_children():
                ~~~~~~~~~~~~~~~~~~~~~~^^
  File "C:\Users\Erica Gallogo\AppData\Local\Python\pythoncore-3.14-64\Lib\tkinter\ttk.py", line 1207, in get_children
    self.tk.call(self._w, "children", item or '') or ())
    ~~~~~~~~~~~~^^^^^^^^^^^^^^^^^^^^^^^^^^^^^^^^^
_tkinter.TclError: invalid command name ".!frame10.!canvas.!frame.!frame.!frame4.!frame2.!treeview"
2026-09-03 15:33:06 - ERROR - Dashboard refresh error: invalid command name ".!frame4.!canvas.!frame.!frame.!frame4.!frame2.!treeview"
Traceback (most recent call last):
  File "C:\Users\Erica Gallogo\OneDrive - National University\Desktop\MIDTERM\views\tracker_view.py", line 718, in load_data
    for item in self.tree.get_children():
                ~~~~~~~~~~~~~~~~~~~~~~^^
  File "C:\Users\Erica Gallogo\AppData\Local\Python\pythoncore-3.14-64\Lib\tkinter\ttk.py", line 1207, in get_children
    self.tk.call(self._w, "children", item or '') or ())
    ~~~~~~~~~~~~^^^^^^^^^^^^^^^^^^^^^^^^^^^^^^^^^
_tkinter.TclError: invalid command name ".!frame4.!canvas.!frame.!frame.!frame4.!frame2.!treeview"
2026-09-03 15:33:08 - ERROR - Dashboard refresh error: invalid command name ".!frame10.!canvas.!frame.!frame.!frame4.!frame2.!treeview"
Traceback (most recent call last):
  File "C:\Users\Erica Gallogo\OneDrive - National University\Desktop\MIDTERM\views\tracker_view.py", line 718, in load_data
    for item in self.tree.get_children():
                ~~~~~~~~~~~~~~~~~~~~~~^^
  File "C:\Users\Erica Gallogo\AppData\Local\Python\pythoncore-3.14-64\Lib\tkinter\ttk.py", line 1207, in get_children
    self.tk.call(self._w, "children", item or '') or ())
    ~~~~~~~~~~~~^^^^^^^^^^^^^^^^^^^^^^^^^^^^^^^^^
_tkinter.TclError: invalid command name ".!frame10.!canvas.!frame.!frame.!frame4.!frame2.!treeview"
2026-09-03 15:33:11 - ERROR - Dashboard refresh error: invalid command name ".!frame4.!canvas.!frame.!frame.!frame4.!frame2.!treeview"
Traceback (most recent call last):
  File "C:\Users\Erica Gallogo\OneDrive - National University\Desktop\MIDTERM\views\tracker_view.py", line 718, in load_data
    for item in self.tree.get_children():
                ~~~~~~~~~~~~~~~~~~~~~~^^
  File "C:\Users\Erica Gallogo\AppData\Local\Python\pythoncore-3.14-64\Lib\tkinter\ttk.py", line 1207, in get_children
    self.tk.call(self._w, "children", item or '') or ())
    ~~~~~~~~~~~~^^^^^^^^^^^^^^^^^^^^^^^^^^^^^^^^^
_tkinter.TclError: invalid command name ".!frame4.!canvas.!frame.!frame.!frame4.!frame2.!treeview"
2026-09-03 15:33:13 - ERROR - Dashboard refresh error: invalid command name ".!frame10.!canvas.!frame.!frame.!frame4.!frame2.!treeview"
Traceback (most recent call last):
  File "C:\Users\Erica Gallogo\OneDrive - National University\Desktop\MIDTERM\views\tracker_view.py", line 718, in load_data
    for item in self.tree.get_children():
                ~~~~~~~~~~~~~~~~~~~~~~^^
  File "C:\Users\Erica Gallogo\AppData\Local\Python\pythoncore-3.14-64\Lib\tkinter\ttk.py", line 1207, in get_children
    self.tk.call(self._w, "children", item or '') or ())
    ~~~~~~~~~~~~^^^^^^^^^^^^^^^^^^^^^^^^^^^^^^^^^
_tkinter.TclError: invalid command name ".!frame10.!canvas.!frame.!frame.!frame4.!frame2.!treeview"
2026-09-03 15:33:16 - ERROR - Dashboard refresh error: invalid command name ".!frame4.!canvas.!frame.!frame.!frame4.!frame2.!treeview"
Traceback (most recent call last):
  File "C:\Users\Erica Gallogo\OneDrive - National University\Desktop\MIDTERM\views\tracker_view.py", line 718, in load_data
    for item in self.tree.get_children():
                ~~~~~~~~~~~~~~~~~~~~~~^^
  File "C:\Users\Erica Gallogo\AppData\Local\Python\pythoncore-3.14-64\Lib\tkinter\ttk.py", line 1207, in get_children
    self.tk.call(self._w, "children", item or '') or ())
    ~~~~~~~~~~~~^^^^^^^^^^^^^^^^^^^^^^^^^^^^^^^^^
_tkinter.TclError: invalid command name ".!frame4.!canvas.!frame.!frame.!frame4.!frame2.!treeview"
2026-09-03 15:33:18 - ERROR - Dashboard refresh error: invalid command name ".!frame10.!canvas.!frame.!frame.!frame4.!frame2.!treeview"
Traceback (most recent call last):
  File "C:\Users\Erica Gallogo\OneDrive - National University\Desktop\MIDTERM\views\tracker_view.py", line 718, in load_data
    for item in self.tree.get_children():
                ~~~~~~~~~~~~~~~~~~~~~~^^
  File "C:\Users\Erica Gallogo\AppData\Local\Python\pythoncore-3.14-64\Lib\tkinter\ttk.py", line 1207, in get_children
    self.tk.call(self._w, "children", item or '') or ())
    ~~~~~~~~~~~~^^^^^^^^^^^^^^^^^^^^^^^^^^^^^^^^^
_tkinter.TclError: invalid command name ".!frame10.!canvas.!frame.!frame.!frame4.!frame2.!treeview"
2026-09-03 15:33:21 - ERROR - Dashboard refresh error: invalid command name ".!frame4.!canvas.!frame.!frame.!frame4.!frame2.!treeview"
Traceback (most recent call last):
  File "C:\Users\Erica Gallogo\OneDrive - National University\Desktop\MIDTERM\views\tracker_view.py", line 718, in load_data
    for item in self.tree.get_children():
                ~~~~~~~~~~~~~~~~~~~~~~^^
  File "C:\Users\Erica Gallogo\AppData\Local\Python\pythoncore-3.14-64\Lib\tkinter\ttk.py", line 1207, in get_children
    self.tk.call(self._w, "children", item or '') or ())
    ~~~~~~~~~~~~^^^^^^^^^^^^^^^^^^^^^^^^^^^^^^^^^
_tkinter.TclError: invalid command name ".!frame4.!canvas.!frame.!frame.!frame4.!frame2.!treeview"
2026-09-03 15:33:23 - ERROR - Dashboard refresh error: invalid command name ".!frame10.!canvas.!frame.!frame.!frame4.!frame2.!treeview"
Traceback (most recent call last):
  File "C:\Users\Erica Gallogo\OneDrive - National University\Desktop\MIDTERM\views\tracker_view.py", line 718, in load_data
    for item in self.tree.get_children():
                ~~~~~~~~~~~~~~~~~~~~~~^^
  File "C:\Users\Erica Gallogo\AppData\Local\Python\pythoncore-3.14-64\Lib\tkinter\ttk.py", line 1207, in get_children
    self.tk.call(self._w, "children", item or '') or ())
    ~~~~~~~~~~~~^^^^^^^^^^^^^^^^^^^^^^^^^^^^^^^^^
_tkinter.TclError: invalid command name ".!frame10.!canvas.!frame.!frame.!frame4.!frame2.!treeview"
2026-09-03 15:33:23 - INFO - User Logged Out: 'erica'
2026-09-03 15:33:26 - ERROR - Dashboard refresh error: invalid command name ".!frame4.!canvas.!frame.!frame.!frame4.!frame2.!treeview"
Traceback (most recent call last):
  File "C:\Users\Erica Gallogo\OneDrive - National University\Desktop\MIDTERM\views\tracker_view.py", line 718, in load_data
    for item in self.tree.get_children():
                ~~~~~~~~~~~~~~~~~~~~~~^^
  File "C:\Users\Erica Gallogo\AppData\Local\Python\pythoncore-3.14-64\Lib\tkinter\ttk.py", line 1207, in get_children
    self.tk.call(self._w, "children", item or '') or ())
    ~~~~~~~~~~~~^^^^^^^^^^^^^^^^^^^^^^^^^^^^^^^^^
_tkinter.TclError: invalid command name ".!frame4.!canvas.!frame.!frame.!frame4.!frame2.!treeview"
2026-09-03 15:33:28 - ERROR - Dashboard refresh error: invalid command name ".!frame14.!canvas.!frame.!frame.!frame4.!frame2.!treeview"
Traceback (most recent call last):
  File "C:\Users\Erica Gallogo\OneDrive - National University\Desktop\MIDTERM\views\tracker_view.py", line 718, in load_data
    for item in self.tree.get_children():
                ~~~~~~~~~~~~~~~~~~~~~~^^
  File "C:\Users\Erica Gallogo\AppData\Local\Python\pythoncore-3.14-64\Lib\tkinter\ttk.py", line 1207, in get_children
    self.tk.call(self._w, "children", item or '') or ())
    ~~~~~~~~~~~~^^^^^^^^^^^^^^^^^^^^^^^^^^^^^^^^^
_tkinter.TclError: invalid command name ".!frame14.!canvas.!frame.!frame.!frame4.!frame2.!treeview"
2026-09-03 15:33:28 - ERROR - Dashboard refresh error: invalid command name ".!frame10.!canvas.!frame.!frame.!frame4.!frame2.!treeview"
Traceback (most recent call last):
  File "C:\Users\Erica Gallogo\OneDrive - National University\Desktop\MIDTERM\views\tracker_view.py", line 718, in load_data
    for item in self.tree.get_children():
                ~~~~~~~~~~~~~~~~~~~~~~^^
  File "C:\Users\Erica Gallogo\AppData\Local\Python\pythoncore-3.14-64\Lib\tkinter\ttk.py", line 1207, in get_children
    self.tk.call(self._w, "children", item or '') or ())
    ~~~~~~~~~~~~^^^^^^^^^^^^^^^^^^^^^^^^^^^^^^^^^
_tkinter.TclError: invalid command name ".!frame10.!canvas.!frame.!frame.!frame4.!frame2.!treeview"
2026-09-03 15:33:31 - ERROR - Dashboard refresh error: invalid command name ".!frame4.!canvas.!frame.!frame.!frame4.!frame2.!treeview"
Traceback (most recent call last):
  File "C:\Users\Erica Gallogo\OneDrive - National University\Desktop\MIDTERM\views\tracker_view.py", line 718, in load_data
    for item in self.tree.get_children():
                ~~~~~~~~~~~~~~~~~~~~~~^^
  File "C:\Users\Erica Gallogo\AppData\Local\Python\pythoncore-3.14-64\Lib\tkinter\ttk.py", line 1207, in get_children
    self.tk.call(self._w, "children", item or '') or ())
    ~~~~~~~~~~~~^^^^^^^^^^^^^^^^^^^^^^^^^^^^^^^^^
_tkinter.TclError: invalid command name ".!frame4.!canvas.!frame.!frame.!frame4.!frame2.!treeview"
2026-09-03 15:33:33 - ERROR - Dashboard refresh error: invalid command name ".!frame14.!canvas.!frame.!frame.!frame4.!frame2.!treeview"
Traceback (most recent call last):
  File "C:\Users\Erica Gallogo\OneDrive - National University\Desktop\MIDTERM\views\tracker_view.py", line 718, in load_data
    for item in self.tree.get_children():
                ~~~~~~~~~~~~~~~~~~~~~~^^
  File "C:\Users\Erica Gallogo\AppData\Local\Python\pythoncore-3.14-64\Lib\tkinter\ttk.py", line 1207, in get_children
    self.tk.call(self._w, "children", item or '') or ())
    ~~~~~~~~~~~~^^^^^^^^^^^^^^^^^^^^^^^^^^^^^^^^^
_tkinter.TclError: invalid command name ".!frame14.!canvas.!frame.!frame.!frame4.!frame2.!treeview"
2026-09-03 15:33:33 - ERROR - Dashboard refresh error: invalid command name ".!frame10.!canvas.!frame.!frame.!frame4.!frame2.!treeview"
Traceback (most recent call last):
  File "C:\Users\Erica Gallogo\OneDrive - National University\Desktop\MIDTERM\views\tracker_view.py", line 718, in load_data
    for item in self.tree.get_children():
                ~~~~~~~~~~~~~~~~~~~~~~^^
  File "C:\Users\Erica Gallogo\AppData\Local\Python\pythoncore-3.14-64\Lib\tkinter\ttk.py", line 1207, in get_children
    self.tk.call(self._w, "children", item or '') or ())
    ~~~~~~~~~~~~^^^^^^^^^^^^^^^^^^^^^^^^^^^^^^^^^
_tkinter.TclError: invalid command name ".!frame10.!canvas.!frame.!frame.!frame4.!frame2.!treeview"
2026-09-03 15:33:36 - ERROR - Dashboard refresh error: invalid command name ".!frame4.!canvas.!frame.!frame.!frame4.!frame2.!treeview"
Traceback (most recent call last):
  File "C:\Users\Erica Gallogo\OneDrive - National University\Desktop\MIDTERM\views\tracker_view.py", line 718, in load_data
    for item in self.tree.get_children():
                ~~~~~~~~~~~~~~~~~~~~~~^^
  File "C:\Users\Erica Gallogo\AppData\Local\Python\pythoncore-3.14-64\Lib\tkinter\ttk.py", line 1207, in get_children
    self.tk.call(self._w, "children", item or '') or ())
    ~~~~~~~~~~~~^^^^^^^^^^^^^^^^^^^^^^^^^^^^^^^^^
_tkinter.TclError: invalid command name ".!frame4.!canvas.!frame.!frame.!frame4.!frame2.!treeview"
2026-09-03 15:33:38 - ERROR - Dashboard refresh error: invalid command name ".!frame14.!canvas.!frame.!frame.!frame4.!frame2.!treeview"
Traceback (most recent call last):
  File "C:\Users\Erica Gallogo\OneDrive - National University\Desktop\MIDTERM\views\tracker_view.py", line 718, in load_data
    for item in self.tree.get_children():
                ~~~~~~~~~~~~~~~~~~~~~~^^
  File "C:\Users\Erica Gallogo\AppData\Local\Python\pythoncore-3.14-64\Lib\tkinter\ttk.py", line 1207, in get_children
    self.tk.call(self._w, "children", item or '') or ())
    ~~~~~~~~~~~~^^^^^^^^^^^^^^^^^^^^^^^^^^^^^^^^^
_tkinter.TclError: invalid command name ".!frame14.!canvas.!frame.!frame.!frame4.!frame2.!treeview"
2026-09-03 15:33:38 - ERROR - Dashboard refresh error: invalid command name ".!frame10.!canvas.!frame.!frame.!frame4.!frame2.!treeview"
Traceback (most recent call last):
  File "C:\Users\Erica Gallogo\OneDrive - National University\Desktop\MIDTERM\views\tracker_view.py", line 718, in load_data
    for item in self.tree.get_children():
                ~~~~~~~~~~~~~~~~~~~~~~^^
  File "C:\Users\Erica Gallogo\AppData\Local\Python\pythoncore-3.14-64\Lib\tkinter\ttk.py", line 1207, in get_children
    self.tk.call(self._w, "children", item or '') or ())
    ~~~~~~~~~~~~^^^^^^^^^^^^^^^^^^^^^^^^^^^^^^^^^
_tkinter.TclError: invalid command name ".!frame10.!canvas.!frame.!frame.!frame4.!frame2.!treeview"
2026-09-03 15:33:40 - INFO - User Logged In: 'eca'
2026-09-03 15:33:41 - ERROR - Dashboard refresh error: invalid command name ".!frame4.!canvas.!frame.!frame.!frame4.!frame2.!treeview"
Traceback (most recent call last):
  File "C:\Users\Erica Gallogo\OneDrive - National University\Desktop\MIDTERM\views\tracker_view.py", line 718, in load_data
    for item in self.tree.get_children():
                ~~~~~~~~~~~~~~~~~~~~~~^^
  File "C:\Users\Erica Gallogo\AppData\Local\Python\pythoncore-3.14-64\Lib\tkinter\ttk.py", line 1207, in get_children
    self.tk.call(self._w, "children", item or '') or ())
    ~~~~~~~~~~~~^^^^^^^^^^^^^^^^^^^^^^^^^^^^^^^^^
_tkinter.TclError: invalid command name ".!frame4.!canvas.!frame.!frame.!frame4.!frame2.!treeview"
2026-09-03 15:33:43 - ERROR - Dashboard refresh error: invalid command name ".!frame14.!canvas.!frame.!frame.!frame4.!frame2.!treeview"
Traceback (most recent call last):
  File "C:\Users\Erica Gallogo\OneDrive - National University\Desktop\MIDTERM\views\tracker_view.py", line 718, in load_data
    for item in self.tree.get_children():
                ~~~~~~~~~~~~~~~~~~~~~~^^
  File "C:\Users\Erica Gallogo\AppData\Local\Python\pythoncore-3.14-64\Lib\tkinter\ttk.py", line 1207, in get_children
    self.tk.call(self._w, "children", item or '') or ())
    ~~~~~~~~~~~~^^^^^^^^^^^^^^^^^^^^^^^^^^^^^^^^^
_tkinter.TclError: invalid command name ".!frame14.!canvas.!frame.!frame.!frame4.!frame2.!treeview"
2026-09-03 15:33:43 - ERROR - Dashboard refresh error: invalid command name ".!frame10.!canvas.!frame.!frame.!frame4.!frame2.!treeview"
Traceback (most recent call last):
  File "C:\Users\Erica Gallogo\OneDrive - National University\Desktop\MIDTERM\views\tracker_view.py", line 718, in load_data
    for item in self.tree.get_children():
                ~~~~~~~~~~~~~~~~~~~~~~^^
  File "C:\Users\Erica Gallogo\AppData\Local\Python\pythoncore-3.14-64\Lib\tkinter\ttk.py", line 1207, in get_children
    self.tk.call(self._w, "children", item or '') or ())
    ~~~~~~~~~~~~^^^^^^^^^^^^^^^^^^^^^^^^^^^^^^^^^
_tkinter.TclError: invalid command name ".!frame10.!canvas.!frame.!frame.!frame4.!frame2.!treeview"
2026-09-03 15:33:46 - ERROR - Dashboard refresh error: invalid command name ".!frame4.!canvas.!frame.!frame.!frame4.!frame2.!treeview"
Traceback (most recent call last):
  File "C:\Users\Erica Gallogo\OneDrive - National University\Desktop\MIDTERM\views\tracker_view.py", line 718, in load_data
    for item in self.tree.get_children():
                ~~~~~~~~~~~~~~~~~~~~~~^^
  File "C:\Users\Erica Gallogo\AppData\Local\Python\pythoncore-3.14-64\Lib\tkinter\ttk.py", line 1207, in get_children
    self.tk.call(self._w, "children", item or '') or ())
    ~~~~~~~~~~~~^^^^^^^^^^^^^^^^^^^^^^^^^^^^^^^^^
_tkinter.TclError: invalid command name ".!frame4.!canvas.!frame.!frame.!frame4.!frame2.!treeview"
2026-09-03 15:33:48 - ERROR - Dashboard refresh error: invalid command name ".!frame14.!canvas.!frame.!frame.!frame4.!frame2.!treeview"
Traceback (most recent call last):
  File "C:\Users\Erica Gallogo\OneDrive - National University\Desktop\MIDTERM\views\tracker_view.py", line 718, in load_data
    for item in self.tree.get_children():
                ~~~~~~~~~~~~~~~~~~~~~~^^
  File "C:\Users\Erica Gallogo\AppData\Local\Python\pythoncore-3.14-64\Lib\tkinter\ttk.py", line 1207, in get_children
    self.tk.call(self._w, "children", item or '') or ())
    ~~~~~~~~~~~~^^^^^^^^^^^^^^^^^^^^^^^^^^^^^^^^^
_tkinter.TclError: invalid command name ".!frame14.!canvas.!frame.!frame.!frame4.!frame2.!treeview"
2026-09-03 15:33:48 - ERROR - Dashboard refresh error: invalid command name ".!frame10.!canvas.!frame.!frame.!frame4.!frame2.!treeview"
Traceback (most recent call last):
  File "C:\Users\Erica Gallogo\OneDrive - National University\Desktop\MIDTERM\views\tracker_view.py", line 718, in load_data
    for item in self.tree.get_children():
                ~~~~~~~~~~~~~~~~~~~~~~^^
  File "C:\Users\Erica Gallogo\AppData\Local\Python\pythoncore-3.14-64\Lib\tkinter\ttk.py", line 1207, in get_children
    self.tk.call(self._w, "children", item or '') or ())
    ~~~~~~~~~~~~^^^^^^^^^^^^^^^^^^^^^^^^^^^^^^^^^
_tkinter.TclError: invalid command name ".!frame10.!canvas.!frame.!frame.!frame4.!frame2.!treeview"
2026-09-03 15:33:51 - ERROR - Dashboard refresh error: invalid command name ".!frame4.!canvas.!frame.!frame.!frame4.!frame2.!treeview"
Traceback (most recent call last):
  File "C:\Users\Erica Gallogo\OneDrive - National University\Desktop\MIDTERM\views\tracker_view.py", line 718, in load_data
    for item in self.tree.get_children():
                ~~~~~~~~~~~~~~~~~~~~~~^^
  File "C:\Users\Erica Gallogo\AppData\Local\Python\pythoncore-3.14-64\Lib\tkinter\ttk.py", line 1207, in get_children
    self.tk.call(self._w, "children", item or '') or ())
    ~~~~~~~~~~~~^^^^^^^^^^^^^^^^^^^^^^^^^^^^^^^^^
_tkinter.TclError: invalid command name ".!frame4.!canvas.!frame.!frame.!frame4.!frame2.!treeview"
2026-09-03 15:33:53 - ERROR - Dashboard refresh error: invalid command name ".!frame14.!canvas.!frame.!frame.!frame4.!frame2.!treeview"
Traceback (most recent call last):
  File "C:\Users\Erica Gallogo\OneDrive - National University\Desktop\MIDTERM\views\tracker_view.py", line 718, in load_data
    for item in self.tree.get_children():
                ~~~~~~~~~~~~~~~~~~~~~~^^
  File "C:\Users\Erica Gallogo\AppData\Local\Python\pythoncore-3.14-64\Lib\tkinter\ttk.py", line 1207, in get_children
    self.tk.call(self._w, "children", item or '') or ())
    ~~~~~~~~~~~~^^^^^^^^^^^^^^^^^^^^^^^^^^^^^^^^^
_tkinter.TclError: invalid command name ".!frame14.!canvas.!frame.!frame.!frame4.!frame2.!treeview"
2026-09-03 15:33:53 - ERROR - Dashboard refresh error: invalid command name ".!frame10.!canvas.!frame.!frame.!frame4.!frame2.!treeview"
Traceback (most recent call last):
  File "C:\Users\Erica Gallogo\OneDrive - National University\Desktop\MIDTERM\views\tracker_view.py", line 718, in load_data
    for item in self.tree.get_children():
                ~~~~~~~~~~~~~~~~~~~~~~^^
  File "C:\Users\Erica Gallogo\AppData\Local\Python\pythoncore-3.14-64\Lib\tkinter\ttk.py", line 1207, in get_children
    self.tk.call(self._w, "children", item or '') or ())
    ~~~~~~~~~~~~^^^^^^^^^^^^^^^^^^^^^^^^^^^^^^^^^
_tkinter.TclError: invalid command name ".!frame10.!canvas.!frame.!frame.!frame4.!frame2.!treeview"
2026-09-03 15:33:56 - ERROR - Dashboard refresh error: invalid command name ".!frame4.!canvas.!frame.!frame.!frame4.!frame2.!treeview"
Traceback (most recent call last):
  File "C:\Users\Erica Gallogo\OneDrive - National University\Desktop\MIDTERM\views\tracker_view.py", line 718, in load_data
    for item in self.tree.get_children():
                ~~~~~~~~~~~~~~~~~~~~~~^^
  File "C:\Users\Erica Gallogo\AppData\Local\Python\pythoncore-3.14-64\Lib\tkinter\ttk.py", line 1207, in get_children
    self.tk.call(self._w, "children", item or '') or ())
    ~~~~~~~~~~~~^^^^^^^^^^^^^^^^^^^^^^^^^^^^^^^^^
_tkinter.TclError: invalid command name ".!frame4.!canvas.!frame.!frame.!frame4.!frame2.!treeview"
2026-09-03 15:33:58 - ERROR - Dashboard refresh error: invalid command name ".!frame14.!canvas.!frame.!frame.!frame4.!frame2.!treeview"
Traceback (most recent call last):
  File "C:\Users\Erica Gallogo\OneDrive - National University\Desktop\MIDTERM\views\tracker_view.py", line 718, in load_data
    for item in self.tree.get_children():
                ~~~~~~~~~~~~~~~~~~~~~~^^
  File "C:\Users\Erica Gallogo\AppData\Local\Python\pythoncore-3.14-64\Lib\tkinter\ttk.py", line 1207, in get_children
    self.tk.call(self._w, "children", item or '') or ())
    ~~~~~~~~~~~~^^^^^^^^^^^^^^^^^^^^^^^^^^^^^^^^^
_tkinter.TclError: invalid command name ".!frame14.!canvas.!frame.!frame.!frame4.!frame2.!treeview"
2026-09-03 15:33:58 - ERROR - Dashboard refresh error: invalid command name ".!frame10.!canvas.!frame.!frame.!frame4.!frame2.!treeview"
Traceback (most recent call last):
  File "C:\Users\Erica Gallogo\OneDrive - National University\Desktop\MIDTERM\views\tracker_view.py", line 718, in load_data
    for item in self.tree.get_children():
                ~~~~~~~~~~~~~~~~~~~~~~^^
  File "C:\Users\Erica Gallogo\AppData\Local\Python\pythoncore-3.14-64\Lib\tkinter\ttk.py", line 1207, in get_children
    self.tk.call(self._w, "children", item or '') or ())
    ~~~~~~~~~~~~^^^^^^^^^^^^^^^^^^^^^^^^^^^^^^^^^
_tkinter.TclError: invalid command name ".!frame10.!canvas.!frame.!frame.!frame4.!frame2.!treeview"
2026-09-03 15:34:01 - ERROR - Dashboard refresh error: invalid command name ".!frame4.!canvas.!frame.!frame.!frame4.!frame2.!treeview"
Traceback (most recent call last):
  File "C:\Users\Erica Gallogo\OneDrive - National University\Desktop\MIDTERM\views\tracker_view.py", line 718, in load_data
    for item in self.tree.get_children():
                ~~~~~~~~~~~~~~~~~~~~~~^^
  File "C:\Users\Erica Gallogo\AppData\Local\Python\pythoncore-3.14-64\Lib\tkinter\ttk.py", line 1207, in get_children
    self.tk.call(self._w, "children", item or '') or ())
    ~~~~~~~~~~~~^^^^^^^^^^^^^^^^^^^^^^^^^^^^^^^^^
_tkinter.TclError: invalid command name ".!frame4.!canvas.!frame.!frame.!frame4.!frame2.!treeview"
2026-09-03 15:34:03 - ERROR - Dashboard refresh error: invalid command name ".!frame14.!canvas.!frame.!frame.!frame4.!frame2.!treeview"
Traceback (most recent call last):
  File "C:\Users\Erica Gallogo\OneDrive - National University\Desktop\MIDTERM\views\tracker_view.py", line 718, in load_data
    for item in self.tree.get_children():
                ~~~~~~~~~~~~~~~~~~~~~~^^
  File "C:\Users\Erica Gallogo\AppData\Local\Python\pythoncore-3.14-64\Lib\tkinter\ttk.py", line 1207, in get_children
    self.tk.call(self._w, "children", item or '') or ())
    ~~~~~~~~~~~~^^^^^^^^^^^^^^^^^^^^^^^^^^^^^^^^^
_tkinter.TclError: invalid command name ".!frame14.!canvas.!frame.!frame.!frame4.!frame2.!treeview"
2026-09-03 15:34:03 - ERROR - Dashboard refresh error: invalid command name ".!frame10.!canvas.!frame.!frame.!frame4.!frame2.!treeview"
Traceback (most recent call last):
  File "C:\Users\Erica Gallogo\OneDrive - National University\Desktop\MIDTERM\views\tracker_view.py", line 718, in load_data
    for item in self.tree.get_children():
                ~~~~~~~~~~~~~~~~~~~~~~^^
  File "C:\Users\Erica Gallogo\AppData\Local\Python\pythoncore-3.14-64\Lib\tkinter\ttk.py", line 1207, in get_children
    self.tk.call(self._w, "children", item or '') or ())
    ~~~~~~~~~~~~^^^^^^^^^^^^^^^^^^^^^^^^^^^^^^^^^
_tkinter.TclError: invalid command name ".!frame10.!canvas.!frame.!frame.!frame4.!frame2.!treeview"
2026-09-03 15:34:06 - ERROR - Dashboard refresh error: invalid command name ".!frame4.!canvas.!frame.!frame.!frame4.!frame2.!treeview"
Traceback (most recent call last):
  File "C:\Users\Erica Gallogo\OneDrive - National University\Desktop\MIDTERM\views\tracker_view.py", line 718, in load_data
    for item in self.tree.get_children():
                ~~~~~~~~~~~~~~~~~~~~~~^^
  File "C:\Users\Erica Gallogo\AppData\Local\Python\pythoncore-3.14-64\Lib\tkinter\ttk.py", line 1207, in get_children
    self.tk.call(self._w, "children", item or '') or ())
    ~~~~~~~~~~~~^^^^^^^^^^^^^^^^^^^^^^^^^^^^^^^^^
_tkinter.TclError: invalid command name ".!frame4.!canvas.!frame.!frame.!frame4.!frame2.!treeview"
2026-09-03 15:34:08 - ERROR - Dashboard refresh error: invalid command name ".!frame14.!canvas.!frame.!frame.!frame4.!frame2.!treeview"
Traceback (most recent call last):
  File "C:\Users\Erica Gallogo\OneDrive - National University\Desktop\MIDTERM\views\tracker_view.py", line 718, in load_data
    for item in self.tree.get_children():
                ~~~~~~~~~~~~~~~~~~~~~~^^
  File "C:\Users\Erica Gallogo\AppData\Local\Python\pythoncore-3.14-64\Lib\tkinter\ttk.py", line 1207, in get_children
    self.tk.call(self._w, "children", item or '') or ())
    ~~~~~~~~~~~~^^^^^^^^^^^^^^^^^^^^^^^^^^^^^^^^^
_tkinter.TclError: invalid command name ".!frame14.!canvas.!frame.!frame.!frame4.!frame2.!treeview"
2026-09-03 15:34:08 - ERROR - Dashboard refresh error: invalid command name ".!frame10.!canvas.!frame.!frame.!frame4.!frame2.!treeview"
Traceback (most recent call last):
  File "C:\Users\Erica Gallogo\OneDrive - National University\Desktop\MIDTERM\views\tracker_view.py", line 718, in load_data
    for item in self.tree.get_children():
                ~~~~~~~~~~~~~~~~~~~~~~^^
  File "C:\Users\Erica Gallogo\AppData\Local\Python\pythoncore-3.14-64\Lib\tkinter\ttk.py", line 1207, in get_children
    self.tk.call(self._w, "children", item or '') or ())
    ~~~~~~~~~~~~^^^^^^^^^^^^^^^^^^^^^^^^^^^^^^^^^
_tkinter.TclError: invalid command name ".!frame10.!canvas.!frame.!frame.!frame4.!frame2.!treeview"
2026-09-03 15:34:11 - ERROR - Dashboard refresh error: invalid command name ".!frame4.!canvas.!frame.!frame.!frame4.!frame2.!treeview"
Traceback (most recent call last):
  File "C:\Users\Erica Gallogo\OneDrive - National University\Desktop\MIDTERM\views\tracker_view.py", line 718, in load_data
    for item in self.tree.get_children():
                ~~~~~~~~~~~~~~~~~~~~~~^^
  File "C:\Users\Erica Gallogo\AppData\Local\Python\pythoncore-3.14-64\Lib\tkinter\ttk.py", line 1207, in get_children
    self.tk.call(self._w, "children", item or '') or ())
    ~~~~~~~~~~~~^^^^^^^^^^^^^^^^^^^^^^^^^^^^^^^^^
_tkinter.TclError: invalid command name ".!frame4.!canvas.!frame.!frame.!frame4.!frame2.!treeview"
2026-09-03 15:34:13 - ERROR - Dashboard refresh error: invalid command name ".!frame14.!canvas.!frame.!frame.!frame4.!frame2.!treeview"
Traceback (most recent call last):
  File "C:\Users\Erica Gallogo\OneDrive - National University\Desktop\MIDTERM\views\tracker_view.py", line 718, in load_data
    for item in self.tree.get_children():
                ~~~~~~~~~~~~~~~~~~~~~~^^
  File "C:\Users\Erica Gallogo\AppData\Local\Python\pythoncore-3.14-64\Lib\tkinter\ttk.py", line 1207, in get_children
    self.tk.call(self._w, "children", item or '') or ())
    ~~~~~~~~~~~~^^^^^^^^^^^^^^^^^^^^^^^^^^^^^^^^^
_tkinter.TclError: invalid command name ".!frame14.!canvas.!frame.!frame.!frame4.!frame2.!treeview"
2026-09-03 15:34:13 - ERROR - Dashboard refresh error: invalid command name ".!frame10.!canvas.!frame.!frame.!frame4.!frame2.!treeview"
Traceback (most recent call last):
  File "C:\Users\Erica Gallogo\OneDrive - National University\Desktop\MIDTERM\views\tracker_view.py", line 718, in load_data
    for item in self.tree.get_children():
                ~~~~~~~~~~~~~~~~~~~~~~^^
  File "C:\Users\Erica Gallogo\AppData\Local\Python\pythoncore-3.14-64\Lib\tkinter\ttk.py", line 1207, in get_children
    self.tk.call(self._w, "children", item or '') or ())
    ~~~~~~~~~~~~^^^^^^^^^^^^^^^^^^^^^^^^^^^^^^^^^
_tkinter.TclError: invalid command name ".!frame10.!canvas.!frame.!frame.!frame4.!frame2.!treeview"
2026-09-03 15:34:16 - ERROR - Dashboard refresh error: invalid command name ".!frame4.!canvas.!frame.!frame.!frame4.!frame2.!treeview"
Traceback (most recent call last):
  File "C:\Users\Erica Gallogo\OneDrive - National University\Desktop\MIDTERM\views\tracker_view.py", line 718, in load_data
    for item in self.tree.get_children():
                ~~~~~~~~~~~~~~~~~~~~~~^^
  File "C:\Users\Erica Gallogo\AppData\Local\Python\pythoncore-3.14-64\Lib\tkinter\ttk.py", line 1207, in get_children
    self.tk.call(self._w, "children", item or '') or ())
    ~~~~~~~~~~~~^^^^^^^^^^^^^^^^^^^^^^^^^^^^^^^^^
_tkinter.TclError: invalid command name ".!frame4.!canvas.!frame.!frame.!frame4.!frame2.!treeview"
2026-09-03 15:34:18 - ERROR - Dashboard refresh error: invalid command name ".!frame14.!canvas.!frame.!frame.!frame4.!frame2.!treeview"
Traceback (most recent call last):
  File "C:\Users\Erica Gallogo\OneDrive - National University\Desktop\MIDTERM\views\tracker_view.py", line 718, in load_data
    for item in self.tree.get_children():
                ~~~~~~~~~~~~~~~~~~~~~~^^
  File "C:\Users\Erica Gallogo\AppData\Local\Python\pythoncore-3.14-64\Lib\tkinter\ttk.py", line 1207, in get_children
    self.tk.call(self._w, "children", item or '') or ())
    ~~~~~~~~~~~~^^^^^^^^^^^^^^^^^^^^^^^^^^^^^^^^^
_tkinter.TclError: invalid command name ".!frame14.!canvas.!frame.!frame.!frame4.!frame2.!treeview"
2026-09-03 15:34:18 - ERROR - Dashboard refresh error: invalid command name ".!frame10.!canvas.!frame.!frame.!frame4.!frame2.!treeview"
Traceback (most recent call last):
  File "C:\Users\Erica Gallogo\OneDrive - National University\Desktop\MIDTERM\views\tracker_view.py", line 718, in load_data
    for item in self.tree.get_children():
                ~~~~~~~~~~~~~~~~~~~~~~^^
  File "C:\Users\Erica Gallogo\AppData\Local\Python\pythoncore-3.14-64\Lib\tkinter\ttk.py", line 1207, in get_children
    self.tk.call(self._w, "children", item or '') or ())
    ~~~~~~~~~~~~^^^^^^^^^^^^^^^^^^^^^^^^^^^^^^^^^
_tkinter.TclError: invalid command name ".!frame10.!canvas.!frame.!frame.!frame4.!frame2.!treeview"
2026-09-03 15:34:21 - ERROR - Dashboard refresh error: invalid command name ".!frame4.!canvas.!frame.!frame.!frame4.!frame2.!treeview"
Traceback (most recent call last):
  File "C:\Users\Erica Gallogo\OneDrive - National University\Desktop\MIDTERM\views\tracker_view.py", line 718, in load_data
    for item in self.tree.get_children():
                ~~~~~~~~~~~~~~~~~~~~~~^^
  File "C:\Users\Erica Gallogo\AppData\Local\Python\pythoncore-3.14-64\Lib\tkinter\ttk.py", line 1207, in get_children
    self.tk.call(self._w, "children", item or '') or ())
    ~~~~~~~~~~~~^^^^^^^^^^^^^^^^^^^^^^^^^^^^^^^^^
_tkinter.TclError: invalid command name ".!frame4.!canvas.!frame.!frame.!frame4.!frame2.!treeview"
2026-09-03 15:34:23 - ERROR - Dashboard refresh error: invalid command name ".!frame14.!canvas.!frame.!frame.!frame4.!frame2.!treeview"
Traceback (most recent call last):
  File "C:\Users\Erica Gallogo\OneDrive - National University\Desktop\MIDTERM\views\tracker_view.py", line 718, in load_data
    for item in self.tree.get_children():
                ~~~~~~~~~~~~~~~~~~~~~~^^
  File "C:\Users\Erica Gallogo\AppData\Local\Python\pythoncore-3.14-64\Lib\tkinter\ttk.py", line 1207, in get_children
    self.tk.call(self._w, "children", item or '') or ())
    ~~~~~~~~~~~~^^^^^^^^^^^^^^^^^^^^^^^^^^^^^^^^^
_tkinter.TclError: invalid command name ".!frame14.!canvas.!frame.!frame.!frame4.!frame2.!treeview"
2026-09-03 15:34:23 - ERROR - Dashboard refresh error: invalid command name ".!frame10.!canvas.!frame.!frame.!frame4.!frame2.!treeview"
Traceback (most recent call last):
  File "C:\Users\Erica Gallogo\OneDrive - National University\Desktop\MIDTERM\views\tracker_view.py", line 718, in load_data
    for item in self.tree.get_children():
                ~~~~~~~~~~~~~~~~~~~~~~^^
  File "C:\Users\Erica Gallogo\AppData\Local\Python\pythoncore-3.14-64\Lib\tkinter\ttk.py", line 1207, in get_children
    self.tk.call(self._w, "children", item or '') or ())
    ~~~~~~~~~~~~^^^^^^^^^^^^^^^^^^^^^^^^^^^^^^^^^
_tkinter.TclError: invalid command name ".!frame10.!canvas.!frame.!frame.!frame4.!frame2.!treeview"
2026-09-03 15:34:26 - ERROR - Dashboard refresh error: invalid command name ".!frame4.!canvas.!frame.!frame.!frame4.!frame2.!treeview"
Traceback (most recent call last):
  File "C:\Users\Erica Gallogo\OneDrive - National University\Desktop\MIDTERM\views\tracker_view.py", line 718, in load_data
    for item in self.tree.get_children():
                ~~~~~~~~~~~~~~~~~~~~~~^^
  File "C:\Users\Erica Gallogo\AppData\Local\Python\pythoncore-3.14-64\Lib\tkinter\ttk.py", line 1207, in get_children
    self.tk.call(self._w, "children", item or '') or ())
    ~~~~~~~~~~~~^^^^^^^^^^^^^^^^^^^^^^^^^^^^^^^^^
_tkinter.TclError: invalid command name ".!frame4.!canvas.!frame.!frame.!frame4.!frame2.!treeview"
2026-09-03 15:34:28 - ERROR - Dashboard refresh error: invalid command name ".!frame14.!canvas.!frame.!frame.!frame4.!frame2.!treeview"
Traceback (most recent call last):
  File "C:\Users\Erica Gallogo\OneDrive - National University\Desktop\MIDTERM\views\tracker_view.py", line 718, in load_data
    for item in self.tree.get_children():
                ~~~~~~~~~~~~~~~~~~~~~~^^
  File "C:\Users\Erica Gallogo\AppData\Local\Python\pythoncore-3.14-64\Lib\tkinter\ttk.py", line 1207, in get_children
    self.tk.call(self._w, "children", item or '') or ())
    ~~~~~~~~~~~~^^^^^^^^^^^^^^^^^^^^^^^^^^^^^^^^^
_tkinter.TclError: invalid command name ".!frame14.!canvas.!frame.!frame.!frame4.!frame2.!treeview"
2026-09-03 15:34:28 - ERROR - Dashboard refresh error: invalid command name ".!frame10.!canvas.!frame.!frame.!frame4.!frame2.!treeview"
Traceback (most recent call last):
  File "C:\Users\Erica Gallogo\OneDrive - National University\Desktop\MIDTERM\views\tracker_view.py", line 718, in load_data
    for item in self.tree.get_children():
                ~~~~~~~~~~~~~~~~~~~~~~^^
  File "C:\Users\Erica Gallogo\AppData\Local\Python\pythoncore-3.14-64\Lib\tkinter\ttk.py", line 1207, in get_children
    self.tk.call(self._w, "children", item or '') or ())
    ~~~~~~~~~~~~^^^^^^^^^^^^^^^^^^^^^^^^^^^^^^^^^
_tkinter.TclError: invalid command name ".!frame10.!canvas.!frame.!frame.!frame4.!frame2.!treeview"
2026-09-03 15:34:31 - ERROR - Dashboard refresh error: invalid command name ".!frame4.!canvas.!frame.!frame.!frame4.!frame2.!treeview"
Traceback (most recent call last):
  File "C:\Users\Erica Gallogo\OneDrive - National University\Desktop\MIDTERM\views\tracker_view.py", line 718, in load_data
    for item in self.tree.get_children():
                ~~~~~~~~~~~~~~~~~~~~~~^^
  File "C:\Users\Erica Gallogo\AppData\Local\Python\pythoncore-3.14-64\Lib\tkinter\ttk.py", line 1207, in get_children
    self.tk.call(self._w, "children", item or '') or ())
    ~~~~~~~~~~~~^^^^^^^^^^^^^^^^^^^^^^^^^^^^^^^^^
_tkinter.TclError: invalid command name ".!frame4.!canvas.!frame.!frame.!frame4.!frame2.!treeview"
2026-09-03 15:34:33 - ERROR - Dashboard refresh error: invalid command name ".!frame14.!canvas.!frame.!frame.!frame4.!frame2.!treeview"
Traceback (most recent call last):
  File "C:\Users\Erica Gallogo\OneDrive - National University\Desktop\MIDTERM\views\tracker_view.py", line 718, in load_data
    for item in self.tree.get_children():
                ~~~~~~~~~~~~~~~~~~~~~~^^
  File "C:\Users\Erica Gallogo\AppData\Local\Python\pythoncore-3.14-64\Lib\tkinter\ttk.py", line 1207, in get_children
    self.tk.call(self._w, "children", item or '') or ())
    ~~~~~~~~~~~~^^^^^^^^^^^^^^^^^^^^^^^^^^^^^^^^^
_tkinter.TclError: invalid command name ".!frame14.!canvas.!frame.!frame.!frame4.!frame2.!treeview"
2026-09-03 15:34:33 - ERROR - Dashboard refresh error: invalid command name ".!frame10.!canvas.!frame.!frame.!frame4.!frame2.!treeview"
Traceback (most recent call last):
  File "C:\Users\Erica Gallogo\OneDrive - National University\Desktop\MIDTERM\views\tracker_view.py", line 718, in load_data
    for item in self.tree.get_children():
                ~~~~~~~~~~~~~~~~~~~~~~^^
  File "C:\Users\Erica Gallogo\AppData\Local\Python\pythoncore-3.14-64\Lib\tkinter\ttk.py", line 1207, in get_children
    self.tk.call(self._w, "children", item or '') or ())
    ~~~~~~~~~~~~^^^^^^^^^^^^^^^^^^^^^^^^^^^^^^^^^
_tkinter.TclError: invalid command name ".!frame10.!canvas.!frame.!frame.!frame4.!frame2.!treeview"
2026-09-03 15:34:36 - ERROR - Dashboard refresh error: invalid command name ".!frame4.!canvas.!frame.!frame.!frame4.!frame2.!treeview"
Traceback (most recent call last):
  File "C:\Users\Erica Gallogo\OneDrive - National University\Desktop\MIDTERM\views\tracker_view.py", line 718, in load_data
    for item in self.tree.get_children():
                ~~~~~~~~~~~~~~~~~~~~~~^^
  File "C:\Users\Erica Gallogo\AppData\Local\Python\pythoncore-3.14-64\Lib\tkinter\ttk.py", line 1207, in get_children
    self.tk.call(self._w, "children", item or '') or ())
    ~~~~~~~~~~~~^^^^^^^^^^^^^^^^^^^^^^^^^^^^^^^^^
_tkinter.TclError: invalid command name ".!frame4.!canvas.!frame.!frame.!frame4.!frame2.!treeview"
2026-09-03 15:34:38 - ERROR - Dashboard refresh error: invalid command name ".!frame14.!canvas.!frame.!frame.!frame4.!frame2.!treeview"
Traceback (most recent call last):
  File "C:\Users\Erica Gallogo\OneDrive - National University\Desktop\MIDTERM\views\tracker_view.py", line 718, in load_data
    for item in self.tree.get_children():
                ~~~~~~~~~~~~~~~~~~~~~~^^
  File "C:\Users\Erica Gallogo\AppData\Local\Python\pythoncore-3.14-64\Lib\tkinter\ttk.py", line 1207, in get_children
    self.tk.call(self._w, "children", item or '') or ())
    ~~~~~~~~~~~~^^^^^^^^^^^^^^^^^^^^^^^^^^^^^^^^^
_tkinter.TclError: invalid command name ".!frame14.!canvas.!frame.!frame.!frame4.!frame2.!treeview"
2026-09-03 15:34:38 - ERROR - Dashboard refresh error: invalid command name ".!frame10.!canvas.!frame.!frame.!frame4.!frame2.!treeview"
Traceback (most recent call last):
  File "C:\Users\Erica Gallogo\OneDrive - National University\Desktop\MIDTERM\views\tracker_view.py", line 718, in load_data
    for item in self.tree.get_children():
                ~~~~~~~~~~~~~~~~~~~~~~^^
  File "C:\Users\Erica Gallogo\AppData\Local\Python\pythoncore-3.14-64\Lib\tkinter\ttk.py", line 1207, in get_children
    self.tk.call(self._w, "children", item or '') or ())
    ~~~~~~~~~~~~^^^^^^^^^^^^^^^^^^^^^^^^^^^^^^^^^
_tkinter.TclError: invalid command name ".!frame10.!canvas.!frame.!frame.!frame4.!frame2.!treeview"
2026-09-03 15:34:42 - ERROR - Dashboard refresh error: invalid command name ".!frame4.!canvas.!frame.!frame.!frame4.!frame2.!treeview"
Traceback (most recent call last):
  File "C:\Users\Erica Gallogo\OneDrive - National University\Desktop\MIDTERM\views\tracker_view.py", line 718, in load_data
    for item in self.tree.get_children():
                ~~~~~~~~~~~~~~~~~~~~~~^^
  File "C:\Users\Erica Gallogo\AppData\Local\Python\pythoncore-3.14-64\Lib\tkinter\ttk.py", line 1207, in get_children
    self.tk.call(self._w, "children", item or '') or ())
    ~~~~~~~~~~~~^^^^^^^^^^^^^^^^^^^^^^^^^^^^^^^^^
_tkinter.TclError: invalid command name ".!frame4.!canvas.!frame.!frame.!frame4.!frame2.!treeview"
2026-09-03 15:34:43 - ERROR - Dashboard refresh error: invalid command name ".!frame14.!canvas.!frame.!frame.!frame4.!frame2.!treeview"
Traceback (most recent call last):
  File "C:\Users\Erica Gallogo\OneDrive - National University\Desktop\MIDTERM\views\tracker_view.py", line 718, in load_data
    for item in self.tree.get_children():
                ~~~~~~~~~~~~~~~~~~~~~~^^
  File "C:\Users\Erica Gallogo\AppData\Local\Python\pythoncore-3.14-64\Lib\tkinter\ttk.py", line 1207, in get_children
    self.tk.call(self._w, "children", item or '') or ())
    ~~~~~~~~~~~~^^^^^^^^^^^^^^^^^^^^^^^^^^^^^^^^^
_tkinter.TclError: invalid command name ".!frame14.!canvas.!frame.!frame.!frame4.!frame2.!treeview"
2026-09-03 15:34:43 - ERROR - Dashboard refresh error: invalid command name ".!frame10.!canvas.!frame.!frame.!frame4.!frame2.!treeview"
Traceback (most recent call last):
  File "C:\Users\Erica Gallogo\OneDrive - National University\Desktop\MIDTERM\views\tracker_view.py", line 718, in load_data
    for item in self.tree.get_children():
                ~~~~~~~~~~~~~~~~~~~~~~^^
  File "C:\Users\Erica Gallogo\AppData\Local\Python\pythoncore-3.14-64\Lib\tkinter\ttk.py", line 1207, in get_children
    self.tk.call(self._w, "children", item or '') or ())
    ~~~~~~~~~~~~^^^^^^^^^^^^^^^^^^^^^^^^^^^^^^^^^
_tkinter.TclError: invalid command name ".!frame10.!canvas.!frame.!frame.!frame4.!frame2.!treeview"
2026-09-03 15:34:47 - ERROR - Dashboard refresh error: invalid command name ".!frame4.!canvas.!frame.!frame.!frame4.!frame2.!treeview"
Traceback (most recent call last):
  File "C:\Users\Erica Gallogo\OneDrive - National University\Desktop\MIDTERM\views\tracker_view.py", line 718, in load_data
    for item in self.tree.get_children():
                ~~~~~~~~~~~~~~~~~~~~~~^^
  File "C:\Users\Erica Gallogo\AppData\Local\Python\pythoncore-3.14-64\Lib\tkinter\ttk.py", line 1207, in get_children
    self.tk.call(self._w, "children", item or '') or ())
    ~~~~~~~~~~~~^^^^^^^^^^^^^^^^^^^^^^^^^^^^^^^^^
_tkinter.TclError: invalid command name ".!frame4.!canvas.!frame.!frame.!frame4.!frame2.!treeview"
2026-09-03 15:34:48 - ERROR - Dashboard refresh error: invalid command name ".!frame14.!canvas.!frame.!frame.!frame4.!frame2.!treeview"
Traceback (most recent call last):
  File "C:\Users\Erica Gallogo\OneDrive - National University\Desktop\MIDTERM\views\tracker_view.py", line 718, in load_data
    for item in self.tree.get_children():
                ~~~~~~~~~~~~~~~~~~~~~~^^
  File "C:\Users\Erica Gallogo\AppData\Local\Python\pythoncore-3.14-64\Lib\tkinter\ttk.py", line 1207, in get_children
    self.tk.call(self._w, "children", item or '') or ())
    ~~~~~~~~~~~~^^^^^^^^^^^^^^^^^^^^^^^^^^^^^^^^^
_tkinter.TclError: invalid command name ".!frame14.!canvas.!frame.!frame.!frame4.!frame2.!treeview"
2026-09-03 15:34:48 - ERROR - Dashboard refresh error: invalid command name ".!frame10.!canvas.!frame.!frame.!frame4.!frame2.!treeview"
Traceback (most recent call last):
  File "C:\Users\Erica Gallogo\OneDrive - National University\Desktop\MIDTERM\views\tracker_view.py", line 718, in load_data
    for item in self.tree.get_children():
                ~~~~~~~~~~~~~~~~~~~~~~^^
  File "C:\Users\Erica Gallogo\AppData\Local\Python\pythoncore-3.14-64\Lib\tkinter\ttk.py", line 1207, in get_children
    self.tk.call(self._w, "children", item or '') or ())
    ~~~~~~~~~~~~^^^^^^^^^^^^^^^^^^^^^^^^^^^^^^^^^
_tkinter.TclError: invalid command name ".!frame10.!canvas.!frame.!frame.!frame4.!frame2.!treeview"
2026-09-03 15:34:52 - ERROR - Dashboard refresh error: invalid command name ".!frame4.!canvas.!frame.!frame.!frame4.!frame2.!treeview"
Traceback (most recent call last):
  File "C:\Users\Erica Gallogo\OneDrive - National University\Desktop\MIDTERM\views\tracker_view.py", line 718, in load_data
    for item in self.tree.get_children():
                ~~~~~~~~~~~~~~~~~~~~~~^^
  File "C:\Users\Erica Gallogo\AppData\Local\Python\pythoncore-3.14-64\Lib\tkinter\ttk.py", line 1207, in get_children
    self.tk.call(self._w, "children", item or '') or ())
    ~~~~~~~~~~~~^^^^^^^^^^^^^^^^^^^^^^^^^^^^^^^^^
_tkinter.TclError: invalid command name ".!frame4.!canvas.!frame.!frame.!frame4.!frame2.!treeview"
2026-09-03 15:34:53 - ERROR - Dashboard refresh error: invalid command name ".!frame14.!canvas.!frame.!frame.!frame4.!frame2.!treeview"
Traceback (most recent call last):
  File "C:\Users\Erica Gallogo\OneDrive - National University\Desktop\MIDTERM\views\tracker_view.py", line 718, in load_data
    for item in self.tree.get_children():
                ~~~~~~~~~~~~~~~~~~~~~~^^
  File "C:\Users\Erica Gallogo\AppData\Local\Python\pythoncore-3.14-64\Lib\tkinter\ttk.py", line 1207, in get_children
    self.tk.call(self._w, "children", item or '') or ())
    ~~~~~~~~~~~~^^^^^^^^^^^^^^^^^^^^^^^^^^^^^^^^^
_tkinter.TclError: invalid command name ".!frame14.!canvas.!frame.!frame.!frame4.!frame2.!treeview"
2026-09-03 15:34:53 - ERROR - Dashboard refresh error: invalid command name ".!frame10.!canvas.!frame.!frame.!frame4.!frame2.!treeview"
Traceback (most recent call last):
  File "C:\Users\Erica Gallogo\OneDrive - National University\Desktop\MIDTERM\views\tracker_view.py", line 718, in load_data
    for item in self.tree.get_children():
                ~~~~~~~~~~~~~~~~~~~~~~^^
  File "C:\Users\Erica Gallogo\AppData\Local\Python\pythoncore-3.14-64\Lib\tkinter\ttk.py", line 1207, in get_children
    self.tk.call(self._w, "children", item or '') or ())
    ~~~~~~~~~~~~^^^^^^^^^^^^^^^^^^^^^^^^^^^^^^^^^
_tkinter.TclError: invalid command name ".!frame10.!canvas.!frame.!frame.!frame4.!frame2.!treeview"
2026-09-03 15:34:57 - ERROR - Dashboard refresh error: invalid command name ".!frame4.!canvas.!frame.!frame.!frame4.!frame2.!treeview"
Traceback (most recent call last):
  File "C:\Users\Erica Gallogo\OneDrive - National University\Desktop\MIDTERM\views\tracker_view.py", line 718, in load_data
    for item in self.tree.get_children():
                ~~~~~~~~~~~~~~~~~~~~~~^^
  File "C:\Users\Erica Gallogo\AppData\Local\Python\pythoncore-3.14-64\Lib\tkinter\ttk.py", line 1207, in get_children
    self.tk.call(self._w, "children", item or '') or ())
    ~~~~~~~~~~~~^^^^^^^^^^^^^^^^^^^^^^^^^^^^^^^^^
_tkinter.TclError: invalid command name ".!frame4.!canvas.!frame.!frame.!frame4.!frame2.!treeview"
2026-09-03 15:34:58 - ERROR - Dashboard refresh error: invalid command name ".!frame14.!canvas.!frame.!frame.!frame4.!frame2.!treeview"
Traceback (most recent call last):
  File "C:\Users\Erica Gallogo\OneDrive - National University\Desktop\MIDTERM\views\tracker_view.py", line 718, in load_data
    for item in self.tree.get_children():
                ~~~~~~~~~~~~~~~~~~~~~~^^
  File "C:\Users\Erica Gallogo\AppData\Local\Python\pythoncore-3.14-64\Lib\tkinter\ttk.py", line 1207, in get_children
    self.tk.call(self._w, "children", item or '') or ())
    ~~~~~~~~~~~~^^^^^^^^^^^^^^^^^^^^^^^^^^^^^^^^^
_tkinter.TclError: invalid command name ".!frame14.!canvas.!frame.!frame.!frame4.!frame2.!treeview"
2026-09-03 15:34:58 - ERROR - Dashboard refresh error: invalid command name ".!frame10.!canvas.!frame.!frame.!frame4.!frame2.!treeview"
Traceback (most recent call last):
  File "C:\Users\Erica Gallogo\OneDrive - National University\Desktop\MIDTERM\views\tracker_view.py", line 718, in load_data
    for item in self.tree.get_children():
                ~~~~~~~~~~~~~~~~~~~~~~^^
  File "C:\Users\Erica Gallogo\AppData\Local\Python\pythoncore-3.14-64\Lib\tkinter\ttk.py", line 1207, in get_children
    self.tk.call(self._w, "children", item or '') or ())
    ~~~~~~~~~~~~^^^^^^^^^^^^^^^^^^^^^^^^^^^^^^^^^
_tkinter.TclError: invalid command name ".!frame10.!canvas.!frame.!frame.!frame4.!frame2.!treeview"
2026-09-03 15:34:59 - INFO - User Logged Out: 'eca'
2026-09-03 15:35:02 - ERROR - Dashboard refresh error: invalid command name ".!frame4.!canvas.!frame.!frame.!frame4.!frame2.!treeview"
Traceback (most recent call last):
  File "C:\Users\Erica Gallogo\OneDrive - National University\Desktop\MIDTERM\views\tracker_view.py", line 718, in load_data
    for item in self.tree.get_children():
                ~~~~~~~~~~~~~~~~~~~~~~^^
  File "C:\Users\Erica Gallogo\AppData\Local\Python\pythoncore-3.14-64\Lib\tkinter\ttk.py", line 1207, in get_children
    self.tk.call(self._w, "children", item or '') or ())
    ~~~~~~~~~~~~^^^^^^^^^^^^^^^^^^^^^^^^^^^^^^^^^
_tkinter.TclError: invalid command name ".!frame4.!canvas.!frame.!frame.!frame4.!frame2.!treeview"
2026-09-03 15:35:02 - ERROR - Dashboard refresh error: invalid command name ".!frame18.!canvas.!frame.!frame.!frame4.!frame2.!treeview"
Traceback (most recent call last):
  File "C:\Users\Erica Gallogo\OneDrive - National University\Desktop\MIDTERM\views\tracker_view.py", line 718, in load_data
    for item in self.tree.get_children():
                ~~~~~~~~~~~~~~~~~~~~~~^^
  File "C:\Users\Erica Gallogo\AppData\Local\Python\pythoncore-3.14-64\Lib\tkinter\ttk.py", line 1207, in get_children
    self.tk.call(self._w, "children", item or '') or ())
    ~~~~~~~~~~~~^^^^^^^^^^^^^^^^^^^^^^^^^^^^^^^^^
_tkinter.TclError: invalid command name ".!frame18.!canvas.!frame.!frame.!frame4.!frame2.!treeview"
2026-09-03 15:35:03 - ERROR - Dashboard refresh error: invalid command name ".!frame14.!canvas.!frame.!frame.!frame4.!frame2.!treeview"
Traceback (most recent call last):
  File "C:\Users\Erica Gallogo\OneDrive - National University\Desktop\MIDTERM\views\tracker_view.py", line 718, in load_data
    for item in self.tree.get_children():
                ~~~~~~~~~~~~~~~~~~~~~~^^
  File "C:\Users\Erica Gallogo\AppData\Local\Python\pythoncore-3.14-64\Lib\tkinter\ttk.py", line 1207, in get_children
    self.tk.call(self._w, "children", item or '') or ())
    ~~~~~~~~~~~~^^^^^^^^^^^^^^^^^^^^^^^^^^^^^^^^^
_tkinter.TclError: invalid command name ".!frame14.!canvas.!frame.!frame.!frame4.!frame2.!treeview"
2026-09-03 15:35:03 - ERROR - Dashboard refresh error: invalid command name ".!frame10.!canvas.!frame.!frame.!frame4.!frame2.!treeview"
Traceback (most recent call last):
  File "C:\Users\Erica Gallogo\OneDrive - National University\Desktop\MIDTERM\views\tracker_view.py", line 718, in load_data
    for item in self.tree.get_children():
                ~~~~~~~~~~~~~~~~~~~~~~^^
  File "C:\Users\Erica Gallogo\AppData\Local\Python\pythoncore-3.14-64\Lib\tkinter\ttk.py", line 1207, in get_children
    self.tk.call(self._w, "children", item or '') or ())
    ~~~~~~~~~~~~^^^^^^^^^^^^^^^^^^^^^^^^^^^^^^^^^
_tkinter.TclError: invalid command name ".!frame10.!canvas.!frame.!frame.!frame4.!frame2.!treeview"
2026-09-03 15:35:07 - ERROR - Dashboard refresh error: invalid command name ".!frame4.!canvas.!frame.!frame.!frame4.!frame2.!treeview"
Traceback (most recent call last):
  File "C:\Users\Erica Gallogo\OneDrive - National University\Desktop\MIDTERM\views\tracker_view.py", line 718, in load_data
    for item in self.tree.get_children():
                ~~~~~~~~~~~~~~~~~~~~~~^^
  File "C:\Users\Erica Gallogo\AppData\Local\Python\pythoncore-3.14-64\Lib\tkinter\ttk.py", line 1207, in get_children
    self.tk.call(self._w, "children", item or '') or ())
    ~~~~~~~~~~~~^^^^^^^^^^^^^^^^^^^^^^^^^^^^^^^^^
_tkinter.TclError: invalid command name ".!frame4.!canvas.!frame.!frame.!frame4.!frame2.!treeview"
2026-09-03 15:35:07 - ERROR - Dashboard refresh error: invalid command name ".!frame18.!canvas.!frame.!frame.!frame4.!frame2.!treeview"
Traceback (most recent call last):
  File "C:\Users\Erica Gallogo\OneDrive - National University\Desktop\MIDTERM\views\tracker_view.py", line 718, in load_data
    for item in self.tree.get_children():
                ~~~~~~~~~~~~~~~~~~~~~~^^
  File "C:\Users\Erica Gallogo\AppData\Local\Python\pythoncore-3.14-64\Lib\tkinter\ttk.py", line 1207, in get_children
    self.tk.call(self._w, "children", item or '') or ())
    ~~~~~~~~~~~~^^^^^^^^^^^^^^^^^^^^^^^^^^^^^^^^^
_tkinter.TclError: invalid command name ".!frame18.!canvas.!frame.!frame.!frame4.!frame2.!treeview"
2026-09-03 15:35:08 - ERROR - Dashboard refresh error: invalid command name ".!frame14.!canvas.!frame.!frame.!frame4.!frame2.!treeview"
Traceback (most recent call last):
  File "C:\Users\Erica Gallogo\OneDrive - National University\Desktop\MIDTERM\views\tracker_view.py", line 718, in load_data
    for item in self.tree.get_children():
                ~~~~~~~~~~~~~~~~~~~~~~^^
  File "C:\Users\Erica Gallogo\AppData\Local\Python\pythoncore-3.14-64\Lib\tkinter\ttk.py", line 1207, in get_children
    self.tk.call(self._w, "children", item or '') or ())
    ~~~~~~~~~~~~^^^^^^^^^^^^^^^^^^^^^^^^^^^^^^^^^
_tkinter.TclError: invalid command name ".!frame14.!canvas.!frame.!frame.!frame4.!frame2.!treeview"
2026-09-03 15:35:08 - ERROR - Dashboard refresh error: invalid command name ".!frame10.!canvas.!frame.!frame.!frame4.!frame2.!treeview"
Traceback (most recent call last):
  File "C:\Users\Erica Gallogo\OneDrive - National University\Desktop\MIDTERM\views\tracker_view.py", line 718, in load_data
    for item in self.tree.get_children():
                ~~~~~~~~~~~~~~~~~~~~~~^^
  File "C:\Users\Erica Gallogo\AppData\Local\Python\pythoncore-3.14-64\Lib\tkinter\ttk.py", line 1207, in get_children
    self.tk.call(self._w, "children", item or '') or ())
    ~~~~~~~~~~~~^^^^^^^^^^^^^^^^^^^^^^^^^^^^^^^^^
_tkinter.TclError: invalid command name ".!frame10.!canvas.!frame.!frame.!frame4.!frame2.!treeview"
2026-09-03 15:35:12 - ERROR - Dashboard refresh error: invalid command name ".!frame4.!canvas.!frame.!frame.!frame4.!frame2.!treeview"
Traceback (most recent call last):
  File "C:\Users\Erica Gallogo\OneDrive - National University\Desktop\MIDTERM\views\tracker_view.py", line 718, in load_data
    for item in self.tree.get_children():
                ~~~~~~~~~~~~~~~~~~~~~~^^
  File "C:\Users\Erica Gallogo\AppData\Local\Python\pythoncore-3.14-64\Lib\tkinter\ttk.py", line 1207, in get_children
    self.tk.call(self._w, "children", item or '') or ())
    ~~~~~~~~~~~~^^^^^^^^^^^^^^^^^^^^^^^^^^^^^^^^^
_tkinter.TclError: invalid command name ".!frame4.!canvas.!frame.!frame.!frame4.!frame2.!treeview"
2026-09-03 15:35:12 - ERROR - Dashboard refresh error: invalid command name ".!frame18.!canvas.!frame.!frame.!frame4.!frame2.!treeview"
Traceback (most recent call last):
  File "C:\Users\Erica Gallogo\OneDrive - National University\Desktop\MIDTERM\views\tracker_view.py", line 718, in load_data
    for item in self.tree.get_children():
                ~~~~~~~~~~~~~~~~~~~~~~^^
  File "C:\Users\Erica Gallogo\AppData\Local\Python\pythoncore-3.14-64\Lib\tkinter\ttk.py", line 1207, in get_children
    self.tk.call(self._w, "children", item or '') or ())
    ~~~~~~~~~~~~^^^^^^^^^^^^^^^^^^^^^^^^^^^^^^^^^
_tkinter.TclError: invalid command name ".!frame18.!canvas.!frame.!frame.!frame4.!frame2.!treeview"
2026-09-03 15:35:13 - ERROR - Dashboard refresh error: invalid command name ".!frame14.!canvas.!frame.!frame.!frame4.!frame2.!treeview"
Traceback (most recent call last):
  File "C:\Users\Erica Gallogo\OneDrive - National University\Desktop\MIDTERM\views\tracker_view.py", line 718, in load_data
    for item in self.tree.get_children():
                ~~~~~~~~~~~~~~~~~~~~~~^^
  File "C:\Users\Erica Gallogo\AppData\Local\Python\pythoncore-3.14-64\Lib\tkinter\ttk.py", line 1207, in get_children
    self.tk.call(self._w, "children", item or '') or ())
    ~~~~~~~~~~~~^^^^^^^^^^^^^^^^^^^^^^^^^^^^^^^^^
_tkinter.TclError: invalid command name ".!frame14.!canvas.!frame.!frame.!frame4.!frame2.!treeview"
2026-09-03 15:35:13 - ERROR - Dashboard refresh error: invalid command name ".!frame10.!canvas.!frame.!frame.!frame4.!frame2.!treeview"
Traceback (most recent call last):
  File "C:\Users\Erica Gallogo\OneDrive - National University\Desktop\MIDTERM\views\tracker_view.py", line 718, in load_data
    for item in self.tree.get_children():
                ~~~~~~~~~~~~~~~~~~~~~~^^
  File "C:\Users\Erica Gallogo\AppData\Local\Python\pythoncore-3.14-64\Lib\tkinter\ttk.py", line 1207, in get_children
    self.tk.call(self._w, "children", item or '') or ())
    ~~~~~~~~~~~~^^^^^^^^^^^^^^^^^^^^^^^^^^^^^^^^^
_tkinter.TclError: invalid command name ".!frame10.!canvas.!frame.!frame.!frame4.!frame2.!treeview"
2026-09-03 15:35:17 - ERROR - Dashboard refresh error: invalid command name ".!frame4.!canvas.!frame.!frame.!frame4.!frame2.!treeview"
Traceback (most recent call last):
  File "C:\Users\Erica Gallogo\OneDrive - National University\Desktop\MIDTERM\views\tracker_view.py", line 718, in load_data
    for item in self.tree.get_children():
                ~~~~~~~~~~~~~~~~~~~~~~^^
  File "C:\Users\Erica Gallogo\AppData\Local\Python\pythoncore-3.14-64\Lib\tkinter\ttk.py", line 1207, in get_children
    self.tk.call(self._w, "children", item or '') or ())
    ~~~~~~~~~~~~^^^^^^^^^^^^^^^^^^^^^^^^^^^^^^^^^
_tkinter.TclError: invalid command name ".!frame4.!canvas.!frame.!frame.!frame4.!frame2.!treeview"
2026-09-03 15:35:17 - ERROR - Dashboard refresh error: invalid command name ".!frame18.!canvas.!frame.!frame.!frame4.!frame2.!treeview"
Traceback (most recent call last):
  File "C:\Users\Erica Gallogo\OneDrive - National University\Desktop\MIDTERM\views\tracker_view.py", line 718, in load_data
    for item in self.tree.get_children():
                ~~~~~~~~~~~~~~~~~~~~~~^^
  File "C:\Users\Erica Gallogo\AppData\Local\Python\pythoncore-3.14-64\Lib\tkinter\ttk.py", line 1207, in get_children
    self.tk.call(self._w, "children", item or '') or ())
    ~~~~~~~~~~~~^^^^^^^^^^^^^^^^^^^^^^^^^^^^^^^^^
_tkinter.TclError: invalid command name ".!frame18.!canvas.!frame.!frame.!frame4.!frame2.!treeview"
2026-09-03 15:35:18 - ERROR - Dashboard refresh error: invalid command name ".!frame14.!canvas.!frame.!frame.!frame4.!frame2.!treeview"
Traceback (most recent call last):
  File "C:\Users\Erica Gallogo\OneDrive - National University\Desktop\MIDTERM\views\tracker_view.py", line 718, in load_data
    for item in self.tree.get_children():
                ~~~~~~~~~~~~~~~~~~~~~~^^
  File "C:\Users\Erica Gallogo\AppData\Local\Python\pythoncore-3.14-64\Lib\tkinter\ttk.py", line 1207, in get_children
    self.tk.call(self._w, "children", item or '') or ())
    ~~~~~~~~~~~~^^^^^^^^^^^^^^^^^^^^^^^^^^^^^^^^^
_tkinter.TclError: invalid command name ".!frame14.!canvas.!frame.!frame.!frame4.!frame2.!treeview"
2026-09-03 15:35:18 - ERROR - Dashboard refresh error: invalid command name ".!frame10.!canvas.!frame.!frame.!frame4.!frame2.!treeview"
Traceback (most recent call last):
  File "C:\Users\Erica Gallogo\OneDrive - National University\Desktop\MIDTERM\views\tracker_view.py", line 718, in load_data
    for item in self.tree.get_children():
                ~~~~~~~~~~~~~~~~~~~~~~^^
  File "C:\Users\Erica Gallogo\AppData\Local\Python\pythoncore-3.14-64\Lib\tkinter\ttk.py", line 1207, in get_children
    self.tk.call(self._w, "children", item or '') or ())
    ~~~~~~~~~~~~^^^^^^^^^^^^^^^^^^^^^^^^^^^^^^^^^
_tkinter.TclError: invalid command name ".!frame10.!canvas.!frame.!frame.!frame4.!frame2.!treeview"
2026-09-03 15:35:22 - ERROR - Dashboard refresh error: invalid command name ".!frame4.!canvas.!frame.!frame.!frame4.!frame2.!treeview"
Traceback (most recent call last):
  File "C:\Users\Erica Gallogo\OneDrive - National University\Desktop\MIDTERM\views\tracker_view.py", line 718, in load_data
    for item in self.tree.get_children():
                ~~~~~~~~~~~~~~~~~~~~~~^^
  File "C:\Users\Erica Gallogo\AppData\Local\Python\pythoncore-3.14-64\Lib\tkinter\ttk.py", line 1207, in get_children
    self.tk.call(self._w, "children", item or '') or ())
    ~~~~~~~~~~~~^^^^^^^^^^^^^^^^^^^^^^^^^^^^^^^^^
_tkinter.TclError: invalid command name ".!frame4.!canvas.!frame.!frame.!frame4.!frame2.!treeview"
2026-09-03 15:35:22 - ERROR - Dashboard refresh error: invalid command name ".!frame18.!canvas.!frame.!frame.!frame4.!frame2.!treeview"
Traceback (most recent call last):
  File "C:\Users\Erica Gallogo\OneDrive - National University\Desktop\MIDTERM\views\tracker_view.py", line 718, in load_data
    for item in self.tree.get_children():
                ~~~~~~~~~~~~~~~~~~~~~~^^
  File "C:\Users\Erica Gallogo\AppData\Local\Python\pythoncore-3.14-64\Lib\tkinter\ttk.py", line 1207, in get_children
    self.tk.call(self._w, "children", item or '') or ())
    ~~~~~~~~~~~~^^^^^^^^^^^^^^^^^^^^^^^^^^^^^^^^^
_tkinter.TclError: invalid command name ".!frame18.!canvas.!frame.!frame.!frame4.!frame2.!treeview"
2026-09-03 15:35:23 - ERROR - Dashboard refresh error: invalid command name ".!frame14.!canvas.!frame.!frame.!frame4.!frame2.!treeview"
Traceback (most recent call last):
  File "C:\Users\Erica Gallogo\OneDrive - National University\Desktop\MIDTERM\views\tracker_view.py", line 718, in load_data
    for item in self.tree.get_children():
                ~~~~~~~~~~~~~~~~~~~~~~^^
  File "C:\Users\Erica Gallogo\AppData\Local\Python\pythoncore-3.14-64\Lib\tkinter\ttk.py", line 1207, in get_children
    self.tk.call(self._w, "children", item or '') or ())
    ~~~~~~~~~~~~^^^^^^^^^^^^^^^^^^^^^^^^^^^^^^^^^
_tkinter.TclError: invalid command name ".!frame14.!canvas.!frame.!frame.!frame4.!frame2.!treeview"
2026-09-03 15:35:23 - ERROR - Dashboard refresh error: invalid command name ".!frame10.!canvas.!frame.!frame.!frame4.!frame2.!treeview"
Traceback (most recent call last):
  File "C:\Users\Erica Gallogo\OneDrive - National University\Desktop\MIDTERM\views\tracker_view.py", line 718, in load_data
    for item in self.tree.get_children():
                ~~~~~~~~~~~~~~~~~~~~~~^^
  File "C:\Users\Erica Gallogo\AppData\Local\Python\pythoncore-3.14-64\Lib\tkinter\ttk.py", line 1207, in get_children
    self.tk.call(self._w, "children", item or '') or ())
    ~~~~~~~~~~~~^^^^^^^^^^^^^^^^^^^^^^^^^^^^^^^^^
_tkinter.TclError: invalid command name ".!frame10.!canvas.!frame.!frame.!frame4.!frame2.!treeview"
2026-09-03 15:35:27 - ERROR - Dashboard refresh error: invalid command name ".!frame4.!canvas.!frame.!frame.!frame4.!frame2.!treeview"
Traceback (most recent call last):
  File "C:\Users\Erica Gallogo\OneDrive - National University\Desktop\MIDTERM\views\tracker_view.py", line 718, in load_data
    for item in self.tree.get_children():
                ~~~~~~~~~~~~~~~~~~~~~~^^
  File "C:\Users\Erica Gallogo\AppData\Local\Python\pythoncore-3.14-64\Lib\tkinter\ttk.py", line 1207, in get_children
    self.tk.call(self._w, "children", item or '') or ())
    ~~~~~~~~~~~~^^^^^^^^^^^^^^^^^^^^^^^^^^^^^^^^^
_tkinter.TclError: invalid command name ".!frame4.!canvas.!frame.!frame.!frame4.!frame2.!treeview"
2026-09-03 15:35:27 - ERROR - Dashboard refresh error: invalid command name ".!frame18.!canvas.!frame.!frame.!frame4.!frame2.!treeview"
Traceback (most recent call last):
  File "C:\Users\Erica Gallogo\OneDrive - National University\Desktop\MIDTERM\views\tracker_view.py", line 718, in load_data
    for item in self.tree.get_children():
                ~~~~~~~~~~~~~~~~~~~~~~^^
  File "C:\Users\Erica Gallogo\AppData\Local\Python\pythoncore-3.14-64\Lib\tkinter\ttk.py", line 1207, in get_children
    self.tk.call(self._w, "children", item or '') or ())
    ~~~~~~~~~~~~^^^^^^^^^^^^^^^^^^^^^^^^^^^^^^^^^
_tkinter.TclError: invalid command name ".!frame18.!canvas.!frame.!frame.!frame4.!frame2.!treeview"
2026-09-03 15:35:28 - ERROR - Dashboard refresh error: invalid command name ".!frame14.!canvas.!frame.!frame.!frame4.!frame2.!treeview"
Traceback (most recent call last):
  File "C:\Users\Erica Gallogo\OneDrive - National University\Desktop\MIDTERM\views\tracker_view.py", line 718, in load_data
    for item in self.tree.get_children():
                ~~~~~~~~~~~~~~~~~~~~~~^^
  File "C:\Users\Erica Gallogo\AppData\Local\Python\pythoncore-3.14-64\Lib\tkinter\ttk.py", line 1207, in get_children
    self.tk.call(self._w, "children", item or '') or ())
    ~~~~~~~~~~~~^^^^^^^^^^^^^^^^^^^^^^^^^^^^^^^^^
_tkinter.TclError: invalid command name ".!frame14.!canvas.!frame.!frame.!frame4.!frame2.!treeview"
2026-09-03 15:35:28 - ERROR - Dashboard refresh error: invalid command name ".!frame10.!canvas.!frame.!frame.!frame4.!frame2.!treeview"
Traceback (most recent call last):
  File "C:\Users\Erica Gallogo\OneDrive - National University\Desktop\MIDTERM\views\tracker_view.py", line 718, in load_data
    for item in self.tree.get_children():
                ~~~~~~~~~~~~~~~~~~~~~~^^
  File "C:\Users\Erica Gallogo\AppData\Local\Python\pythoncore-3.14-64\Lib\tkinter\ttk.py", line 1207, in get_children
    self.tk.call(self._w, "children", item or '') or ())
    ~~~~~~~~~~~~^^^^^^^^^^^^^^^^^^^^^^^^^^^^^^^^^
_tkinter.TclError: invalid command name ".!frame10.!canvas.!frame.!frame.!frame4.!frame2.!treeview"
2026-09-03 15:35:32 - ERROR - Dashboard refresh error: invalid command name ".!frame4.!canvas.!frame.!frame.!frame4.!frame2.!treeview"
Traceback (most recent call last):
  File "C:\Users\Erica Gallogo\OneDrive - National University\Desktop\MIDTERM\views\tracker_view.py", line 718, in load_data
    for item in self.tree.get_children():
                ~~~~~~~~~~~~~~~~~~~~~~^^
  File "C:\Users\Erica Gallogo\AppData\Local\Python\pythoncore-3.14-64\Lib\tkinter\ttk.py", line 1207, in get_children
    self.tk.call(self._w, "children", item or '') or ())
    ~~~~~~~~~~~~^^^^^^^^^^^^^^^^^^^^^^^^^^^^^^^^^
_tkinter.TclError: invalid command name ".!frame4.!canvas.!frame.!frame.!frame4.!frame2.!treeview"
2026-09-03 15:35:32 - ERROR - Dashboard refresh error: invalid command name ".!frame18.!canvas.!frame.!frame.!frame4.!frame2.!treeview"
Traceback (most recent call last):
  File "C:\Users\Erica Gallogo\OneDrive - National University\Desktop\MIDTERM\views\tracker_view.py", line 718, in load_data
    for item in self.tree.get_children():
                ~~~~~~~~~~~~~~~~~~~~~~^^
  File "C:\Users\Erica Gallogo\AppData\Local\Python\pythoncore-3.14-64\Lib\tkinter\ttk.py", line 1207, in get_children
    self.tk.call(self._w, "children", item or '') or ())
    ~~~~~~~~~~~~^^^^^^^^^^^^^^^^^^^^^^^^^^^^^^^^^
_tkinter.TclError: invalid command name ".!frame18.!canvas.!frame.!frame.!frame4.!frame2.!treeview"
2026-09-03 15:35:33 - ERROR - Dashboard refresh error: invalid command name ".!frame14.!canvas.!frame.!frame.!frame4.!frame2.!treeview"
Traceback (most recent call last):
  File "C:\Users\Erica Gallogo\OneDrive - National University\Desktop\MIDTERM\views\tracker_view.py", line 718, in load_data
    for item in self.tree.get_children():
                ~~~~~~~~~~~~~~~~~~~~~~^^
  File "C:\Users\Erica Gallogo\AppData\Local\Python\pythoncore-3.14-64\Lib\tkinter\ttk.py", line 1207, in get_children
    self.tk.call(self._w, "children", item or '') or ())
    ~~~~~~~~~~~~^^^^^^^^^^^^^^^^^^^^^^^^^^^^^^^^^
_tkinter.TclError: invalid command name ".!frame14.!canvas.!frame.!frame.!frame4.!frame2.!treeview"
2026-09-03 15:35:33 - ERROR - Dashboard refresh error: invalid command name ".!frame10.!canvas.!frame.!frame.!frame4.!frame2.!treeview"
Traceback (most recent call last):
  File "C:\Users\Erica Gallogo\OneDrive - National University\Desktop\MIDTERM\views\tracker_view.py", line 718, in load_data
    for item in self.tree.get_children():
                ~~~~~~~~~~~~~~~~~~~~~~^^
  File "C:\Users\Erica Gallogo\AppData\Local\Python\pythoncore-3.14-64\Lib\tkinter\ttk.py", line 1207, in get_children
    self.tk.call(self._w, "children", item or '') or ())
    ~~~~~~~~~~~~^^^^^^^^^^^^^^^^^^^^^^^^^^^^^^^^^
_tkinter.TclError: invalid command name ".!frame10.!canvas.!frame.!frame.!frame4.!frame2.!treeview"
2026-09-03 15:35:37 - ERROR - Dashboard refresh error: invalid command name ".!frame4.!canvas.!frame.!frame.!frame4.!frame2.!treeview"
Traceback (most recent call last):
  File "C:\Users\Erica Gallogo\OneDrive - National University\Desktop\MIDTERM\views\tracker_view.py", line 718, in load_data
    for item in self.tree.get_children():
                ~~~~~~~~~~~~~~~~~~~~~~^^
  File "C:\Users\Erica Gallogo\AppData\Local\Python\pythoncore-3.14-64\Lib\tkinter\ttk.py", line 1207, in get_children
    self.tk.call(self._w, "children", item or '') or ())
    ~~~~~~~~~~~~^^^^^^^^^^^^^^^^^^^^^^^^^^^^^^^^^
_tkinter.TclError: invalid command name ".!frame4.!canvas.!frame.!frame.!frame4.!frame2.!treeview"
2026-09-03 15:35:37 - ERROR - Dashboard refresh error: invalid command name ".!frame18.!canvas.!frame.!frame.!frame4.!frame2.!treeview"
Traceback (most recent call last):
  File "C:\Users\Erica Gallogo\OneDrive - National University\Desktop\MIDTERM\views\tracker_view.py", line 718, in load_data
    for item in self.tree.get_children():
                ~~~~~~~~~~~~~~~~~~~~~~^^
  File "C:\Users\Erica Gallogo\AppData\Local\Python\pythoncore-3.14-64\Lib\tkinter\ttk.py", line 1207, in get_children
    self.tk.call(self._w, "children", item or '') or ())
    ~~~~~~~~~~~~^^^^^^^^^^^^^^^^^^^^^^^^^^^^^^^^^
_tkinter.TclError: invalid command name ".!frame18.!canvas.!frame.!frame.!frame4.!frame2.!treeview"
2026-09-03 15:35:38 - ERROR - Dashboard refresh error: invalid command name ".!frame14.!canvas.!frame.!frame.!frame4.!frame2.!treeview"
Traceback (most recent call last):
  File "C:\Users\Erica Gallogo\OneDrive - National University\Desktop\MIDTERM\views\tracker_view.py", line 718, in load_data
    for item in self.tree.get_children():
                ~~~~~~~~~~~~~~~~~~~~~~^^
  File "C:\Users\Erica Gallogo\AppData\Local\Python\pythoncore-3.14-64\Lib\tkinter\ttk.py", line 1207, in get_children
    self.tk.call(self._w, "children", item or '') or ())
    ~~~~~~~~~~~~^^^^^^^^^^^^^^^^^^^^^^^^^^^^^^^^^
_tkinter.TclError: invalid command name ".!frame14.!canvas.!frame.!frame.!frame4.!frame2.!treeview"
2026-09-03 15:35:38 - ERROR - Dashboard refresh error: invalid command name ".!frame10.!canvas.!frame.!frame.!frame4.!frame2.!treeview"
Traceback (most recent call last):
  File "C:\Users\Erica Gallogo\OneDrive - National University\Desktop\MIDTERM\views\tracker_view.py", line 718, in load_data
    for item in self.tree.get_children():
                ~~~~~~~~~~~~~~~~~~~~~~^^
  File "C:\Users\Erica Gallogo\AppData\Local\Python\pythoncore-3.14-64\Lib\tkinter\ttk.py", line 1207, in get_children
    self.tk.call(self._w, "children", item or '') or ())
    ~~~~~~~~~~~~^^^^^^^^^^^^^^^^^^^^^^^^^^^^^^^^^
_tkinter.TclError: invalid command name ".!frame10.!canvas.!frame.!frame.!frame4.!frame2.!treeview"
2026-09-03 15:35:42 - ERROR - Dashboard refresh error: invalid command name ".!frame4.!canvas.!frame.!frame.!frame4.!frame2.!treeview"
Traceback (most recent call last):
  File "C:\Users\Erica Gallogo\OneDrive - National University\Desktop\MIDTERM\views\tracker_view.py", line 718, in load_data
    for item in self.tree.get_children():
                ~~~~~~~~~~~~~~~~~~~~~~^^
  File "C:\Users\Erica Gallogo\AppData\Local\Python\pythoncore-3.14-64\Lib\tkinter\ttk.py", line 1207, in get_children
    self.tk.call(self._w, "children", item or '') or ())
    ~~~~~~~~~~~~^^^^^^^^^^^^^^^^^^^^^^^^^^^^^^^^^
_tkinter.TclError: invalid command name ".!frame4.!canvas.!frame.!frame.!frame4.!frame2.!treeview"
2026-09-03 15:35:42 - ERROR - Dashboard refresh error: invalid command name ".!frame18.!canvas.!frame.!frame.!frame4.!frame2.!treeview"
Traceback (most recent call last):
  File "C:\Users\Erica Gallogo\OneDrive - National University\Desktop\MIDTERM\views\tracker_view.py", line 718, in load_data
    for item in self.tree.get_children():
                ~~~~~~~~~~~~~~~~~~~~~~^^
  File "C:\Users\Erica Gallogo\AppData\Local\Python\pythoncore-3.14-64\Lib\tkinter\ttk.py", line 1207, in get_children
    self.tk.call(self._w, "children", item or '') or ())
    ~~~~~~~~~~~~^^^^^^^^^^^^^^^^^^^^^^^^^^^^^^^^^
_tkinter.TclError: invalid command name ".!frame18.!canvas.!frame.!frame.!frame4.!frame2.!treeview"
2026-09-03 15:35:43 - ERROR - Dashboard refresh error: invalid command name ".!frame14.!canvas.!frame.!frame.!frame4.!frame2.!treeview"
Traceback (most recent call last):
  File "C:\Users\Erica Gallogo\OneDrive - National University\Desktop\MIDTERM\views\tracker_view.py", line 718, in load_data
    for item in self.tree.get_children():
                ~~~~~~~~~~~~~~~~~~~~~~^^
  File "C:\Users\Erica Gallogo\AppData\Local\Python\pythoncore-3.14-64\Lib\tkinter\ttk.py", line 1207, in get_children
    self.tk.call(self._w, "children", item or '') or ())
    ~~~~~~~~~~~~^^^^^^^^^^^^^^^^^^^^^^^^^^^^^^^^^
_tkinter.TclError: invalid command name ".!frame14.!canvas.!frame.!frame.!frame4.!frame2.!treeview"
2026-09-03 15:35:43 - ERROR - Dashboard refresh error: invalid command name ".!frame10.!canvas.!frame.!frame.!frame4.!frame2.!treeview"
Traceback (most recent call last):
  File "C:\Users\Erica Gallogo\OneDrive - National University\Desktop\MIDTERM\views\tracker_view.py", line 718, in load_data
    for item in self.tree.get_children():
                ~~~~~~~~~~~~~~~~~~~~~~^^
  File "C:\Users\Erica Gallogo\AppData\Local\Python\pythoncore-3.14-64\Lib\tkinter\ttk.py", line 1207, in get_children
    self.tk.call(self._w, "children", item or '') or ())
    ~~~~~~~~~~~~^^^^^^^^^^^^^^^^^^^^^^^^^^^^^^^^^
_tkinter.TclError: invalid command name ".!frame10.!canvas.!frame.!frame.!frame4.!frame2.!treeview"
2026-09-03 15:35:47 - ERROR - Dashboard refresh error: invalid command name ".!frame4.!canvas.!frame.!frame.!frame4.!frame2.!treeview"
Traceback (most recent call last):
  File "C:\Users\Erica Gallogo\OneDrive - National University\Desktop\MIDTERM\views\tracker_view.py", line 718, in load_data
    for item in self.tree.get_children():
                ~~~~~~~~~~~~~~~~~~~~~~^^
  File "C:\Users\Erica Gallogo\AppData\Local\Python\pythoncore-3.14-64\Lib\tkinter\ttk.py", line 1207, in get_children
    self.tk.call(self._w, "children", item or '') or ())
    ~~~~~~~~~~~~^^^^^^^^^^^^^^^^^^^^^^^^^^^^^^^^^
_tkinter.TclError: invalid command name ".!frame4.!canvas.!frame.!frame.!frame4.!frame2.!treeview"
2026-09-03 15:35:47 - ERROR - Dashboard refresh error: invalid command name ".!frame18.!canvas.!frame.!frame.!frame4.!frame2.!treeview"
Traceback (most recent call last):
  File "C:\Users\Erica Gallogo\OneDrive - National University\Desktop\MIDTERM\views\tracker_view.py", line 718, in load_data
    for item in self.tree.get_children():
                ~~~~~~~~~~~~~~~~~~~~~~^^
  File "C:\Users\Erica Gallogo\AppData\Local\Python\pythoncore-3.14-64\Lib\tkinter\ttk.py", line 1207, in get_children
    self.tk.call(self._w, "children", item or '') or ())
    ~~~~~~~~~~~~^^^^^^^^^^^^^^^^^^^^^^^^^^^^^^^^^
_tkinter.TclError: invalid command name ".!frame18.!canvas.!frame.!frame.!frame4.!frame2.!treeview"
2026-09-03 15:35:48 - ERROR - Dashboard refresh error: invalid command name ".!frame14.!canvas.!frame.!frame.!frame4.!frame2.!treeview"
Traceback (most recent call last):
  File "C:\Users\Erica Gallogo\OneDrive - National University\Desktop\MIDTERM\views\tracker_view.py", line 718, in load_data
    for item in self.tree.get_children():
                ~~~~~~~~~~~~~~~~~~~~~~^^
  File "C:\Users\Erica Gallogo\AppData\Local\Python\pythoncore-3.14-64\Lib\tkinter\ttk.py", line 1207, in get_children
    self.tk.call(self._w, "children", item or '') or ())
    ~~~~~~~~~~~~^^^^^^^^^^^^^^^^^^^^^^^^^^^^^^^^^
_tkinter.TclError: invalid command name ".!frame14.!canvas.!frame.!frame.!frame4.!frame2.!treeview"
2026-09-03 15:35:48 - ERROR - Dashboard refresh error: invalid command name ".!frame10.!canvas.!frame.!frame.!frame4.!frame2.!treeview"
Traceback (most recent call last):
  File "C:\Users\Erica Gallogo\OneDrive - National University\Desktop\MIDTERM\views\tracker_view.py", line 718, in load_data
    for item in self.tree.get_children():
                ~~~~~~~~~~~~~~~~~~~~~~^^
  File "C:\Users\Erica Gallogo\AppData\Local\Python\pythoncore-3.14-64\Lib\tkinter\ttk.py", line 1207, in get_children
    self.tk.call(self._w, "children", item or '') or ())
    ~~~~~~~~~~~~^^^^^^^^^^^^^^^^^^^^^^^^^^^^^^^^^
_tkinter.TclError: invalid command name ".!frame10.!canvas.!frame.!frame.!frame4.!frame2.!treeview"
2026-09-03 15:35:52 - ERROR - Dashboard refresh error: invalid command name ".!frame4.!canvas.!frame.!frame.!frame4.!frame2.!treeview"
Traceback (most recent call last):
  File "C:\Users\Erica Gallogo\OneDrive - National University\Desktop\MIDTERM\views\tracker_view.py", line 718, in load_data
    for item in self.tree.get_children():
                ~~~~~~~~~~~~~~~~~~~~~~^^
  File "C:\Users\Erica Gallogo\AppData\Local\Python\pythoncore-3.14-64\Lib\tkinter\ttk.py", line 1207, in get_children
    self.tk.call(self._w, "children", item or '') or ())
    ~~~~~~~~~~~~^^^^^^^^^^^^^^^^^^^^^^^^^^^^^^^^^
_tkinter.TclError: invalid command name ".!frame4.!canvas.!frame.!frame.!frame4.!frame2.!treeview"
2026-09-03 15:35:52 - ERROR - Dashboard refresh error: invalid command name ".!frame18.!canvas.!frame.!frame.!frame4.!frame2.!treeview"
Traceback (most recent call last):
  File "C:\Users\Erica Gallogo\OneDrive - National University\Desktop\MIDTERM\views\tracker_view.py", line 718, in load_data
    for item in self.tree.get_children():
                ~~~~~~~~~~~~~~~~~~~~~~^^
  File "C:\Users\Erica Gallogo\AppData\Local\Python\pythoncore-3.14-64\Lib\tkinter\ttk.py", line 1207, in get_children
    self.tk.call(self._w, "children", item or '') or ())
    ~~~~~~~~~~~~^^^^^^^^^^^^^^^^^^^^^^^^^^^^^^^^^
_tkinter.TclError: invalid command name ".!frame18.!canvas.!frame.!frame.!frame4.!frame2.!treeview"
2026-09-03 15:35:53 - ERROR - Dashboard refresh error: invalid command name ".!frame14.!canvas.!frame.!frame.!frame4.!frame2.!treeview"
Traceback (most recent call last):
  File "C:\Users\Erica Gallogo\OneDrive - National University\Desktop\MIDTERM\views\tracker_view.py", line 718, in load_data
    for item in self.tree.get_children():
                ~~~~~~~~~~~~~~~~~~~~~~^^
  File "C:\Users\Erica Gallogo\AppData\Local\Python\pythoncore-3.14-64\Lib\tkinter\ttk.py", line 1207, in get_children
    self.tk.call(self._w, "children", item or '') or ())
    ~~~~~~~~~~~~^^^^^^^^^^^^^^^^^^^^^^^^^^^^^^^^^
_tkinter.TclError: invalid command name ".!frame14.!canvas.!frame.!frame.!frame4.!frame2.!treeview"
2026-09-03 15:35:53 - ERROR - Dashboard refresh error: invalid command name ".!frame10.!canvas.!frame.!frame.!frame4.!frame2.!treeview"
Traceback (most recent call last):
  File "C:\Users\Erica Gallogo\OneDrive - National University\Desktop\MIDTERM\views\tracker_view.py", line 718, in load_data
    for item in self.tree.get_children():
                ~~~~~~~~~~~~~~~~~~~~~~^^
  File "C:\Users\Erica Gallogo\AppData\Local\Python\pythoncore-3.14-64\Lib\tkinter\ttk.py", line 1207, in get_children
    self.tk.call(self._w, "children", item or '') or ())
    ~~~~~~~~~~~~^^^^^^^^^^^^^^^^^^^^^^^^^^^^^^^^^
_tkinter.TclError: invalid command name ".!frame10.!canvas.!frame.!frame.!frame4.!frame2.!treeview"
2026-09-03 15:35:57 - ERROR - Dashboard refresh error: invalid command name ".!frame4.!canvas.!frame.!frame.!frame4.!frame2.!treeview"
Traceback (most recent call last):
  File "C:\Users\Erica Gallogo\OneDrive - National University\Desktop\MIDTERM\views\tracker_view.py", line 718, in load_data
    for item in self.tree.get_children():
                ~~~~~~~~~~~~~~~~~~~~~~^^
  File "C:\Users\Erica Gallogo\AppData\Local\Python\pythoncore-3.14-64\Lib\tkinter\ttk.py", line 1207, in get_children
    self.tk.call(self._w, "children", item or '') or ())
    ~~~~~~~~~~~~^^^^^^^^^^^^^^^^^^^^^^^^^^^^^^^^^
_tkinter.TclError: invalid command name ".!frame4.!canvas.!frame.!frame.!frame4.!frame2.!treeview"
2026-09-03 15:35:57 - ERROR - Dashboard refresh error: invalid command name ".!frame18.!canvas.!frame.!frame.!frame4.!frame2.!treeview"
Traceback (most recent call last):
  File "C:\Users\Erica Gallogo\OneDrive - National University\Desktop\MIDTERM\views\tracker_view.py", line 718, in load_data
    for item in self.tree.get_children():
                ~~~~~~~~~~~~~~~~~~~~~~^^
  File "C:\Users\Erica Gallogo\AppData\Local\Python\pythoncore-3.14-64\Lib\tkinter\ttk.py", line 1207, in get_children
    self.tk.call(self._w, "children", item or '') or ())
    ~~~~~~~~~~~~^^^^^^^^^^^^^^^^^^^^^^^^^^^^^^^^^
_tkinter.TclError: invalid command name ".!frame18.!canvas.!frame.!frame.!frame4.!frame2.!treeview"
2026-09-03 15:35:58 - ERROR - Dashboard refresh error: invalid command name ".!frame14.!canvas.!frame.!frame.!frame4.!frame2.!treeview"
Traceback (most recent call last):
  File "C:\Users\Erica Gallogo\OneDrive - National University\Desktop\MIDTERM\views\tracker_view.py", line 718, in load_data
    for item in self.tree.get_children():
                ~~~~~~~~~~~~~~~~~~~~~~^^
  File "C:\Users\Erica Gallogo\AppData\Local\Python\pythoncore-3.14-64\Lib\tkinter\ttk.py", line 1207, in get_children
    self.tk.call(self._w, "children", item or '') or ())
    ~~~~~~~~~~~~^^^^^^^^^^^^^^^^^^^^^^^^^^^^^^^^^
_tkinter.TclError: invalid command name ".!frame14.!canvas.!frame.!frame.!frame4.!frame2.!treeview"
2026-09-03 15:35:58 - ERROR - Dashboard refresh error: invalid command name ".!frame10.!canvas.!frame.!frame.!frame4.!frame2.!treeview"
Traceback (most recent call last):
  File "C:\Users\Erica Gallogo\OneDrive - National University\Desktop\MIDTERM\views\tracker_view.py", line 718, in load_data
    for item in self.tree.get_children():
                ~~~~~~~~~~~~~~~~~~~~~~^^
  File "C:\Users\Erica Gallogo\AppData\Local\Python\pythoncore-3.14-64\Lib\tkinter\ttk.py", line 1207, in get_children
    self.tk.call(self._w, "children", item or '') or ())
    ~~~~~~~~~~~~^^^^^^^^^^^^^^^^^^^^^^^^^^^^^^^^^
_tkinter.TclError: invalid command name ".!frame10.!canvas.!frame.!frame.!frame4.!frame2.!treeview"
2026-09-03 15:36:02 - ERROR - Dashboard refresh error: invalid command name ".!frame4.!canvas.!frame.!frame.!frame4.!frame2.!treeview"
Traceback (most recent call last):
  File "C:\Users\Erica Gallogo\OneDrive - National University\Desktop\MIDTERM\views\tracker_view.py", line 718, in load_data
    for item in self.tree.get_children():
                ~~~~~~~~~~~~~~~~~~~~~~^^
  File "C:\Users\Erica Gallogo\AppData\Local\Python\pythoncore-3.14-64\Lib\tkinter\ttk.py", line 1207, in get_children
    self.tk.call(self._w, "children", item or '') or ())
    ~~~~~~~~~~~~^^^^^^^^^^^^^^^^^^^^^^^^^^^^^^^^^
_tkinter.TclError: invalid command name ".!frame4.!canvas.!frame.!frame.!frame4.!frame2.!treeview"
2026-09-03 15:36:02 - ERROR - Dashboard refresh error: invalid command name ".!frame18.!canvas.!frame.!frame.!frame4.!frame2.!treeview"
Traceback (most recent call last):
  File "C:\Users\Erica Gallogo\OneDrive - National University\Desktop\MIDTERM\views\tracker_view.py", line 718, in load_data
    for item in self.tree.get_children():
                ~~~~~~~~~~~~~~~~~~~~~~^^
  File "C:\Users\Erica Gallogo\AppData\Local\Python\pythoncore-3.14-64\Lib\tkinter\ttk.py", line 1207, in get_children
    self.tk.call(self._w, "children", item or '') or ())
    ~~~~~~~~~~~~^^^^^^^^^^^^^^^^^^^^^^^^^^^^^^^^^
_tkinter.TclError: invalid command name ".!frame18.!canvas.!frame.!frame.!frame4.!frame2.!treeview"
2026-09-03 15:36:03 - ERROR - Dashboard refresh error: invalid command name ".!frame14.!canvas.!frame.!frame.!frame4.!frame2.!treeview"
Traceback (most recent call last):
  File "C:\Users\Erica Gallogo\OneDrive - National University\Desktop\MIDTERM\views\tracker_view.py", line 718, in load_data
    for item in self.tree.get_children():
                ~~~~~~~~~~~~~~~~~~~~~~^^
  File "C:\Users\Erica Gallogo\AppData\Local\Python\pythoncore-3.14-64\Lib\tkinter\ttk.py", line 1207, in get_children
    self.tk.call(self._w, "children", item or '') or ())
    ~~~~~~~~~~~~^^^^^^^^^^^^^^^^^^^^^^^^^^^^^^^^^
_tkinter.TclError: invalid command name ".!frame14.!canvas.!frame.!frame.!frame4.!frame2.!treeview"
2026-09-03 15:36:03 - ERROR - Dashboard refresh error: invalid command name ".!frame10.!canvas.!frame.!frame.!frame4.!frame2.!treeview"
Traceback (most recent call last):
  File "C:\Users\Erica Gallogo\OneDrive - National University\Desktop\MIDTERM\views\tracker_view.py", line 718, in load_data
    for item in self.tree.get_children():
                ~~~~~~~~~~~~~~~~~~~~~~^^
  File "C:\Users\Erica Gallogo\AppData\Local\Python\pythoncore-3.14-64\Lib\tkinter\ttk.py", line 1207, in get_children
    self.tk.call(self._w, "children", item or '') or ())
    ~~~~~~~~~~~~^^^^^^^^^^^^^^^^^^^^^^^^^^^^^^^^^
_tkinter.TclError: invalid command name ".!frame10.!canvas.!frame.!frame.!frame4.!frame2.!treeview"
2026-09-03 15:36:07 - ERROR - Dashboard refresh error: invalid command name ".!frame4.!canvas.!frame.!frame.!frame4.!frame2.!treeview"
Traceback (most recent call last):
  File "C:\Users\Erica Gallogo\OneDrive - National University\Desktop\MIDTERM\views\tracker_view.py", line 718, in load_data
    for item in self.tree.get_children():
                ~~~~~~~~~~~~~~~~~~~~~~^^
  File "C:\Users\Erica Gallogo\AppData\Local\Python\pythoncore-3.14-64\Lib\tkinter\ttk.py", line 1207, in get_children
    self.tk.call(self._w, "children", item or '') or ())
    ~~~~~~~~~~~~^^^^^^^^^^^^^^^^^^^^^^^^^^^^^^^^^
_tkinter.TclError: invalid command name ".!frame4.!canvas.!frame.!frame.!frame4.!frame2.!treeview"
2026-09-03 15:36:07 - ERROR - Dashboard refresh error: invalid command name ".!frame18.!canvas.!frame.!frame.!frame4.!frame2.!treeview"
Traceback (most recent call last):
  File "C:\Users\Erica Gallogo\OneDrive - National University\Desktop\MIDTERM\views\tracker_view.py", line 718, in load_data
    for item in self.tree.get_children():
                ~~~~~~~~~~~~~~~~~~~~~~^^
  File "C:\Users\Erica Gallogo\AppData\Local\Python\pythoncore-3.14-64\Lib\tkinter\ttk.py", line 1207, in get_children
    self.tk.call(self._w, "children", item or '') or ())
    ~~~~~~~~~~~~^^^^^^^^^^^^^^^^^^^^^^^^^^^^^^^^^
_tkinter.TclError: invalid command name ".!frame18.!canvas.!frame.!frame.!frame4.!frame2.!treeview"
2026-09-03 18:36:06 - ERROR - Dashboard refresh error: invalid command name ".!frame14.!canvas.!frame.!frame.!frame4.!frame2.!treeview"
Traceback (most recent call last):
  File "C:\Users\Erica Gallogo\OneDrive - National University\Desktop\MIDTERM\views\tracker_view.py", line 718, in load_data
    for item in self.tree.get_children():
                ~~~~~~~~~~~~~~~~~~~~~~^^
  File "C:\Users\Erica Gallogo\AppData\Local\Python\pythoncore-3.14-64\Lib\tkinter\ttk.py", line 1207, in get_children
    self.tk.call(self._w, "children", item or '') or ())
    ~~~~~~~~~~~~^^^^^^^^^^^^^^^^^^^^^^^^^^^^^^^^^
_tkinter.TclError: invalid command name ".!frame14.!canvas.!frame.!frame.!frame4.!frame2.!treeview"
2026-09-03 18:36:06 - ERROR - Dashboard refresh error: invalid command name ".!frame10.!canvas.!frame.!frame.!frame4.!frame2.!treeview"
Traceback (most recent call last):
  File "C:\Users\Erica Gallogo\OneDrive - National University\Desktop\MIDTERM\views\tracker_view.py", line 718, in load_data
    for item in self.tree.get_children():
                ~~~~~~~~~~~~~~~~~~~~~~^^
  File "C:\Users\Erica Gallogo\AppData\Local\Python\pythoncore-3.14-64\Lib\tkinter\ttk.py", line 1207, in get_children
    self.tk.call(self._w, "children", item or '') or ())
    ~~~~~~~~~~~~^^^^^^^^^^^^^^^^^^^^^^^^^^^^^^^^^
_tkinter.TclError: invalid command name ".!frame10.!canvas.!frame.!frame.!frame4.!frame2.!treeview"
2026-09-03 18:36:06 - ERROR - Dashboard refresh error: invalid command name ".!frame4.!canvas.!frame.!frame.!frame4.!frame2.!treeview"
Traceback (most recent call last):
  File "C:\Users\Erica Gallogo\OneDrive - National University\Desktop\MIDTERM\views\tracker_view.py", line 718, in load_data
    for item in self.tree.get_children():
                ~~~~~~~~~~~~~~~~~~~~~~^^
  File "C:\Users\Erica Gallogo\AppData\Local\Python\pythoncore-3.14-64\Lib\tkinter\ttk.py", line 1207, in get_children
    self.tk.call(self._w, "children", item or '') or ())
    ~~~~~~~~~~~~^^^^^^^^^^^^^^^^^^^^^^^^^^^^^^^^^
_tkinter.TclError: invalid command name ".!frame4.!canvas.!frame.!frame.!frame4.!frame2.!treeview"
2026-09-03 18:36:06 - ERROR - Dashboard refresh error: invalid command name ".!frame18.!canvas.!frame.!frame.!frame4.!frame2.!treeview"
Traceback (most recent call last):
  File "C:\Users\Erica Gallogo\OneDrive - National University\Desktop\MIDTERM\views\tracker_view.py", line 718, in load_data
    for item in self.tree.get_children():
                ~~~~~~~~~~~~~~~~~~~~~~^^
  File "C:\Users\Erica Gallogo\AppData\Local\Python\pythoncore-3.14-64\Lib\tkinter\ttk.py", line 1207, in get_children
    self.tk.call(self._w, "children", item or '') or ())
    ~~~~~~~~~~~~^^^^^^^^^^^^^^^^^^^^^^^^^^^^^^^^^
_tkinter.TclError: invalid command name ".!frame18.!canvas.!frame.!frame.!frame4.!frame2.!treeview"
2026-09-03 18:36:11 - ERROR - Dashboard refresh error: invalid command name ".!frame14.!canvas.!frame.!frame.!frame4.!frame2.!treeview"
Traceback (most recent call last):
  File "C:\Users\Erica Gallogo\OneDrive - National University\Desktop\MIDTERM\views\tracker_view.py", line 718, in load_data
    for item in self.tree.get_children():
                ~~~~~~~~~~~~~~~~~~~~~~^^
  File "C:\Users\Erica Gallogo\AppData\Local\Python\pythoncore-3.14-64\Lib\tkinter\ttk.py", line 1207, in get_children
    self.tk.call(self._w, "children", item or '') or ())
    ~~~~~~~~~~~~^^^^^^^^^^^^^^^^^^^^^^^^^^^^^^^^^
_tkinter.TclError: invalid command name ".!frame14.!canvas.!frame.!frame.!frame4.!frame2.!treeview"
2026-09-03 18:36:11 - ERROR - Dashboard refresh error: invalid command name ".!frame10.!canvas.!frame.!frame.!frame4.!frame2.!treeview"
Traceback (most recent call last):
  File "C:\Users\Erica Gallogo\OneDrive - National University\Desktop\MIDTERM\views\tracker_view.py", line 718, in load_data
    for item in self.tree.get_children():
                ~~~~~~~~~~~~~~~~~~~~~~^^
  File "C:\Users\Erica Gallogo\AppData\Local\Python\pythoncore-3.14-64\Lib\tkinter\ttk.py", line 1207, in get_children
    self.tk.call(self._w, "children", item or '') or ())
    ~~~~~~~~~~~~^^^^^^^^^^^^^^^^^^^^^^^^^^^^^^^^^
_tkinter.TclError: invalid command name ".!frame10.!canvas.!frame.!frame.!frame4.!frame2.!treeview"
2026-09-03 18:36:11 - ERROR - Dashboard refresh error: invalid command name ".!frame4.!canvas.!frame.!frame.!frame4.!frame2.!treeview"
Traceback (most recent call last):
  File "C:\Users\Erica Gallogo\OneDrive - National University\Desktop\MIDTERM\views\tracker_view.py", line 718, in load_data
    for item in self.tree.get_children():
                ~~~~~~~~~~~~~~~~~~~~~~^^
  File "C:\Users\Erica Gallogo\AppData\Local\Python\pythoncore-3.14-64\Lib\tkinter\ttk.py", line 1207, in get_children
    self.tk.call(self._w, "children", item or '') or ())
    ~~~~~~~~~~~~^^^^^^^^^^^^^^^^^^^^^^^^^^^^^^^^^
_tkinter.TclError: invalid command name ".!frame4.!canvas.!frame.!frame.!frame4.!frame2.!treeview"
2026-09-03 18:36:11 - ERROR - Dashboard refresh error: invalid command name ".!frame18.!canvas.!frame.!frame.!frame4.!frame2.!treeview"
Traceback (most recent call last):
  File "C:\Users\Erica Gallogo\OneDrive - National University\Desktop\MIDTERM\views\tracker_view.py", line 718, in load_data
    for item in self.tree.get_children():
                ~~~~~~~~~~~~~~~~~~~~~~^^
  File "C:\Users\Erica Gallogo\AppData\Local\Python\pythoncore-3.14-64\Lib\tkinter\ttk.py", line 1207, in get_children
    self.tk.call(self._w, "children", item or '') or ())
    ~~~~~~~~~~~~^^^^^^^^^^^^^^^^^^^^^^^^^^^^^^^^^
_tkinter.TclError: invalid command name ".!frame18.!canvas.!frame.!frame.!frame4.!frame2.!treeview"
2026-09-03 18:36:13 - ERROR - Dashboard refresh error: invalid command name ".!frame14.!canvas.!frame.!frame.!frame4.!frame2.!treeview"
Traceback (most recent call last):
  File "C:\Users\Erica Gallogo\OneDrive - National University\Desktop\MIDTERM\views\tracker_view.py", line 718, in load_data
    for item in self.tree.get_children():
                ~~~~~~~~~~~~~~~~~~~~~~^^
  File "C:\Users\Erica Gallogo\AppData\Local\Python\pythoncore-3.14-64\Lib\tkinter\ttk.py", line 1207, in get_children
    self.tk.call(self._w, "children", item or '') or ())
    ~~~~~~~~~~~~^^^^^^^^^^^^^^^^^^^^^^^^^^^^^^^^^
_tkinter.TclError: invalid command name ".!frame14.!canvas.!frame.!frame.!frame4.!frame2.!treeview"
2026-09-03 22:29:54 - ERROR - Dashboard refresh error: invalid command name ".!frame10.!canvas.!frame.!frame.!frame4.!frame2.!treeview"
Traceback (most recent call last):
  File "C:\Users\Erica Gallogo\OneDrive - National University\Desktop\MIDTERM\views\tracker_view.py", line 718, in load_data
    for item in self.tree.get_children():
                ~~~~~~~~~~~~~~~~~~~~~~^^
  File "C:\Users\Erica Gallogo\AppData\Local\Python\pythoncore-3.14-64\Lib\tkinter\ttk.py", line 1207, in get_children
    self.tk.call(self._w, "children", item or '') or ())
    ~~~~~~~~~~~~^^^^^^^^^^^^^^^^^^^^^^^^^^^^^^^^^
_tkinter.TclError: invalid command name ".!frame10.!canvas.!frame.!frame.!frame4.!frame2.!treeview"
2026-09-03 22:29:54 - ERROR - Dashboard refresh error: invalid command name ".!frame4.!canvas.!frame.!frame.!frame4.!frame2.!treeview"
Traceback (most recent call last):
  File "C:\Users\Erica Gallogo\OneDrive - National University\Desktop\MIDTERM\views\tracker_view.py", line 718, in load_data
    for item in self.tree.get_children():
                ~~~~~~~~~~~~~~~~~~~~~~^^
  File "C:\Users\Erica Gallogo\AppData\Local\Python\pythoncore-3.14-64\Lib\tkinter\ttk.py", line 1207, in get_children
    self.tk.call(self._w, "children", item or '') or ())
    ~~~~~~~~~~~~^^^^^^^^^^^^^^^^^^^^^^^^^^^^^^^^^
_tkinter.TclError: invalid command name ".!frame4.!canvas.!frame.!frame.!frame4.!frame2.!treeview"
2026-09-03 22:29:54 - ERROR - Dashboard refresh error: invalid command name ".!frame18.!canvas.!frame.!frame.!frame4.!frame2.!treeview"
Traceback (most recent call last):
  File "C:\Users\Erica Gallogo\OneDrive - National University\Desktop\MIDTERM\views\tracker_view.py", line 718, in load_data
    for item in self.tree.get_children():
                ~~~~~~~~~~~~~~~~~~~~~~^^
  File "C:\Users\Erica Gallogo\AppData\Local\Python\pythoncore-3.14-64\Lib\tkinter\ttk.py", line 1207, in get_children
    self.tk.call(self._w, "children", item or '') or ())
    ~~~~~~~~~~~~^^^^^^^^^^^^^^^^^^^^^^^^^^^^^^^^^
_tkinter.TclError: invalid command name ".!frame18.!canvas.!frame.!frame.!frame4.!frame2.!treeview"
2026-09-03 22:29:54 - ERROR - Dashboard refresh error: invalid command name ".!frame14.!canvas.!frame.!frame.!frame4.!frame2.!treeview"
Traceback (most recent call last):
  File "C:\Users\Erica Gallogo\OneDrive - National University\Desktop\MIDTERM\views\tracker_view.py", line 718, in load_data
    for item in self.tree.get_children():
                ~~~~~~~~~~~~~~~~~~~~~~^^
  File "C:\Users\Erica Gallogo\AppData\Local\Python\pythoncore-3.14-64\Lib\tkinter\ttk.py", line 1207, in get_children
    self.tk.call(self._w, "children", item or '') or ())
    ~~~~~~~~~~~~^^^^^^^^^^^^^^^^^^^^^^^^^^^^^^^^^
_tkinter.TclError: invalid command name ".!frame14.!canvas.!frame.!frame.!frame4.!frame2.!treeview"
2026-09-03 22:29:59 - ERROR - Dashboard refresh error: invalid command name ".!frame10.!canvas.!frame.!frame.!frame4.!frame2.!treeview"
Traceback (most recent call last):
  File "C:\Users\Erica Gallogo\OneDrive - National University\Desktop\MIDTERM\views\tracker_view.py", line 718, in load_data
    for item in self.tree.get_children():
                ~~~~~~~~~~~~~~~~~~~~~~^^
  File "C:\Users\Erica Gallogo\AppData\Local\Python\pythoncore-3.14-64\Lib\tkinter\ttk.py", line 1207, in get_children
    self.tk.call(self._w, "children", item or '') or ())
    ~~~~~~~~~~~~^^^^^^^^^^^^^^^^^^^^^^^^^^^^^^^^^
_tkinter.TclError: invalid command name ".!frame10.!canvas.!frame.!frame.!frame4.!frame2.!treeview"
2026-09-03 22:29:59 - ERROR - Dashboard refresh error: invalid command name ".!frame4.!canvas.!frame.!frame.!frame4.!frame2.!treeview"
Traceback (most recent call last):
  File "C:\Users\Erica Gallogo\OneDrive - National University\Desktop\MIDTERM\views\tracker_view.py", line 718, in load_data
    for item in self.tree.get_children():
                ~~~~~~~~~~~~~~~~~~~~~~^^
  File "C:\Users\Erica Gallogo\AppData\Local\Python\pythoncore-3.14-64\Lib\tkinter\ttk.py", line 1207, in get_children
    self.tk.call(self._w, "children", item or '') or ())
    ~~~~~~~~~~~~^^^^^^^^^^^^^^^^^^^^^^^^^^^^^^^^^
_tkinter.TclError: invalid command name ".!frame4.!canvas.!frame.!frame.!frame4.!frame2.!treeview"
2026-09-03 22:29:59 - ERROR - Dashboard refresh error: invalid command name ".!frame18.!canvas.!frame.!frame.!frame4.!frame2.!treeview"
Traceback (most recent call last):
  File "C:\Users\Erica Gallogo\OneDrive - National University\Desktop\MIDTERM\views\tracker_view.py", line 718, in load_data
    for item in self.tree.get_children():
                ~~~~~~~~~~~~~~~~~~~~~~^^
  File "C:\Users\Erica Gallogo\AppData\Local\Python\pythoncore-3.14-64\Lib\tkinter\ttk.py", line 1207, in get_children
    self.tk.call(self._w, "children", item or '') or ())
    ~~~~~~~~~~~~^^^^^^^^^^^^^^^^^^^^^^^^^^^^^^^^^
_tkinter.TclError: invalid command name ".!frame18.!canvas.!frame.!frame.!frame4.!frame2.!treeview"
2026-09-03 22:29:59 - ERROR - Dashboard refresh error: invalid command name ".!frame14.!canvas.!frame.!frame.!frame4.!frame2.!treeview"
Traceback (most recent call last):
  File "C:\Users\Erica Gallogo\OneDrive - National University\Desktop\MIDTERM\views\tracker_view.py", line 718, in load_data
    for item in self.tree.get_children():
                ~~~~~~~~~~~~~~~~~~~~~~^^
  File "C:\Users\Erica Gallogo\AppData\Local\Python\pythoncore-3.14-64\Lib\tkinter\ttk.py", line 1207, in get_children
    self.tk.call(self._w, "children", item or '') or ())
    ~~~~~~~~~~~~^^^^^^^^^^^^^^^^^^^^^^^^^^^^^^^^^
_tkinter.TclError: invalid command name ".!frame14.!canvas.!frame.!frame.!frame4.!frame2.!treeview"
2026-09-03 22:30:04 - ERROR - Dashboard refresh error: invalid command name ".!frame10.!canvas.!frame.!frame.!frame4.!frame2.!treeview"
Traceback (most recent call last):
  File "C:\Users\Erica Gallogo\OneDrive - National University\Desktop\MIDTERM\views\tracker_view.py", line 718, in load_data
    for item in self.tree.get_children():
                ~~~~~~~~~~~~~~~~~~~~~~^^
  File "C:\Users\Erica Gallogo\AppData\Local\Python\pythoncore-3.14-64\Lib\tkinter\ttk.py", line 1207, in get_children
    self.tk.call(self._w, "children", item or '') or ())
    ~~~~~~~~~~~~^^^^^^^^^^^^^^^^^^^^^^^^^^^^^^^^^
_tkinter.TclError: invalid command name ".!frame10.!canvas.!frame.!frame.!frame4.!frame2.!treeview"
2026-09-03 22:30:04 - ERROR - Dashboard refresh error: invalid command name ".!frame4.!canvas.!frame.!frame.!frame4.!frame2.!treeview"
Traceback (most recent call last):
  File "C:\Users\Erica Gallogo\OneDrive - National University\Desktop\MIDTERM\views\tracker_view.py", line 718, in load_data
    for item in self.tree.get_children():
                ~~~~~~~~~~~~~~~~~~~~~~^^
  File "C:\Users\Erica Gallogo\AppData\Local\Python\pythoncore-3.14-64\Lib\tkinter\ttk.py", line 1207, in get_children
    self.tk.call(self._w, "children", item or '') or ())
    ~~~~~~~~~~~~^^^^^^^^^^^^^^^^^^^^^^^^^^^^^^^^^
_tkinter.TclError: invalid command name ".!frame4.!canvas.!frame.!frame.!frame4.!frame2.!treeview"
2026-09-03 22:30:04 - ERROR - Dashboard refresh error: invalid command name ".!frame18.!canvas.!frame.!frame.!frame4.!frame2.!treeview"
Traceback (most recent call last):
  File "C:\Users\Erica Gallogo\OneDrive - National University\Desktop\MIDTERM\views\tracker_view.py", line 718, in load_data
    for item in self.tree.get_children():
                ~~~~~~~~~~~~~~~~~~~~~~^^
  File "C:\Users\Erica Gallogo\AppData\Local\Python\pythoncore-3.14-64\Lib\tkinter\ttk.py", line 1207, in get_children
    self.tk.call(self._w, "children", item or '') or ())
    ~~~~~~~~~~~~^^^^^^^^^^^^^^^^^^^^^^^^^^^^^^^^^
_tkinter.TclError: invalid command name ".!frame18.!canvas.!frame.!frame.!frame4.!frame2.!treeview"
2026-09-03 22:30:04 - ERROR - Dashboard refresh error: invalid command name ".!frame14.!canvas.!frame.!frame.!frame4.!frame2.!treeview"
Traceback (most recent call last):
  File "C:\Users\Erica Gallogo\OneDrive - National University\Desktop\MIDTERM\views\tracker_view.py", line 718, in load_data
    for item in self.tree.get_children():
                ~~~~~~~~~~~~~~~~~~~~~~^^
  File "C:\Users\Erica Gallogo\AppData\Local\Python\pythoncore-3.14-64\Lib\tkinter\ttk.py", line 1207, in get_children
    self.tk.call(self._w, "children", item or '') or ())
    ~~~~~~~~~~~~^^^^^^^^^^^^^^^^^^^^^^^^^^^^^^^^^
_tkinter.TclError: invalid command name ".!frame14.!canvas.!frame.!frame.!frame4.!frame2.!treeview"
2026-09-03 22:30:09 - ERROR - Dashboard refresh error: invalid command name ".!frame10.!canvas.!frame.!frame.!frame4.!frame2.!treeview"
Traceback (most recent call last):
  File "C:\Users\Erica Gallogo\OneDrive - National University\Desktop\MIDTERM\views\tracker_view.py", line 718, in load_data
    for item in self.tree.get_children():
                ~~~~~~~~~~~~~~~~~~~~~~^^
  File "C:\Users\Erica Gallogo\AppData\Local\Python\pythoncore-3.14-64\Lib\tkinter\ttk.py", line 1207, in get_children
    self.tk.call(self._w, "children", item or '') or ())
    ~~~~~~~~~~~~^^^^^^^^^^^^^^^^^^^^^^^^^^^^^^^^^
_tkinter.TclError: invalid command name ".!frame10.!canvas.!frame.!frame.!frame4.!frame2.!treeview"
2026-09-03 22:30:09 - ERROR - Dashboard refresh error: invalid command name ".!frame4.!canvas.!frame.!frame.!frame4.!frame2.!treeview"
Traceback (most recent call last):
  File "C:\Users\Erica Gallogo\OneDrive - National University\Desktop\MIDTERM\views\tracker_view.py", line 718, in load_data
    for item in self.tree.get_children():
                ~~~~~~~~~~~~~~~~~~~~~~^^
  File "C:\Users\Erica Gallogo\AppData\Local\Python\pythoncore-3.14-64\Lib\tkinter\ttk.py", line 1207, in get_children
    self.tk.call(self._w, "children", item or '') or ())
    ~~~~~~~~~~~~^^^^^^^^^^^^^^^^^^^^^^^^^^^^^^^^^
_tkinter.TclError: invalid command name ".!frame4.!canvas.!frame.!frame.!frame4.!frame2.!treeview"
2026-09-03 22:30:09 - ERROR - Dashboard refresh error: invalid command name ".!frame18.!canvas.!frame.!frame.!frame4.!frame2.!treeview"
Traceback (most recent call last):
  File "C:\Users\Erica Gallogo\OneDrive - National University\Desktop\MIDTERM\views\tracker_view.py", line 718, in load_data
    for item in self.tree.get_children():
                ~~~~~~~~~~~~~~~~~~~~~~^^
  File "C:\Users\Erica Gallogo\AppData\Local\Python\pythoncore-3.14-64\Lib\tkinter\ttk.py", line 1207, in get_children
    self.tk.call(self._w, "children", item or '') or ())
    ~~~~~~~~~~~~^^^^^^^^^^^^^^^^^^^^^^^^^^^^^^^^^
_tkinter.TclError: invalid command name ".!frame18.!canvas.!frame.!frame.!frame4.!frame2.!treeview"
2026-09-03 22:30:09 - ERROR - Dashboard refresh error: invalid command name ".!frame14.!canvas.!frame.!frame.!frame4.!frame2.!treeview"
Traceback (most recent call last):
  File "C:\Users\Erica Gallogo\OneDrive - National University\Desktop\MIDTERM\views\tracker_view.py", line 718, in load_data
    for item in self.tree.get_children():
                ~~~~~~~~~~~~~~~~~~~~~~^^
  File "C:\Users\Erica Gallogo\AppData\Local\Python\pythoncore-3.14-64\Lib\tkinter\ttk.py", line 1207, in get_children
    self.tk.call(self._w, "children", item or '') or ())
    ~~~~~~~~~~~~^^^^^^^^^^^^^^^^^^^^^^^^^^^^^^^^^
_tkinter.TclError: invalid command name ".!frame14.!canvas.!frame.!frame.!frame4.!frame2.!treeview"
2026-09-03 22:30:14 - ERROR - Dashboard refresh error: invalid command name ".!frame10.!canvas.!frame.!frame.!frame4.!frame2.!treeview"
Traceback (most recent call last):
  File "C:\Users\Erica Gallogo\OneDrive - National University\Desktop\MIDTERM\views\tracker_view.py", line 718, in load_data
    for item in self.tree.get_children():
                ~~~~~~~~~~~~~~~~~~~~~~^^
  File "C:\Users\Erica Gallogo\AppData\Local\Python\pythoncore-3.14-64\Lib\tkinter\ttk.py", line 1207, in get_children
    self.tk.call(self._w, "children", item or '') or ())
    ~~~~~~~~~~~~^^^^^^^^^^^^^^^^^^^^^^^^^^^^^^^^^
_tkinter.TclError: invalid command name ".!frame10.!canvas.!frame.!frame.!frame4.!frame2.!treeview"
2026-09-03 22:30:14 - ERROR - Dashboard refresh error: invalid command name ".!frame4.!canvas.!frame.!frame.!frame4.!frame2.!treeview"
Traceback (most recent call last):
  File "C:\Users\Erica Gallogo\OneDrive - National University\Desktop\MIDTERM\views\tracker_view.py", line 718, in load_data
    for item in self.tree.get_children():
                ~~~~~~~~~~~~~~~~~~~~~~^^
  File "C:\Users\Erica Gallogo\AppData\Local\Python\pythoncore-3.14-64\Lib\tkinter\ttk.py", line 1207, in get_children
    self.tk.call(self._w, "children", item or '') or ())
    ~~~~~~~~~~~~^^^^^^^^^^^^^^^^^^^^^^^^^^^^^^^^^
_tkinter.TclError: invalid command name ".!frame4.!canvas.!frame.!frame.!frame4.!frame2.!treeview"
2026-09-03 22:30:15 - ERROR - Dashboard refresh error: invalid command name ".!frame18.!canvas.!frame.!frame.!frame4.!frame2.!treeview"
Traceback (most recent call last):
  File "C:\Users\Erica Gallogo\OneDrive - National University\Desktop\MIDTERM\views\tracker_view.py", line 718, in load_data
    for item in self.tree.get_children():
                ~~~~~~~~~~~~~~~~~~~~~~^^
  File "C:\Users\Erica Gallogo\AppData\Local\Python\pythoncore-3.14-64\Lib\tkinter\ttk.py", line 1207, in get_children
    self.tk.call(self._w, "children", item or '') or ())
    ~~~~~~~~~~~~^^^^^^^^^^^^^^^^^^^^^^^^^^^^^^^^^
_tkinter.TclError: invalid command name ".!frame18.!canvas.!frame.!frame.!frame4.!frame2.!treeview"
2026-09-03 22:30:15 - ERROR - Dashboard refresh error: invalid command name ".!frame14.!canvas.!frame.!frame.!frame4.!frame2.!treeview"
Traceback (most recent call last):
  File "C:\Users\Erica Gallogo\OneDrive - National University\Desktop\MIDTERM\views\tracker_view.py", line 718, in load_data
    for item in self.tree.get_children():
                ~~~~~~~~~~~~~~~~~~~~~~^^
  File "C:\Users\Erica Gallogo\AppData\Local\Python\pythoncore-3.14-64\Lib\tkinter\ttk.py", line 1207, in get_children
    self.tk.call(self._w, "children", item or '') or ())
    ~~~~~~~~~~~~^^^^^^^^^^^^^^^^^^^^^^^^^^^^^^^^^
_tkinter.TclError: invalid command name ".!frame14.!canvas.!frame.!frame.!frame4.!frame2.!treeview"
2026-09-04 01:30:13 - ERROR - Dashboard refresh error: invalid command name ".!frame10.!canvas.!frame.!frame.!frame4.!frame2.!treeview"
Traceback (most recent call last):
  File "C:\Users\Erica Gallogo\OneDrive - National University\Desktop\MIDTERM\views\tracker_view.py", line 718, in load_data
    for item in self.tree.get_children():
                ~~~~~~~~~~~~~~~~~~~~~~^^
  File "C:\Users\Erica Gallogo\AppData\Local\Python\pythoncore-3.14-64\Lib\tkinter\ttk.py", line 1207, in get_children
    self.tk.call(self._w, "children", item or '') or ())
    ~~~~~~~~~~~~^^^^^^^^^^^^^^^^^^^^^^^^^^^^^^^^^
_tkinter.TclError: invalid command name ".!frame10.!canvas.!frame.!frame.!frame4.!frame2.!treeview"
2026-09-04 01:30:13 - ERROR - Dashboard refresh error: invalid command name ".!frame4.!canvas.!frame.!frame.!frame4.!frame2.!treeview"
Traceback (most recent call last):
  File "C:\Users\Erica Gallogo\OneDrive - National University\Desktop\MIDTERM\views\tracker_view.py", line 718, in load_data
    for item in self.tree.get_children():
                ~~~~~~~~~~~~~~~~~~~~~~^^
  File "C:\Users\Erica Gallogo\AppData\Local\Python\pythoncore-3.14-64\Lib\tkinter\ttk.py", line 1207, in get_children
    self.tk.call(self._w, "children", item or '') or ())
    ~~~~~~~~~~~~^^^^^^^^^^^^^^^^^^^^^^^^^^^^^^^^^
_tkinter.TclError: invalid command name ".!frame4.!canvas.!frame.!frame.!frame4.!frame2.!treeview"
2026-09-04 01:30:13 - ERROR - Dashboard refresh error: invalid command name ".!frame18.!canvas.!frame.!frame.!frame4.!frame2.!treeview"
Traceback (most recent call last):
  File "C:\Users\Erica Gallogo\OneDrive - National University\Desktop\MIDTERM\views\tracker_view.py", line 718, in load_data
    for item in self.tree.get_children():
                ~~~~~~~~~~~~~~~~~~~~~~^^
  File "C:\Users\Erica Gallogo\AppData\Local\Python\pythoncore-3.14-64\Lib\tkinter\ttk.py", line 1207, in get_children
    self.tk.call(self._w, "children", item or '') or ())
    ~~~~~~~~~~~~^^^^^^^^^^^^^^^^^^^^^^^^^^^^^^^^^
_tkinter.TclError: invalid command name ".!frame18.!canvas.!frame.!frame.!frame4.!frame2.!treeview"
2026-09-04 01:30:13 - ERROR - Dashboard refresh error: invalid command name ".!frame14.!canvas.!frame.!frame.!frame4.!frame2.!treeview"
Traceback (most recent call last):
  File "C:\Users\Erica Gallogo\OneDrive - National University\Desktop\MIDTERM\views\tracker_view.py", line 718, in load_data
    for item in self.tree.get_children():
                ~~~~~~~~~~~~~~~~~~~~~~^^
  File "C:\Users\Erica Gallogo\AppData\Local\Python\pythoncore-3.14-64\Lib\tkinter\ttk.py", line 1207, in get_children
    self.tk.call(self._w, "children", item or '') or ())
    ~~~~~~~~~~~~^^^^^^^^^^^^^^^^^^^^^^^^^^^^^^^^^
_tkinter.TclError: invalid command name ".!frame14.!canvas.!frame.!frame.!frame4.!frame2.!treeview"
2026-09-04 01:30:18 - ERROR - Dashboard refresh error: invalid command name ".!frame10.!canvas.!frame.!frame.!frame4.!frame2.!treeview"
Traceback (most recent call last):
  File "C:\Users\Erica Gallogo\OneDrive - National University\Desktop\MIDTERM\views\tracker_view.py", line 718, in load_data
    for item in self.tree.get_children():
                ~~~~~~~~~~~~~~~~~~~~~~^^
  File "C:\Users\Erica Gallogo\AppData\Local\Python\pythoncore-3.14-64\Lib\tkinter\ttk.py", line 1207, in get_children
    self.tk.call(self._w, "children", item or '') or ())
    ~~~~~~~~~~~~^^^^^^^^^^^^^^^^^^^^^^^^^^^^^^^^^
_tkinter.TclError: invalid command name ".!frame10.!canvas.!frame.!frame.!frame4.!frame2.!treeview"
2026-09-04 01:30:18 - ERROR - Dashboard refresh error: invalid command name ".!frame4.!canvas.!frame.!frame.!frame4.!frame2.!treeview"
Traceback (most recent call last):
  File "C:\Users\Erica Gallogo\OneDrive - National University\Desktop\MIDTERM\views\tracker_view.py", line 718, in load_data
    for item in self.tree.get_children():
                ~~~~~~~~~~~~~~~~~~~~~~^^
  File "C:\Users\Erica Gallogo\AppData\Local\Python\pythoncore-3.14-64\Lib\tkinter\ttk.py", line 1207, in get_children
    self.tk.call(self._w, "children", item or '') or ())
    ~~~~~~~~~~~~^^^^^^^^^^^^^^^^^^^^^^^^^^^^^^^^^
_tkinter.TclError: invalid command name ".!frame4.!canvas.!frame.!frame.!frame4.!frame2.!treeview"
2026-09-04 01:30:18 - ERROR - Dashboard refresh error: invalid command name ".!frame18.!canvas.!frame.!frame.!frame4.!frame2.!treeview"
Traceback (most recent call last):
  File "C:\Users\Erica Gallogo\OneDrive - National University\Desktop\MIDTERM\views\tracker_view.py", line 718, in load_data
    for item in self.tree.get_children():
                ~~~~~~~~~~~~~~~~~~~~~~^^
  File "C:\Users\Erica Gallogo\AppData\Local\Python\pythoncore-3.14-64\Lib\tkinter\ttk.py", line 1207, in get_children
    self.tk.call(self._w, "children", item or '') or ())
    ~~~~~~~~~~~~^^^^^^^^^^^^^^^^^^^^^^^^^^^^^^^^^
_tkinter.TclError: invalid command name ".!frame18.!canvas.!frame.!frame.!frame4.!frame2.!treeview"
2026-09-04 01:30:18 - ERROR - Dashboard refresh error: invalid command name ".!frame14.!canvas.!frame.!frame.!frame4.!frame2.!treeview"
Traceback (most recent call last):
  File "C:\Users\Erica Gallogo\OneDrive - National University\Desktop\MIDTERM\views\tracker_view.py", line 718, in load_data
    for item in self.tree.get_children():
                ~~~~~~~~~~~~~~~~~~~~~~^^
  File "C:\Users\Erica Gallogo\AppData\Local\Python\pythoncore-3.14-64\Lib\tkinter\ttk.py", line 1207, in get_children
    self.tk.call(self._w, "children", item or '') or ())
    ~~~~~~~~~~~~^^^^^^^^^^^^^^^^^^^^^^^^^^^^^^^^^
_tkinter.TclError: invalid command name ".!frame14.!canvas.!frame.!frame.!frame4.!frame2.!treeview"
2026-09-04 01:30:23 - ERROR - Dashboard refresh error: invalid command name ".!frame10.!canvas.!frame.!frame.!frame4.!frame2.!treeview"
Traceback (most recent call last):
  File "C:\Users\Erica Gallogo\OneDrive - National University\Desktop\MIDTERM\views\tracker_view.py", line 718, in load_data
    for item in self.tree.get_children():
                ~~~~~~~~~~~~~~~~~~~~~~^^
  File "C:\Users\Erica Gallogo\AppData\Local\Python\pythoncore-3.14-64\Lib\tkinter\ttk.py", line 1207, in get_children
    self.tk.call(self._w, "children", item or '') or ())
    ~~~~~~~~~~~~^^^^^^^^^^^^^^^^^^^^^^^^^^^^^^^^^
_tkinter.TclError: invalid command name ".!frame10.!canvas.!frame.!frame.!frame4.!frame2.!treeview"
2026-09-04 01:30:23 - ERROR - Dashboard refresh error: invalid command name ".!frame4.!canvas.!frame.!frame.!frame4.!frame2.!treeview"
Traceback (most recent call last):
  File "C:\Users\Erica Gallogo\OneDrive - National University\Desktop\MIDTERM\views\tracker_view.py", line 718, in load_data
    for item in self.tree.get_children():
                ~~~~~~~~~~~~~~~~~~~~~~^^
  File "C:\Users\Erica Gallogo\AppData\Local\Python\pythoncore-3.14-64\Lib\tkinter\ttk.py", line 1207, in get_children
    self.tk.call(self._w, "children", item or '') or ())
    ~~~~~~~~~~~~^^^^^^^^^^^^^^^^^^^^^^^^^^^^^^^^^
_tkinter.TclError: invalid command name ".!frame4.!canvas.!frame.!frame.!frame4.!frame2.!treeview"
2026-09-04 01:30:23 - ERROR - Dashboard refresh error: invalid command name ".!frame18.!canvas.!frame.!frame.!frame4.!frame2.!treeview"
Traceback (most recent call last):
  File "C:\Users\Erica Gallogo\OneDrive - National University\Desktop\MIDTERM\views\tracker_view.py", line 718, in load_data
    for item in self.tree.get_children():
                ~~~~~~~~~~~~~~~~~~~~~~^^
  File "C:\Users\Erica Gallogo\AppData\Local\Python\pythoncore-3.14-64\Lib\tkinter\ttk.py", line 1207, in get_children
    self.tk.call(self._w, "children", item or '') or ())
    ~~~~~~~~~~~~^^^^^^^^^^^^^^^^^^^^^^^^^^^^^^^^^
_tkinter.TclError: invalid command name ".!frame18.!canvas.!frame.!frame.!frame4.!frame2.!treeview"
2026-09-04 01:30:23 - ERROR - Dashboard refresh error: invalid command name ".!frame14.!canvas.!frame.!frame.!frame4.!frame2.!treeview"
Traceback (most recent call last):
  File "C:\Users\Erica Gallogo\OneDrive - National University\Desktop\MIDTERM\views\tracker_view.py", line 718, in load_data
    for item in self.tree.get_children():
                ~~~~~~~~~~~~~~~~~~~~~~^^
  File "C:\Users\Erica Gallogo\AppData\Local\Python\pythoncore-3.14-64\Lib\tkinter\ttk.py", line 1207, in get_children
    self.tk.call(self._w, "children", item or '') or ())
    ~~~~~~~~~~~~^^^^^^^^^^^^^^^^^^^^^^^^^^^^^^^^^
_tkinter.TclError: invalid command name ".!frame14.!canvas.!frame.!frame.!frame4.!frame2.!treeview"
2026-09-05 10:44:31 - ERROR - Dashboard refresh error: invalid command name ".!frame10.!canvas.!frame.!frame.!frame4.!frame2.!treeview"
Traceback (most recent call last):
  File "C:\Users\Erica Gallogo\OneDrive - National University\Desktop\MIDTERM\views\tracker_view.py", line 718, in load_data
    for item in self.tree.get_children():
                ~~~~~~~~~~~~~~~~~~~~~~^^
  File "C:\Users\Erica Gallogo\AppData\Local\Python\pythoncore-3.14-64\Lib\tkinter\ttk.py", line 1207, in get_children
    self.tk.call(self._w, "children", item or '') or ())
    ~~~~~~~~~~~~^^^^^^^^^^^^^^^^^^^^^^^^^^^^^^^^^
_tkinter.TclError: invalid command name ".!frame10.!canvas.!frame.!frame.!frame4.!frame2.!treeview"
2026-09-05 10:44:31 - ERROR - Dashboard refresh error: invalid command name ".!frame4.!canvas.!frame.!frame.!frame4.!frame2.!treeview"
Traceback (most recent call last):
  File "C:\Users\Erica Gallogo\OneDrive - National University\Desktop\MIDTERM\views\tracker_view.py", line 718, in load_data
    for item in self.tree.get_children():
                ~~~~~~~~~~~~~~~~~~~~~~^^
  File "C:\Users\Erica Gallogo\AppData\Local\Python\pythoncore-3.14-64\Lib\tkinter\ttk.py", line 1207, in get_children
    self.tk.call(self._w, "children", item or '') or ())
    ~~~~~~~~~~~~^^^^^^^^^^^^^^^^^^^^^^^^^^^^^^^^^
_tkinter.TclError: invalid command name ".!frame4.!canvas.!frame.!frame.!frame4.!frame2.!treeview"
2026-09-05 10:44:31 - ERROR - Dashboard refresh error: invalid command name ".!frame18.!canvas.!frame.!frame.!frame4.!frame2.!treeview"
Traceback (most recent call last):
  File "C:\Users\Erica Gallogo\OneDrive - National University\Desktop\MIDTERM\views\tracker_view.py", line 718, in load_data
    for item in self.tree.get_children():
                ~~~~~~~~~~~~~~~~~~~~~~^^
  File "C:\Users\Erica Gallogo\AppData\Local\Python\pythoncore-3.14-64\Lib\tkinter\ttk.py", line 1207, in get_children
    self.tk.call(self._w, "children", item or '') or ())
    ~~~~~~~~~~~~^^^^^^^^^^^^^^^^^^^^^^^^^^^^^^^^^
_tkinter.TclError: invalid command name ".!frame18.!canvas.!frame.!frame.!frame4.!frame2.!treeview"
2026-09-05 10:44:31 - ERROR - Dashboard refresh error: invalid command name ".!frame14.!canvas.!frame.!frame.!frame4.!frame2.!treeview"
Traceback (most recent call last):
  File "C:\Users\Erica Gallogo\OneDrive - National University\Desktop\MIDTERM\views\tracker_view.py", line 718, in load_data
    for item in self.tree.get_children():
                ~~~~~~~~~~~~~~~~~~~~~~^^
  File "C:\Users\Erica Gallogo\AppData\Local\Python\pythoncore-3.14-64\Lib\tkinter\ttk.py", line 1207, in get_children
    self.tk.call(self._w, "children", item or '') or ())
    ~~~~~~~~~~~~^^^^^^^^^^^^^^^^^^^^^^^^^^^^^^^^^
_tkinter.TclError: invalid command name ".!frame14.!canvas.!frame.!frame.!frame4.!frame2.!treeview"
2026-09-05 10:44:36 - ERROR - Dashboard refresh error: invalid command name ".!frame10.!canvas.!frame.!frame.!frame4.!frame2.!treeview"
Traceback (most recent call last):
  File "C:\Users\Erica Gallogo\OneDrive - National University\Desktop\MIDTERM\views\tracker_view.py", line 718, in load_data
    for item in self.tree.get_children():
                ~~~~~~~~~~~~~~~~~~~~~~^^
  File "C:\Users\Erica Gallogo\AppData\Local\Python\pythoncore-3.14-64\Lib\tkinter\ttk.py", line 1207, in get_children
    self.tk.call(self._w, "children", item or '') or ())
    ~~~~~~~~~~~~^^^^^^^^^^^^^^^^^^^^^^^^^^^^^^^^^
_tkinter.TclError: invalid command name ".!frame10.!canvas.!frame.!frame.!frame4.!frame2.!treeview"
2026-09-05 10:44:36 - ERROR - Dashboard refresh error: invalid command name ".!frame4.!canvas.!frame.!frame.!frame4.!frame2.!treeview"
Traceback (most recent call last):
  File "C:\Users\Erica Gallogo\OneDrive - National University\Desktop\MIDTERM\views\tracker_view.py", line 718, in load_data
    for item in self.tree.get_children():
                ~~~~~~~~~~~~~~~~~~~~~~^^
  File "C:\Users\Erica Gallogo\AppData\Local\Python\pythoncore-3.14-64\Lib\tkinter\ttk.py", line 1207, in get_children
    self.tk.call(self._w, "children", item or '') or ())
    ~~~~~~~~~~~~^^^^^^^^^^^^^^^^^^^^^^^^^^^^^^^^^
_tkinter.TclError: invalid command name ".!frame4.!canvas.!frame.!frame.!frame4.!frame2.!treeview"
2026-09-05 10:44:36 - ERROR - Dashboard refresh error: invalid command name ".!frame18.!canvas.!frame.!frame.!frame4.!frame2.!treeview"
Traceback (most recent call last):
  File "C:\Users\Erica Gallogo\OneDrive - National University\Desktop\MIDTERM\views\tracker_view.py", line 718, in load_data
    for item in self.tree.get_children():
                ~~~~~~~~~~~~~~~~~~~~~~^^
  File "C:\Users\Erica Gallogo\AppData\Local\Python\pythoncore-3.14-64\Lib\tkinter\ttk.py", line 1207, in get_children
    self.tk.call(self._w, "children", item or '') or ())
    ~~~~~~~~~~~~^^^^^^^^^^^^^^^^^^^^^^^^^^^^^^^^^
_tkinter.TclError: invalid command name ".!frame18.!canvas.!frame.!frame.!frame4.!frame2.!treeview"
2026-09-05 10:44:36 - ERROR - Dashboard refresh error: invalid command name ".!frame14.!canvas.!frame.!frame.!frame4.!frame2.!treeview"
Traceback (most recent call last):
  File "C:\Users\Erica Gallogo\OneDrive - National University\Desktop\MIDTERM\views\tracker_view.py", line 718, in load_data
    for item in self.tree.get_children():
                ~~~~~~~~~~~~~~~~~~~~~~^^
  File "C:\Users\Erica Gallogo\AppData\Local\Python\pythoncore-3.14-64\Lib\tkinter\ttk.py", line 1207, in get_children
    self.tk.call(self._w, "children", item or '') or ())
    ~~~~~~~~~~~~^^^^^^^^^^^^^^^^^^^^^^^^^^^^^^^^^
_tkinter.TclError: invalid command name ".!frame14.!canvas.!frame.!frame.!frame4.!frame2.!treeview"
2026-09-05 10:44:41 - ERROR - Dashboard refresh error: invalid command name ".!frame10.!canvas.!frame.!frame.!frame4.!frame2.!treeview"
Traceback (most recent call last):
  File "C:\Users\Erica Gallogo\OneDrive - National University\Desktop\MIDTERM\views\tracker_view.py", line 718, in load_data
    for item in self.tree.get_children():
                ~~~~~~~~~~~~~~~~~~~~~~^^
  File "C:\Users\Erica Gallogo\AppData\Local\Python\pythoncore-3.14-64\Lib\tkinter\ttk.py", line 1207, in get_children
    self.tk.call(self._w, "children", item or '') or ())
    ~~~~~~~~~~~~^^^^^^^^^^^^^^^^^^^^^^^^^^^^^^^^^
_tkinter.TclError: invalid command name ".!frame10.!canvas.!frame.!frame.!frame4.!frame2.!treeview"
2026-09-05 10:44:41 - ERROR - Dashboard refresh error: invalid command name ".!frame4.!canvas.!frame.!frame.!frame4.!frame2.!treeview"
Traceback (most recent call last):
  File "C:\Users\Erica Gallogo\OneDrive - National University\Desktop\MIDTERM\views\tracker_view.py", line 718, in load_data
    for item in self.tree.get_children():
                ~~~~~~~~~~~~~~~~~~~~~~^^
  File "C:\Users\Erica Gallogo\AppData\Local\Python\pythoncore-3.14-64\Lib\tkinter\ttk.py", line 1207, in get_children
    self.tk.call(self._w, "children", item or '') or ())
    ~~~~~~~~~~~~^^^^^^^^^^^^^^^^^^^^^^^^^^^^^^^^^
_tkinter.TclError: invalid command name ".!frame4.!canvas.!frame.!frame.!frame4.!frame2.!treeview"
2026-09-05 10:44:41 - ERROR - Dashboard refresh error: invalid command name ".!frame18.!canvas.!frame.!frame.!frame4.!frame2.!treeview"
Traceback (most recent call last):
  File "C:\Users\Erica Gallogo\OneDrive - National University\Desktop\MIDTERM\views\tracker_view.py", line 718, in load_data
    for item in self.tree.get_children():
                ~~~~~~~~~~~~~~~~~~~~~~^^
  File "C:\Users\Erica Gallogo\AppData\Local\Python\pythoncore-3.14-64\Lib\tkinter\ttk.py", line 1207, in get_children
    self.tk.call(self._w, "children", item or '') or ())
    ~~~~~~~~~~~~^^^^^^^^^^^^^^^^^^^^^^^^^^^^^^^^^
_tkinter.TclError: invalid command name ".!frame18.!canvas.!frame.!frame.!frame4.!frame2.!treeview"
2026-09-05 10:44:41 - ERROR - Dashboard refresh error: invalid command name ".!frame14.!canvas.!frame.!frame.!frame4.!frame2.!treeview"
Traceback (most recent call last):
  File "C:\Users\Erica Gallogo\OneDrive - National University\Desktop\MIDTERM\views\tracker_view.py", line 718, in load_data
    for item in self.tree.get_children():
                ~~~~~~~~~~~~~~~~~~~~~~^^
  File "C:\Users\Erica Gallogo\AppData\Local\Python\pythoncore-3.14-64\Lib\tkinter\ttk.py", line 1207, in get_children
    self.tk.call(self._w, "children", item or '') or ())
    ~~~~~~~~~~~~^^^^^^^^^^^^^^^^^^^^^^^^^^^^^^^^^
_tkinter.TclError: invalid command name ".!frame14.!canvas.!frame.!frame.!frame4.!frame2.!treeview"
2026-09-05 10:44:46 - ERROR - Dashboard refresh error: invalid command name ".!frame10.!canvas.!frame.!frame.!frame4.!frame2.!treeview"
Traceback (most recent call last):
  File "C:\Users\Erica Gallogo\OneDrive - National University\Desktop\MIDTERM\views\tracker_view.py", line 718, in load_data
    for item in self.tree.get_children():
                ~~~~~~~~~~~~~~~~~~~~~~^^
  File "C:\Users\Erica Gallogo\AppData\Local\Python\pythoncore-3.14-64\Lib\tkinter\ttk.py", line 1207, in get_children
    self.tk.call(self._w, "children", item or '') or ())
    ~~~~~~~~~~~~^^^^^^^^^^^^^^^^^^^^^^^^^^^^^^^^^
_tkinter.TclError: invalid command name ".!frame10.!canvas.!frame.!frame.!frame4.!frame2.!treeview"
2026-09-05 10:44:46 - ERROR - Dashboard refresh error: invalid command name ".!frame4.!canvas.!frame.!frame.!frame4.!frame2.!treeview"
Traceback (most recent call last):
  File "C:\Users\Erica Gallogo\OneDrive - National University\Desktop\MIDTERM\views\tracker_view.py", line 718, in load_data
    for item in self.tree.get_children():
                ~~~~~~~~~~~~~~~~~~~~~~^^
  File "C:\Users\Erica Gallogo\AppData\Local\Python\pythoncore-3.14-64\Lib\tkinter\ttk.py", line 1207, in get_children
    self.tk.call(self._w, "children", item or '') or ())
    ~~~~~~~~~~~~^^^^^^^^^^^^^^^^^^^^^^^^^^^^^^^^^
_tkinter.TclError: invalid command name ".!frame4.!canvas.!frame.!frame.!frame4.!frame2.!treeview"
2026-09-05 10:44:46 - ERROR - Dashboard refresh error: invalid command name ".!frame18.!canvas.!frame.!frame.!frame4.!frame2.!treeview"
Traceback (most recent call last):
  File "C:\Users\Erica Gallogo\OneDrive - National University\Desktop\MIDTERM\views\tracker_view.py", line 718, in load_data
    for item in self.tree.get_children():
                ~~~~~~~~~~~~~~~~~~~~~~^^
  File "C:\Users\Erica Gallogo\AppData\Local\Python\pythoncore-3.14-64\Lib\tkinter\ttk.py", line 1207, in get_children
    self.tk.call(self._w, "children", item or '') or ())
    ~~~~~~~~~~~~^^^^^^^^^^^^^^^^^^^^^^^^^^^^^^^^^
_tkinter.TclError: invalid command name ".!frame18.!canvas.!frame.!frame.!frame4.!frame2.!treeview"
2026-09-05 10:44:46 - ERROR - Dashboard refresh error: invalid command name ".!frame14.!canvas.!frame.!frame.!frame4.!frame2.!treeview"
Traceback (most recent call last):
  File "C:\Users\Erica Gallogo\OneDrive - National University\Desktop\MIDTERM\views\tracker_view.py", line 718, in load_data
    for item in self.tree.get_children():
                ~~~~~~~~~~~~~~~~~~~~~~^^
  File "C:\Users\Erica Gallogo\AppData\Local\Python\pythoncore-3.14-64\Lib\tkinter\ttk.py", line 1207, in get_children
    self.tk.call(self._w, "children", item or '') or ())
    ~~~~~~~~~~~~^^^^^^^^^^^^^^^^^^^^^^^^^^^^^^^^^
_tkinter.TclError: invalid command name ".!frame14.!canvas.!frame.!frame.!frame4.!frame2.!treeview"
2026-09-05 10:44:51 - ERROR - Dashboard refresh error: invalid command name ".!frame10.!canvas.!frame.!frame.!frame4.!frame2.!treeview"
Traceback (most recent call last):
  File "C:\Users\Erica Gallogo\OneDrive - National University\Desktop\MIDTERM\views\tracker_view.py", line 718, in load_data
    for item in self.tree.get_children():
                ~~~~~~~~~~~~~~~~~~~~~~^^
  File "C:\Users\Erica Gallogo\AppData\Local\Python\pythoncore-3.14-64\Lib\tkinter\ttk.py", line 1207, in get_children
    self.tk.call(self._w, "children", item or '') or ())
    ~~~~~~~~~~~~^^^^^^^^^^^^^^^^^^^^^^^^^^^^^^^^^
_tkinter.TclError: invalid command name ".!frame10.!canvas.!frame.!frame.!frame4.!frame2.!treeview"
2026-09-05 10:44:51 - ERROR - Dashboard refresh error: invalid command name ".!frame4.!canvas.!frame.!frame.!frame4.!frame2.!treeview"
Traceback (most recent call last):
  File "C:\Users\Erica Gallogo\OneDrive - National University\Desktop\MIDTERM\views\tracker_view.py", line 718, in load_data
    for item in self.tree.get_children():
                ~~~~~~~~~~~~~~~~~~~~~~^^
  File "C:\Users\Erica Gallogo\AppData\Local\Python\pythoncore-3.14-64\Lib\tkinter\ttk.py", line 1207, in get_children
    self.tk.call(self._w, "children", item or '') or ())
    ~~~~~~~~~~~~^^^^^^^^^^^^^^^^^^^^^^^^^^^^^^^^^
_tkinter.TclError: invalid command name ".!frame4.!canvas.!frame.!frame.!frame4.!frame2.!treeview"
2026-09-05 10:44:51 - ERROR - Dashboard refresh error: invalid command name ".!frame18.!canvas.!frame.!frame.!frame4.!frame2.!treeview"
Traceback (most recent call last):
  File "C:\Users\Erica Gallogo\OneDrive - National University\Desktop\MIDTERM\views\tracker_view.py", line 718, in load_data
    for item in self.tree.get_children():
                ~~~~~~~~~~~~~~~~~~~~~~^^
  File "C:\Users\Erica Gallogo\AppData\Local\Python\pythoncore-3.14-64\Lib\tkinter\ttk.py", line 1207, in get_children
    self.tk.call(self._w, "children", item or '') or ())
    ~~~~~~~~~~~~^^^^^^^^^^^^^^^^^^^^^^^^^^^^^^^^^
_tkinter.TclError: invalid command name ".!frame18.!canvas.!frame.!frame.!frame4.!frame2.!treeview"
2026-09-05 10:44:51 - ERROR - Dashboard refresh error: invalid command name ".!frame14.!canvas.!frame.!frame.!frame4.!frame2.!treeview"
Traceback (most recent call last):
  File "C:\Users\Erica Gallogo\OneDrive - National University\Desktop\MIDTERM\views\tracker_view.py", line 718, in load_data
    for item in self.tree.get_children():
                ~~~~~~~~~~~~~~~~~~~~~~^^
  File "C:\Users\Erica Gallogo\AppData\Local\Python\pythoncore-3.14-64\Lib\tkinter\ttk.py", line 1207, in get_children
    self.tk.call(self._w, "children", item or '') or ())
    ~~~~~~~~~~~~^^^^^^^^^^^^^^^^^^^^^^^^^^^^^^^^^
_tkinter.TclError: invalid command name ".!frame14.!canvas.!frame.!frame.!frame4.!frame2.!treeview"
2026-09-05 10:44:56 - ERROR - Dashboard refresh error: invalid command name ".!frame10.!canvas.!frame.!frame.!frame4.!frame2.!treeview"
Traceback (most recent call last):
  File "C:\Users\Erica Gallogo\OneDrive - National University\Desktop\MIDTERM\views\tracker_view.py", line 718, in load_data
    for item in self.tree.get_children():
                ~~~~~~~~~~~~~~~~~~~~~~^^
  File "C:\Users\Erica Gallogo\AppData\Local\Python\pythoncore-3.14-64\Lib\tkinter\ttk.py", line 1207, in get_children
    self.tk.call(self._w, "children", item or '') or ())
    ~~~~~~~~~~~~^^^^^^^^^^^^^^^^^^^^^^^^^^^^^^^^^
_tkinter.TclError: invalid command name ".!frame10.!canvas.!frame.!frame.!frame4.!frame2.!treeview"
2026-09-05 10:44:56 - ERROR - Dashboard refresh error: invalid command name ".!frame4.!canvas.!frame.!frame.!frame4.!frame2.!treeview"
Traceback (most recent call last):
  File "C:\Users\Erica Gallogo\OneDrive - National University\Desktop\MIDTERM\views\tracker_view.py", line 718, in load_data
    for item in self.tree.get_children():
                ~~~~~~~~~~~~~~~~~~~~~~^^
  File "C:\Users\Erica Gallogo\AppData\Local\Python\pythoncore-3.14-64\Lib\tkinter\ttk.py", line 1207, in get_children
    self.tk.call(self._w, "children", item or '') or ())
    ~~~~~~~~~~~~^^^^^^^^^^^^^^^^^^^^^^^^^^^^^^^^^
_tkinter.TclError: invalid command name ".!frame4.!canvas.!frame.!frame.!frame4.!frame2.!treeview"
2026-09-05 10:44:56 - ERROR - Dashboard refresh error: invalid command name ".!frame18.!canvas.!frame.!frame.!frame4.!frame2.!treeview"
Traceback (most recent call last):
  File "C:\Users\Erica Gallogo\OneDrive - National University\Desktop\MIDTERM\views\tracker_view.py", line 718, in load_data
    for item in self.tree.get_children():
                ~~~~~~~~~~~~~~~~~~~~~~^^
  File "C:\Users\Erica Gallogo\AppData\Local\Python\pythoncore-3.14-64\Lib\tkinter\ttk.py", line 1207, in get_children
    self.tk.call(self._w, "children", item or '') or ())
    ~~~~~~~~~~~~^^^^^^^^^^^^^^^^^^^^^^^^^^^^^^^^^
_tkinter.TclError: invalid command name ".!frame18.!canvas.!frame.!frame.!frame4.!frame2.!treeview"
2026-09-05 10:44:56 - ERROR - Dashboard refresh error: invalid command name ".!frame14.!canvas.!frame.!frame.!frame4.!frame2.!treeview"
Traceback (most recent call last):
  File "C:\Users\Erica Gallogo\OneDrive - National University\Desktop\MIDTERM\views\tracker_view.py", line 718, in load_data
    for item in self.tree.get_children():
                ~~~~~~~~~~~~~~~~~~~~~~^^
  File "C:\Users\Erica Gallogo\AppData\Local\Python\pythoncore-3.14-64\Lib\tkinter\ttk.py", line 1207, in get_children
    self.tk.call(self._w, "children", item or '') or ())
    ~~~~~~~~~~~~^^^^^^^^^^^^^^^^^^^^^^^^^^^^^^^^^
_tkinter.TclError: invalid command name ".!frame14.!canvas.!frame.!frame.!frame4.!frame2.!treeview"
2026-09-05 10:45:01 - ERROR - Dashboard refresh error: invalid command name ".!frame10.!canvas.!frame.!frame.!frame4.!frame2.!treeview"
Traceback (most recent call last):
  File "C:\Users\Erica Gallogo\OneDrive - National University\Desktop\MIDTERM\views\tracker_view.py", line 718, in load_data
    for item in self.tree.get_children():
                ~~~~~~~~~~~~~~~~~~~~~~^^
  File "C:\Users\Erica Gallogo\AppData\Local\Python\pythoncore-3.14-64\Lib\tkinter\ttk.py", line 1207, in get_children
    self.tk.call(self._w, "children", item or '') or ())
    ~~~~~~~~~~~~^^^^^^^^^^^^^^^^^^^^^^^^^^^^^^^^^
_tkinter.TclError: invalid command name ".!frame10.!canvas.!frame.!frame.!frame4.!frame2.!treeview"
2026-09-05 10:45:01 - ERROR - Dashboard refresh error: invalid command name ".!frame4.!canvas.!frame.!frame.!frame4.!frame2.!treeview"
Traceback (most recent call last):
  File "C:\Users\Erica Gallogo\OneDrive - National University\Desktop\MIDTERM\views\tracker_view.py", line 718, in load_data
    for item in self.tree.get_children():
                ~~~~~~~~~~~~~~~~~~~~~~^^
  File "C:\Users\Erica Gallogo\AppData\Local\Python\pythoncore-3.14-64\Lib\tkinter\ttk.py", line 1207, in get_children
    self.tk.call(self._w, "children", item or '') or ())
    ~~~~~~~~~~~~^^^^^^^^^^^^^^^^^^^^^^^^^^^^^^^^^
_tkinter.TclError: invalid command name ".!frame4.!canvas.!frame.!frame.!frame4.!frame2.!treeview"
2026-09-05 10:45:01 - ERROR - Dashboard refresh error: invalid command name ".!frame18.!canvas.!frame.!frame.!frame4.!frame2.!treeview"
Traceback (most recent call last):
  File "C:\Users\Erica Gallogo\OneDrive - National University\Desktop\MIDTERM\views\tracker_view.py", line 718, in load_data
    for item in self.tree.get_children():
                ~~~~~~~~~~~~~~~~~~~~~~^^
  File "C:\Users\Erica Gallogo\AppData\Local\Python\pythoncore-3.14-64\Lib\tkinter\ttk.py", line 1207, in get_children
    self.tk.call(self._w, "children", item or '') or ())
    ~~~~~~~~~~~~^^^^^^^^^^^^^^^^^^^^^^^^^^^^^^^^^
_tkinter.TclError: invalid command name ".!frame18.!canvas.!frame.!frame.!frame4.!frame2.!treeview"
2026-09-05 10:45:01 - ERROR - Dashboard refresh error: invalid command name ".!frame14.!canvas.!frame.!frame.!frame4.!frame2.!treeview"
Traceback (most recent call last):
  File "C:\Users\Erica Gallogo\OneDrive - National University\Desktop\MIDTERM\views\tracker_view.py", line 718, in load_data
    for item in self.tree.get_children():
                ~~~~~~~~~~~~~~~~~~~~~~^^
  File "C:\Users\Erica Gallogo\AppData\Local\Python\pythoncore-3.14-64\Lib\tkinter\ttk.py", line 1207, in get_children
    self.tk.call(self._w, "children", item or '') or ())
    ~~~~~~~~~~~~^^^^^^^^^^^^^^^^^^^^^^^^^^^^^^^^^
_tkinter.TclError: invalid command name ".!frame14.!canvas.!frame.!frame.!frame4.!frame2.!treeview"
2026-09-05 10:45:06 - ERROR - Dashboard refresh error: invalid command name ".!frame10.!canvas.!frame.!frame.!frame4.!frame2.!treeview"
Traceback (most recent call last):
  File "C:\Users\Erica Gallogo\OneDrive - National University\Desktop\MIDTERM\views\tracker_view.py", line 718, in load_data
    for item in self.tree.get_children():
                ~~~~~~~~~~~~~~~~~~~~~~^^
  File "C:\Users\Erica Gallogo\AppData\Local\Python\pythoncore-3.14-64\Lib\tkinter\ttk.py", line 1207, in get_children
    self.tk.call(self._w, "children", item or '') or ())
    ~~~~~~~~~~~~^^^^^^^^^^^^^^^^^^^^^^^^^^^^^^^^^
_tkinter.TclError: invalid command name ".!frame10.!canvas.!frame.!frame.!frame4.!frame2.!treeview"
2026-09-05 10:45:06 - ERROR - Dashboard refresh error: invalid command name ".!frame4.!canvas.!frame.!frame.!frame4.!frame2.!treeview"
Traceback (most recent call last):
  File "C:\Users\Erica Gallogo\OneDrive - National University\Desktop\MIDTERM\views\tracker_view.py", line 718, in load_data
    for item in self.tree.get_children():
                ~~~~~~~~~~~~~~~~~~~~~~^^
  File "C:\Users\Erica Gallogo\AppData\Local\Python\pythoncore-3.14-64\Lib\tkinter\ttk.py", line 1207, in get_children
    self.tk.call(self._w, "children", item or '') or ())
    ~~~~~~~~~~~~^^^^^^^^^^^^^^^^^^^^^^^^^^^^^^^^^
_tkinter.TclError: invalid command name ".!frame4.!canvas.!frame.!frame.!frame4.!frame2.!treeview"
2026-09-05 10:45:06 - ERROR - Dashboard refresh error: invalid command name ".!frame18.!canvas.!frame.!frame.!frame4.!frame2.!treeview"
Traceback (most recent call last):
  File "C:\Users\Erica Gallogo\OneDrive - National University\Desktop\MIDTERM\views\tracker_view.py", line 718, in load_data
    for item in self.tree.get_children():
                ~~~~~~~~~~~~~~~~~~~~~~^^
  File "C:\Users\Erica Gallogo\AppData\Local\Python\pythoncore-3.14-64\Lib\tkinter\ttk.py", line 1207, in get_children
    self.tk.call(self._w, "children", item or '') or ())
    ~~~~~~~~~~~~^^^^^^^^^^^^^^^^^^^^^^^^^^^^^^^^^
_tkinter.TclError: invalid command name ".!frame18.!canvas.!frame.!frame.!frame4.!frame2.!treeview"
2026-09-05 10:45:06 - ERROR - Dashboard refresh error: invalid command name ".!frame14.!canvas.!frame.!frame.!frame4.!frame2.!treeview"
Traceback (most recent call last):
  File "C:\Users\Erica Gallogo\OneDrive - National University\Desktop\MIDTERM\views\tracker_view.py", line 718, in load_data
    for item in self.tree.get_children():
                ~~~~~~~~~~~~~~~~~~~~~~^^
  File "C:\Users\Erica Gallogo\AppData\Local\Python\pythoncore-3.14-64\Lib\tkinter\ttk.py", line 1207, in get_children
    self.tk.call(self._w, "children", item or '') or ())
    ~~~~~~~~~~~~^^^^^^^^^^^^^^^^^^^^^^^^^^^^^^^^^
_tkinter.TclError: invalid command name ".!frame14.!canvas.!frame.!frame.!frame4.!frame2.!treeview"
2026-09-05 10:45:11 - ERROR - Dashboard refresh error: invalid command name ".!frame10.!canvas.!frame.!frame.!frame4.!frame2.!treeview"
Traceback (most recent call last):
  File "C:\Users\Erica Gallogo\OneDrive - National University\Desktop\MIDTERM\views\tracker_view.py", line 718, in load_data
    for item in self.tree.get_children():
                ~~~~~~~~~~~~~~~~~~~~~~^^
  File "C:\Users\Erica Gallogo\AppData\Local\Python\pythoncore-3.14-64\Lib\tkinter\ttk.py", line 1207, in get_children
    self.tk.call(self._w, "children", item or '') or ())
    ~~~~~~~~~~~~^^^^^^^^^^^^^^^^^^^^^^^^^^^^^^^^^
_tkinter.TclError: invalid command name ".!frame10.!canvas.!frame.!frame.!frame4.!frame2.!treeview"
2026-09-05 10:45:11 - ERROR - Dashboard refresh error: invalid command name ".!frame4.!canvas.!frame.!frame.!frame4.!frame2.!treeview"
Traceback (most recent call last):
  File "C:\Users\Erica Gallogo\OneDrive - National University\Desktop\MIDTERM\views\tracker_view.py", line 718, in load_data
    for item in self.tree.get_children():
                ~~~~~~~~~~~~~~~~~~~~~~^^
  File "C:\Users\Erica Gallogo\AppData\Local\Python\pythoncore-3.14-64\Lib\tkinter\ttk.py", line 1207, in get_children
    self.tk.call(self._w, "children", item or '') or ())
    ~~~~~~~~~~~~^^^^^^^^^^^^^^^^^^^^^^^^^^^^^^^^^
_tkinter.TclError: invalid command name ".!frame4.!canvas.!frame.!frame.!frame4.!frame2.!treeview"
2026-09-05 10:45:11 - ERROR - Dashboard refresh error: invalid command name ".!frame18.!canvas.!frame.!frame.!frame4.!frame2.!treeview"
Traceback (most recent call last):
  File "C:\Users\Erica Gallogo\OneDrive - National University\Desktop\MIDTERM\views\tracker_view.py", line 718, in load_data
    for item in self.tree.get_children():
                ~~~~~~~~~~~~~~~~~~~~~~^^
  File "C:\Users\Erica Gallogo\AppData\Local\Python\pythoncore-3.14-64\Lib\tkinter\ttk.py", line 1207, in get_children
    self.tk.call(self._w, "children", item or '') or ())
    ~~~~~~~~~~~~^^^^^^^^^^^^^^^^^^^^^^^^^^^^^^^^^
_tkinter.TclError: invalid command name ".!frame18.!canvas.!frame.!frame.!frame4.!frame2.!treeview"
2026-09-05 10:45:11 - ERROR - Dashboard refresh error: invalid command name ".!frame14.!canvas.!frame.!frame.!frame4.!frame2.!treeview"
Traceback (most recent call last):
  File "C:\Users\Erica Gallogo\OneDrive - National University\Desktop\MIDTERM\views\tracker_view.py", line 718, in load_data
    for item in self.tree.get_children():
                ~~~~~~~~~~~~~~~~~~~~~~^^
  File "C:\Users\Erica Gallogo\AppData\Local\Python\pythoncore-3.14-64\Lib\tkinter\ttk.py", line 1207, in get_children
    self.tk.call(self._w, "children", item or '') or ())
    ~~~~~~~~~~~~^^^^^^^^^^^^^^^^^^^^^^^^^^^^^^^^^
_tkinter.TclError: invalid command name ".!frame14.!canvas.!frame.!frame.!frame4.!frame2.!treeview"
2026-09-12 19:25:34 - INFO - Hardware inventory database initialized successfully.
2026-09-12 19:25:35 - INFO - WARNING: This is a development server. Do not use it in a production deployment. Use a production WSGI server instead.
 * Running on http://127.0.0.1:5000
2026-09-12 19:25:35 - INFO - Press CTRL+C to quit
2026-09-12 19:25:35 - INFO -  * Restarting with stat
2026-09-12 19:25:36 - INFO - Hardware inventory database initialized successfully.
2026-09-12 19:25:36 - WARNING -  * Debugger is active!
2026-09-12 19:25:36 - INFO -  * Debugger PIN: 211-966-961
2026-09-12 19:28:18 - INFO - Hardware inventory database initialized successfully.
2026-09-12 19:28:18 - INFO - WARNING: This is a development server. Do not use it in a production deployment. Use a production WSGI server instead.
 * Running on http://127.0.0.1:5000
2026-09-12 19:28:18 - INFO - Press CTRL+C to quit
2026-09-12 19:28:18 - INFO -  * Restarting with stat
2026-09-12 19:28:19 - INFO - Hardware inventory database initialized successfully.
2026-09-12 19:28:19 - WARNING -  * Debugger is active!
2026-09-12 19:28:19 - INFO -  * Debugger PIN: 143-480-677
2026-09-12 19:28:50 - INFO - 127.0.0.1 - - [12/Sep/2026 19:28:50] "GET / HTTP/1.1" 302 -
2026-09-12 19:28:50 - INFO - 127.0.0.1 - - [12/Sep/2026 19:28:50] "GET /login HTTP/1.1" 200 -
2026-09-12 19:28:51 - INFO - 127.0.0.1 - - [12/Sep/2026 19:28:51] "GET /static/styles.css HTTP/1.1" 200 -
2026-09-12 19:30:11 - INFO - Hardware inventory database initialized successfully.
2026-09-12 19:30:11 - WARNING - Failed registration attempt: username='admin', email='admin@example.com' - Password must include at least one special character from @#$%^&*.
2026-09-12 19:30:11 - WARNING - Failed registration attempt: username='student1', email='stud@example.com' - Password must include at least one special character from @#$%^&*.
2026-09-12 19:30:11 - INFO - Hardware item added: Arduino Uno (Electronics) x10
2026-09-12 19:30:11 - INFO - Borrow request created pending admin approval: student=Student One, student_id=S001, item_id=1, quantity=3, pay_by=2026-09-19
2026-09-12 19:30:11 - INFO - Borrow request approved: borrow_id=4 by=admin
2026-09-12 19:30:11 - INFO - Return requested: borrow_id=4 qty=3
2026-09-12 19:30:11 - INFO - Return request 1 approved by admin
2026-09-12 19:30:42 - INFO - Hardware inventory database initialized successfully.
2026-09-12 19:30:42 - WARNING - Failed registration attempt: username='admin', email='admin@example.com' - Password must include at least one special character from @#$%^&*.
2026-09-12 19:30:42 - WARNING - Failed registration attempt: username='student1', email='stud@example.com' - Password must include at least one special character from @#$%^&*.
2026-09-12 19:30:42 - INFO - Borrow request created pending admin approval: student=Student One, student_id=S001, item_id=1, quantity=3, pay_by=2026-09-19
2026-09-12 19:30:42 - INFO - Borrow request approved: borrow_id=5 by=admin
2026-09-12 19:30:42 - INFO - Return requested: borrow_id=5 qty=3
2026-09-12 19:30:43 - INFO - Return request 2 approved by admin
2026-09-12 19:32:11 - INFO - Hardware inventory database initialized successfully.
2026-09-12 19:32:11 - WARNING - Failed registration attempt: username='admin', email='admin@example.com' - Password must include at least one special character from @#$%^&*.
2026-09-12 19:32:12 - WARNING - Failed registration attempt: username='student1', email='stud@example.com' - Password must include at least one special character from @#$%^&*.
2026-09-12 19:32:12 - INFO - Borrow request created pending admin approval: student=Student One, student_id=S001, item_id=1, quantity=3, pay_by=2026-09-19
2026-09-12 19:32:12 - INFO - Borrow request approved: borrow_id=6 by=admin
2026-09-12 19:32:12 - INFO - Return requested: borrow_id=6 qty=3
2026-09-12 19:32:12 - INFO - Return request 3 approved by admin
2026-09-12 19:34:07 - INFO - Hardware inventory database initialized successfully.
2026-09-12 19:34:07 - INFO - WARNING: This is a development server. Do not use it in a production deployment. Use a production WSGI server instead.
 * Running on http://127.0.0.1:5000
2026-09-12 19:34:07 - INFO - Press CTRL+C to quit
2026-09-12 19:34:07 - INFO -  * Restarting with stat
2026-09-12 19:34:08 - INFO - Hardware inventory database initialized successfully.
2026-09-12 19:34:08 - WARNING -  * Debugger is active!
2026-09-12 19:34:08 - INFO -  * Debugger PIN: 143-480-677
2026-09-12 19:34:42 - INFO - 127.0.0.1 - - [12/Sep/2026 19:34:42] "GET / HTTP/1.1" 302 -
2026-09-12 19:34:42 - INFO - 127.0.0.1 - - [12/Sep/2026 19:34:42] "GET /login HTTP/1.1" 200 -
2026-09-12 19:34:42 - INFO - 127.0.0.1 - - [12/Sep/2026 19:34:42] "GET /static/styles.css HTTP/1.1" 200 -
2026-09-12 19:34:42 - INFO - 127.0.0.1 - - [12/Sep/2026 19:34:42] "GET /favicon.ico HTTP/1.1" 404 -
2026-09-12 19:35:39 - WARNING - Failed login attempt for username='eca0427': Username is not registered.
2026-09-12 19:35:39 - INFO - 127.0.0.1 - - [12/Sep/2026 19:35:39] "POST /login HTTP/1.1" 200 -
2026-09-12 19:35:39 - INFO - 127.0.0.1 - - [12/Sep/2026 19:35:39] "GET /static/styles.css HTTP/1.1" 304 -
2026-09-12 19:35:47 - INFO - 127.0.0.1 - - [12/Sep/2026 19:35:47] "GET /login HTTP/1.1" 200 -
2026-09-12 19:35:47 - INFO - 127.0.0.1 - - [12/Sep/2026 19:35:47] "GET /static/styles.css HTTP/1.1" 304 -
2026-09-12 19:37:33 - INFO - User Logged In: 'eca'
2026-09-12 19:37:33 - INFO - 127.0.0.1 - - [12/Sep/2026 19:37:33] "POST /login HTTP/1.1" 302 -
2026-09-12 19:37:33 - INFO - 127.0.0.1 - - [12/Sep/2026 19:37:33] "GET /dashboard HTTP/1.1" 200 -
2026-09-12 19:37:33 - INFO - 127.0.0.1 - - [12/Sep/2026 19:37:33] "GET /static/styles.css HTTP/1.1" 304 -
2026-09-12 19:38:02 - INFO - 127.0.0.1 - - [12/Sep/2026 19:38:02] "GET /admin/approvals HTTP/1.1" 200 -
2026-09-12 19:38:02 - INFO - 127.0.0.1 - - [12/Sep/2026 19:38:02] "GET /static/styles.css HTTP/1.1" 304 -
2026-09-12 19:38:13 - INFO - 127.0.0.1 - - [12/Sep/2026 19:38:13] "POST /admin/borrow/1/approve HTTP/1.1" 302 -
2026-09-12 19:38:13 - INFO - 127.0.0.1 - - [12/Sep/2026 19:38:13] "GET /admin/approvals HTTP/1.1" 200 -
2026-09-12 19:38:14 - INFO - 127.0.0.1 - - [12/Sep/2026 19:38:14] "GET /static/styles.css HTTP/1.1" 304 -
2026-09-12 19:39:49 - INFO - 127.0.0.1 - - [12/Sep/2026 19:39:49] "GET /profile HTTP/1.1" 200 -
2026-09-12 19:39:49 - INFO - 127.0.0.1 - - [12/Sep/2026 19:39:49] "GET /static/styles.css HTTP/1.1" 304 -
2026-09-12 19:41:17 - INFO - 127.0.0.1 - - [12/Sep/2026 19:41:17] "GET /profile HTTP/1.1" 302 -
2026-09-12 19:41:17 - INFO - 127.0.0.1 - - [12/Sep/2026 19:41:17] "GET /login HTTP/1.1" 200 -
2026-09-12 19:41:17 - INFO - 127.0.0.1 - - [12/Sep/2026 19:41:17] "GET /static/styles.css HTTP/1.1" 200 -
2026-09-12 19:41:17 - INFO - 127.0.0.1 - - [12/Sep/2026 19:41:17] "GET /favicon.ico HTTP/1.1" 404 -
2026-09-12 19:59:50 - INFO - 127.0.0.1 - - [12/Sep/2026 19:59:50] "GET /dashboard HTTP/1.1" 200 -
2026-09-12 19:59:50 - INFO - 127.0.0.1 - - [12/Sep/2026 19:59:50] "GET /static/styles.css HTTP/1.1" 304 -
2026-09-12 20:01:08 - INFO - 127.0.0.1 - - [12/Sep/2026 20:01:08] "GET / HTTP/1.1" 302 -
2026-09-12 20:01:08 - INFO - 127.0.0.1 - - [12/Sep/2026 20:01:08] "GET /login HTTP/1.1" 200 -
2026-09-12 20:01:09 - INFO - 127.0.0.1 - - [12/Sep/2026 20:01:09] "GET /static/styles.css HTTP/1.1" 200 -
2026-09-12 20:01:09 - INFO - 127.0.0.1 - - [12/Sep/2026 20:01:09] "GET /favicon.ico HTTP/1.1" 404 -
2026-09-12 20:01:09 - INFO - 127.0.0.1 - - [12/Sep/2026 20:01:09] "GET /static/styles.css HTTP/1.1" 304 -
2026-09-12 20:01:26 - INFO - 127.0.0.1 - - [12/Sep/2026 20:01:26] "GET /profile HTTP/1.1" 302 -
2026-09-12 20:01:26 - INFO - 127.0.0.1 - - [12/Sep/2026 20:01:26] "GET /login HTTP/1.1" 200 -
2026-09-12 20:01:26 - INFO - 127.0.0.1 - - [12/Sep/2026 20:01:26] "GET /static/styles.css HTTP/1.1" 304 -
2026-09-12 20:01:26 - INFO - 127.0.0.1 - - [12/Sep/2026 20:01:26] "GET /favicon.ico HTTP/1.1" 404 -
2026-09-12 20:04:56 - WARNING - Failed login attempt for username='eca0427': Username is not registered.
2026-09-12 20:04:56 - INFO - 127.0.0.1 - - [12/Sep/2026 20:04:56] "POST /login HTTP/1.1" 200 -
2026-09-12 20:04:56 - INFO - 127.0.0.1 - - [12/Sep/2026 20:04:56] "GET /static/styles.css HTTP/1.1" 304 -
2026-09-12 20:05:02 - WARNING - Failed login attempt for username='eca0427': Username is not registered.
2026-09-12 20:05:02 - INFO - 127.0.0.1 - - [12/Sep/2026 20:05:02] "POST /login HTTP/1.1" 200 -
2026-09-12 20:05:02 - INFO - 127.0.0.1 - - [12/Sep/2026 20:05:02] "GET /static/styles.css HTTP/1.1" 304 -
2026-09-12 20:05:07 - WARNING - Failed login attempt for username='eca0427': Username is not registered.
2026-09-12 20:05:07 - INFO - 127.0.0.1 - - [12/Sep/2026 20:05:07] "POST /login HTTP/1.1" 200 -
2026-09-12 20:05:07 - INFO - 127.0.0.1 - - [12/Sep/2026 20:05:07] "GET /static/styles.css HTTP/1.1" 304 -
2026-09-12 20:05:13 - WARNING - Failed login attempt for username='eca0427': Username is not registered.
2026-09-12 20:05:13 - INFO - 127.0.0.1 - - [12/Sep/2026 20:05:13] "POST /login HTTP/1.1" 200 -
2026-09-12 20:05:13 - INFO - 127.0.0.1 - - [12/Sep/2026 20:05:13] "GET /static/styles.css HTTP/1.1" 304 -
2026-09-12 20:05:19 - WARNING - Failed login attempt for username='eca': Invalid password. 2 attempt(s) remaining before lockout.
2026-09-12 20:05:19 - INFO - 127.0.0.1 - - [12/Sep/2026 20:05:19] "POST /login HTTP/1.1" 200 -
2026-09-12 20:05:19 - INFO - 127.0.0.1 - - [12/Sep/2026 20:05:19] "GET /static/styles.css HTTP/1.1" 304 -
2026-09-12 20:05:27 - WARNING - Failed login attempt for username='eca': Invalid password. 1 attempt(s) remaining before lockout.
2026-09-12 20:05:27 - INFO - 127.0.0.1 - - [12/Sep/2026 20:05:27] "POST /login HTTP/1.1" 200 -
2026-09-12 20:05:27 - INFO - 127.0.0.1 - - [12/Sep/2026 20:05:27] "GET /static/styles.css HTTP/1.1" 304 -
2026-09-12 20:05:31 - WARNING - Account locked: 'eca'
2026-09-12 20:05:31 - WARNING - Failed login attempt for username='eca': Account is locked after three failed attempts. Use Reset / Unlock Password.
2026-09-12 20:05:31 - INFO - 127.0.0.1 - - [12/Sep/2026 20:05:31] "POST /login HTTP/1.1" 200 -
2026-09-12 20:05:31 - INFO - 127.0.0.1 - - [12/Sep/2026 20:05:31] "GET /static/styles.css HTTP/1.1" 304 -
2026-09-12 20:05:41 - WARNING - Failed login attempt for username='eca': Account is locked. Use Reset / Unlock Password.
2026-09-12 20:05:41 - INFO - 127.0.0.1 - - [12/Sep/2026 20:05:41] "POST /login HTTP/1.1" 200 -
2026-09-12 20:05:41 - INFO - 127.0.0.1 - - [12/Sep/2026 20:05:41] "GET /static/styles.css HTTP/1.1" 304 -
2026-09-12 20:06:16 - WARNING - Failed login attempt for username='eca': Account is locked. Use Reset / Unlock Password.
2026-09-12 20:06:16 - INFO - 127.0.0.1 - - [12/Sep/2026 20:06:16] "POST /login HTTP/1.1" 200 -
2026-09-12 20:06:16 - INFO - 127.0.0.1 - - [12/Sep/2026 20:06:16] "GET /static/styles.css HTTP/1.1" 304 -
2026-09-12 20:06:40 - WARNING - Failed login attempt for username='eca': Account is locked. Use Reset / Unlock Password.
2026-09-12 20:06:40 - INFO - 127.0.0.1 - - [12/Sep/2026 20:06:40] "POST /login HTTP/1.1" 200 -
2026-09-12 20:06:40 - INFO - 127.0.0.1 - - [12/Sep/2026 20:06:40] "GET /static/styles.css HTTP/1.1" 304 -
2026-09-12 20:10:11 - INFO -  * Detected change in 'C:\\Users\\Erica Gallogo\\OneDrive - National University\\Desktop\\MIDTERM\\web_app.py', reloading
2026-09-12 20:10:12 - INFO -  * Restarting with stat
2026-09-12 20:10:13 - INFO - Hardware inventory database initialized successfully.
2026-09-12 20:10:13 - WARNING -  * Debugger is active!
2026-09-12 20:10:13 - INFO -  * Debugger PIN: 143-480-677
2026-09-12 20:10:54 - WARNING - Failed login attempt for username='eca': Account is locked. Use Reset / Unlock Password.
2026-09-12 20:10:54 - INFO - 127.0.0.1 - - [12/Sep/2026 20:10:54] "POST /login HTTP/1.1" 200 -
2026-09-12 20:10:54 - INFO - 127.0.0.1 - - [12/Sep/2026 20:10:54] "GET /static/styles.css HTTP/1.1" 304 -
2026-09-12 20:10:59 - INFO - 127.0.0.1 - - [12/Sep/2026 20:10:59] "GET /reset HTTP/1.1" 200 -
2026-09-12 20:10:59 - INFO - 127.0.0.1 - - [12/Sep/2026 20:10:59] "GET /static/styles.css HTTP/1.1" 304 -
2026-09-12 20:11:09 - INFO - 127.0.0.1 - - [12/Sep/2026 20:11:09] "GET /reset HTTP/1.1" 200 -
2026-09-12 20:11:09 - INFO - 127.0.0.1 - - [12/Sep/2026 20:11:09] "GET /static/styles.css HTTP/1.1" 304 -
2026-09-12 20:13:18 - INFO -  * Detected change in 'C:\\Users\\Erica Gallogo\\OneDrive - National University\\Desktop\\MIDTERM\\web_app.py', reloading
2026-09-12 20:13:19 - INFO -  * Restarting with stat
2026-09-12 20:13:20 - INFO - Hardware inventory database initialized successfully.
2026-09-12 20:13:20 - WARNING -  * Debugger is active!
2026-09-12 20:13:20 - INFO -  * Debugger PIN: 143-480-677
2026-09-12 20:13:49 - INFO - 127.0.0.1 - - [12/Sep/2026 20:13:49] "GET /reset HTTP/1.1" 200 -
2026-09-12 20:13:50 - INFO - 127.0.0.1 - - [12/Sep/2026 20:13:50] "GET /static/styles.css HTTP/1.1" 304 -
2026-09-12 20:13:52 - INFO - 127.0.0.1 - - [12/Sep/2026 20:13:52] "GET /reset HTTP/1.1" 200 -
2026-09-12 20:13:52 - INFO - 127.0.0.1 - - [12/Sep/2026 20:13:52] "GET /static/styles.css HTTP/1.1" 304 -
2026-09-12 20:13:55 - WARNING - Failed login attempt for username='eca': Account is locked. Use Reset / Unlock Password.
2026-09-12 20:13:55 - INFO - 127.0.0.1 - - [12/Sep/2026 20:13:55] "POST /login HTTP/1.1" 200 -
2026-09-12 20:13:55 - INFO - 127.0.0.1 - - [12/Sep/2026 20:13:55] "GET /static/styles.css HTTP/1.1" 304 -
2026-09-12 20:19:29 - INFO -  * Detected change in 'C:\\Users\\Erica Gallogo\\OneDrive - National University\\Desktop\\MIDTERM\\models\\database.py', reloading
2026-09-12 20:19:30 - INFO -  * Restarting with stat
2026-09-12 20:19:32 - INFO - Hardware inventory database initialized successfully.
2026-09-12 20:19:32 - WARNING -  * Debugger is active!
2026-09-12 20:19:32 - INFO -  * Debugger PIN: 143-480-677
2026-09-12 20:19:49 - INFO -  * Detected change in 'C:\\Users\\Erica Gallogo\\OneDrive - National University\\Desktop\\MIDTERM\\controller\\auth_controller.py', reloading
2026-09-12 20:19:49 - INFO -  * Restarting with stat
2026-09-12 20:19:52 - INFO - Hardware inventory database initialized successfully.
2026-09-12 20:19:52 - WARNING -  * Debugger is active!
2026-09-12 20:19:52 - INFO -  * Debugger PIN: 143-480-677
2026-09-12 20:19:53 - INFO -  * Detected change in 'C:\\Users\\Erica Gallogo\\OneDrive - National University\\Desktop\\MIDTERM\\web_app.py', reloading
2026-09-12 20:19:54 - INFO -  * Restarting with stat
2026-09-12 20:19:56 - INFO - Hardware inventory database initialized successfully.
2026-09-12 20:19:56 - WARNING -  * Debugger is active!
2026-09-12 20:19:56 - INFO -  * Debugger PIN: 143-480-677
2026-09-12 20:20:28 - WARNING - Failed login attempt for username='eca': Account is locked. Use Reset / Unlock Password.
2026-09-12 20:20:29 - INFO - 127.0.0.1 - - [12/Sep/2026 20:20:29] "POST /login HTTP/1.1" 200 -
2026-09-12 20:20:29 - INFO - 127.0.0.1 - - [12/Sep/2026 20:20:29] "GET /static/styles.css HTTP/1.1" 304 -
2026-09-12 20:21:24 - INFO - 127.0.0.1 - - [12/Sep/2026 20:21:24] "GET /reset?unlock=1 HTTP/1.1" 200 -
2026-09-12 20:21:24 - INFO - 127.0.0.1 - - [12/Sep/2026 20:21:24] "GET /static/styles.css HTTP/1.1" 304 -
2026-09-12 20:23:05 - INFO -  * Detected change in 'C:\\Users\\Erica Gallogo\\OneDrive - National University\\Desktop\\MIDTERM\\web_app.py', reloading
2026-09-12 20:23:06 - INFO -  * Restarting with stat
2026-09-12 20:23:09 - INFO - Hardware inventory database initialized successfully.
2026-09-12 20:23:09 - WARNING -  * Debugger is active!
2026-09-12 20:23:09 - INFO -  * Debugger PIN: 143-480-677
2026-09-12 20:23:41 - WARNING - Failed login attempt for username='eca': Account is locked. Use Reset / Unlock Password.
2026-09-12 20:23:41 - INFO - 127.0.0.1 - - [12/Sep/2026 20:23:41] "POST /login HTTP/1.1" 200 -
2026-09-12 20:23:42 - INFO - 127.0.0.1 - - [12/Sep/2026 20:23:42] "GET /static/styles.css HTTP/1.1" 304 -
2026-09-12 20:23:48 - INFO - 127.0.0.1 - - [12/Sep/2026 20:23:48] "GET /register HTTP/1.1" 200 -
2026-09-12 20:23:48 - INFO - 127.0.0.1 - - [12/Sep/2026 20:23:48] "GET /static/styles.css HTTP/1.1" 304 -
2026-09-12 20:24:24 - WARNING - Failed registration attempt: username='erica', email='erica@gmail.com' - Email already registered.
2026-09-12 20:24:24 - INFO - 127.0.0.1 - - [12/Sep/2026 20:24:24] "POST /register HTTP/1.1" 200 -
2026-09-12 20:24:24 - INFO - 127.0.0.1 - - [12/Sep/2026 20:24:24] "GET /static/styles.css HTTP/1.1" 304 -
2026-09-12 20:24:55 - WARNING - Failed registration attempt: username='Naureen', email='naureen@gmail.com' - Password must be at least 8 characters.
2026-09-12 20:24:55 - INFO - 127.0.0.1 - - [12/Sep/2026 20:24:55] "POST /register HTTP/1.1" 200 -
2026-09-12 20:24:56 - INFO - 127.0.0.1 - - [12/Sep/2026 20:24:56] "GET /static/styles.css HTTP/1.1" 304 -
2026-09-12 20:25:20 - INFO - Account Created: username='Naureen', role='USER'
2026-09-12 20:25:20 - INFO - 127.0.0.1 - - [12/Sep/2026 20:25:20] "POST /register HTTP/1.1" 302 -
2026-09-12 20:25:20 - INFO - 127.0.0.1 - - [12/Sep/2026 20:25:20] "GET /login HTTP/1.1" 200 -
2026-09-12 20:25:20 - INFO - 127.0.0.1 - - [12/Sep/2026 20:25:20] "GET /static/styles.css HTTP/1.1" 304 -
2026-09-12 20:25:43 - INFO - User Logged In: 'Naureen'
2026-09-12 20:25:43 - INFO - 127.0.0.1 - - [12/Sep/2026 20:25:43] "POST /login HTTP/1.1" 200 -
2026-09-12 20:25:43 - INFO - 127.0.0.1 - - [12/Sep/2026 20:25:43] "GET /static/styles.css HTTP/1.1" 304 -
2026-09-12 20:25:56 - INFO - User Logged In: 'Naureen'
2026-09-12 20:25:56 - INFO - 127.0.0.1 - - [12/Sep/2026 20:25:56] "POST /login HTTP/1.1" 302 -
2026-09-12 20:25:56 - INFO - 127.0.0.1 - - [12/Sep/2026 20:25:56] "GET /dashboard HTTP/1.1" 200 -
2026-09-12 20:25:56 - INFO - 127.0.0.1 - - [12/Sep/2026 20:25:56] "GET /static/styles.css HTTP/1.1" 304 -
2026-09-12 20:26:01 - INFO - 127.0.0.1 - - [12/Sep/2026 20:26:01] "GET /profile HTTP/1.1" 200 -
2026-09-12 20:26:01 - INFO - 127.0.0.1 - - [12/Sep/2026 20:26:01] "GET /static/styles.css HTTP/1.1" 304 -
2026-09-12 20:26:04 - INFO - 127.0.0.1 - - [12/Sep/2026 20:26:04] "GET /dashboard HTTP/1.1" 200 -
2026-09-12 20:26:04 - INFO - 127.0.0.1 - - [12/Sep/2026 20:26:04] "GET /static/styles.css HTTP/1.1" 304 -
2026-09-12 20:26:51 - INFO - 127.0.0.1 - - [12/Sep/2026 20:26:51] "GET /logout HTTP/1.1" 302 -
2026-09-12 20:26:51 - INFO - 127.0.0.1 - - [12/Sep/2026 20:26:51] "GET /login HTTP/1.1" 200 -
2026-09-12 20:26:51 - INFO - 127.0.0.1 - - [12/Sep/2026 20:26:51] "GET /static/styles.css HTTP/1.1" 304 -
2026-09-12 20:27:05 - WARNING - Failed login attempt for username='eca': Account is locked. Use Reset / Unlock Password.
2026-09-12 20:27:05 - INFO - 127.0.0.1 - - [12/Sep/2026 20:27:05] "POST /login HTTP/1.1" 200 -
2026-09-12 20:27:06 - INFO - 127.0.0.1 - - [12/Sep/2026 20:27:06] "GET /static/styles.css HTTP/1.1" 304 -
2026-09-12 20:27:12 - INFO - 127.0.0.1 - - [12/Sep/2026 20:27:12] "GET /reset HTTP/1.1" 200 -
2026-09-12 20:27:12 - INFO - 127.0.0.1 - - [12/Sep/2026 20:27:12] "GET /static/styles.css HTTP/1.1" 304 -
2026-09-12 20:27:35 - INFO - Password reset/unlock requested: 'eca'
2026-09-12 20:27:35 - INFO - 127.0.0.1 - - [12/Sep/2026 20:27:35] "POST /reset HTTP/1.1" 302 -
2026-09-12 20:27:35 - INFO - 127.0.0.1 - - [12/Sep/2026 20:27:35] "GET /login HTTP/1.1" 200 -
2026-09-12 20:27:35 - INFO - 127.0.0.1 - - [12/Sep/2026 20:27:35] "GET /static/styles.css HTTP/1.1" 304 -
2026-09-12 20:27:51 - WARNING - Failed login attempt for username='eca': Account is locked. Use Reset / Unlock Password.
2026-09-12 20:27:51 - INFO - 127.0.0.1 - - [12/Sep/2026 20:27:51] "POST /login HTTP/1.1" 200 -
2026-09-12 20:27:51 - INFO - 127.0.0.1 - - [12/Sep/2026 20:27:51] "GET /static/styles.css HTTP/1.1" 304 -
2026-09-12 20:31:21 - INFO -  * Detected change in 'C:\\Users\\Erica Gallogo\\OneDrive - National University\\Desktop\\MIDTERM\\seed_admin.py', reloading
2026-09-12 20:31:22 - INFO -  * Restarting with stat
2026-09-12 20:31:26 - INFO - Hardware inventory database initialized successfully.
2026-09-12 20:31:26 - WARNING -  * Debugger is active!
2026-09-12 20:31:26 - INFO -  * Debugger PIN: 143-480-677
2026-09-12 20:31:31 - INFO - Account Created: username='admin', role='ADMIN'
2026-09-12 20:32:07 - INFO - User Logged In: 'admin'
2026-09-12 20:32:07 - INFO - 127.0.0.1 - - [12/Sep/2026 20:32:07] "POST /login HTTP/1.1" 302 -
2026-09-12 20:32:07 - INFO - 127.0.0.1 - - [12/Sep/2026 20:32:07] "GET /dashboard HTTP/1.1" 200 -
2026-09-12 20:32:08 - INFO - 127.0.0.1 - - [12/Sep/2026 20:32:08] "GET /static/styles.css HTTP/1.1" 304 -
2026-09-12 20:32:16 - INFO - 127.0.0.1 - - [12/Sep/2026 20:32:16] "GET /admin/approvals HTTP/1.1" 200 -
2026-09-12 20:32:16 - INFO - 127.0.0.1 - - [12/Sep/2026 20:32:16] "GET /static/styles.css HTTP/1.1" 304 -
2026-09-12 20:32:22 - INFO - Password reset request 2 approved by 'admin'
2026-09-12 20:32:22 - INFO - 127.0.0.1 - - [12/Sep/2026 20:32:22] "POST /admin/review/2 HTTP/1.1" 302 -
2026-09-12 20:32:22 - INFO - 127.0.0.1 - - [12/Sep/2026 20:32:22] "GET /admin/approvals HTTP/1.1" 200 -
2026-09-12 20:32:22 - INFO - 127.0.0.1 - - [12/Sep/2026 20:32:22] "GET /static/styles.css HTTP/1.1" 304 -
2026-09-12 20:32:31 - INFO - 127.0.0.1 - - [12/Sep/2026 20:32:31] "POST /admin/borrow/1/approve HTTP/1.1" 302 -
2026-09-12 20:32:31 - INFO - 127.0.0.1 - - [12/Sep/2026 20:32:31] "GET /admin/approvals HTTP/1.1" 200 -
2026-09-12 20:32:31 - INFO - 127.0.0.1 - - [12/Sep/2026 20:32:31] "GET /static/styles.css HTTP/1.1" 304 -
2026-09-12 20:33:12 - INFO - 127.0.0.1 - - [12/Sep/2026 20:33:12] "GET /dashboard HTTP/1.1" 200 -
2026-09-12 20:33:12 - INFO - 127.0.0.1 - - [12/Sep/2026 20:33:12] "GET /static/styles.css HTTP/1.1" 304 -
2026-09-12 20:33:28 - INFO - 127.0.0.1 - - [12/Sep/2026 20:33:28] "GET /profile HTTP/1.1" 200 -
2026-09-12 20:33:28 - INFO - 127.0.0.1 - - [12/Sep/2026 20:33:28] "GET /static/styles.css HTTP/1.1" 304 -
2026-09-12 20:33:34 - INFO - 127.0.0.1 - - [12/Sep/2026 20:33:34] "GET /admin/approvals HTTP/1.1" 200 -
2026-09-12 20:33:34 - INFO - 127.0.0.1 - - [12/Sep/2026 20:33:34] "GET /static/styles.css HTTP/1.1" 304 -
2026-09-12 20:33:58 - INFO - 127.0.0.1 - - [12/Sep/2026 20:33:58] "GET /logout HTTP/1.1" 302 -
2026-09-12 20:33:58 - INFO - 127.0.0.1 - - [12/Sep/2026 20:33:58] "GET /login HTTP/1.1" 200 -
2026-09-12 20:33:58 - INFO - 127.0.0.1 - - [12/Sep/2026 20:33:58] "GET /static/styles.css HTTP/1.1" 304 -
2026-09-12 20:34:16 - WARNING - Failed login attempt for username='eca': Invalid password. 2 attempt(s) remaining before lockout.
2026-09-12 20:34:16 - INFO - 127.0.0.1 - - [12/Sep/2026 20:34:16] "POST /login HTTP/1.1" 200 -
2026-09-12 20:34:16 - INFO - 127.0.0.1 - - [12/Sep/2026 20:34:16] "GET /static/styles.css HTTP/1.1" 304 -
2026-09-12 20:34:34 - INFO - User Logged In: 'admin'
2026-09-12 20:34:34 - INFO - 127.0.0.1 - - [12/Sep/2026 20:34:34] "POST /login HTTP/1.1" 302 -
2026-09-12 20:34:34 - INFO - 127.0.0.1 - - [12/Sep/2026 20:34:34] "GET /dashboard HTTP/1.1" 200 -
2026-09-12 20:34:34 - INFO - 127.0.0.1 - - [12/Sep/2026 20:34:34] "GET /static/styles.css HTTP/1.1" 304 -
2026-09-12 20:34:55 - INFO - 127.0.0.1 - - [12/Sep/2026 20:34:55] "GET /admin/approvals HTTP/1.1" 200 -
2026-09-12 20:34:55 - INFO - 127.0.0.1 - - [12/Sep/2026 20:34:55] "GET /static/styles.css HTTP/1.1" 304 -
2026-09-12 20:35:09 - INFO - 127.0.0.1 - - [12/Sep/2026 20:35:09] "GET /dashboard HTTP/1.1" 200 -
2026-09-12 20:35:09 - INFO - 127.0.0.1 - - [12/Sep/2026 20:35:09] "GET /static/styles.css HTTP/1.1" 304 -
2026-09-12 20:36:38 - INFO - 127.0.0.1 - - [12/Sep/2026 20:36:38] "GET /dashboard HTTP/1.1" 200 -
2026-09-12 20:36:38 - INFO - 127.0.0.1 - - [12/Sep/2026 20:36:38] "GET /static/styles.css HTTP/1.1" 304 -
2026-09-12 20:43:34 - INFO - 127.0.0.1 - - [12/Sep/2026 20:43:34] "GET /dashboard HTTP/1.1" 200 -
2026-09-12 20:43:34 - INFO - 127.0.0.1 - - [12/Sep/2026 20:43:34] "GET /static/styles.css HTTP/1.1" 200 -
2026-09-12 20:43:42 - INFO - 127.0.0.1 - - [12/Sep/2026 20:43:42] "GET /dashboard HTTP/1.1" 200 -
2026-09-12 20:43:42 - INFO - 127.0.0.1 - - [12/Sep/2026 20:43:42] "GET /static/styles.css HTTP/1.1" 304 -
2026-09-12 20:43:49 - INFO - 127.0.0.1 - - [12/Sep/2026 20:43:49] "GET /profile HTTP/1.1" 200 -
2026-09-12 20:43:49 - INFO - 127.0.0.1 - - [12/Sep/2026 20:43:49] "GET /static/styles.css HTTP/1.1" 304 -
2026-09-12 20:43:52 - INFO - 127.0.0.1 - - [12/Sep/2026 20:43:52] "GET /admin/approvals HTTP/1.1" 200 -
2026-09-12 20:43:52 - INFO - 127.0.0.1 - - [12/Sep/2026 20:43:52] "GET /static/styles.css HTTP/1.1" 304 -
2026-09-12 20:44:08 - INFO - 127.0.0.1 - - [12/Sep/2026 20:44:08] "GET /profile HTTP/1.1" 200 -
2026-09-12 20:44:08 - INFO - 127.0.0.1 - - [12/Sep/2026 20:44:08] "GET /static/styles.css HTTP/1.1" 304 -
2026-09-12 20:44:10 - INFO - 127.0.0.1 - - [12/Sep/2026 20:44:10] "GET /logout HTTP/1.1" 302 -
2026-09-12 20:44:10 - INFO - 127.0.0.1 - - [12/Sep/2026 20:44:10] "GET /login HTTP/1.1" 200 -
2026-09-12 20:44:10 - INFO - 127.0.0.1 - - [12/Sep/2026 20:44:10] "GET /static/styles.css HTTP/1.1" 304 -
2026-09-12 20:44:34 - INFO - User Logged In: 'admin'
2026-09-12 20:44:34 - INFO - 127.0.0.1 - - [12/Sep/2026 20:44:34] "POST /login HTTP/1.1" 302 -
2026-09-12 20:44:34 - INFO - 127.0.0.1 - - [12/Sep/2026 20:44:34] "GET /dashboard HTTP/1.1" 200 -
2026-09-12 20:44:34 - INFO - 127.0.0.1 - - [12/Sep/2026 20:44:34] "GET /static/styles.css HTTP/1.1" 304 -
2026-09-12 22:57:29 - INFO - 127.0.0.1 - - [12/Sep/2026 22:57:29] "GET /logout HTTP/1.1" 302 -
2026-09-12 22:57:29 - INFO - 127.0.0.1 - - [12/Sep/2026 22:57:29] "GET /login HTTP/1.1" 200 -
2026-09-12 22:57:29 - INFO - 127.0.0.1 - - [12/Sep/2026 22:57:29] "GET /static/styles.css HTTP/1.1" 304 -
2026-09-12 22:58:41 - WARNING - Failed login attempt for username='erica': Invalid password. 2 attempt(s) remaining before lockout.
2026-09-12 22:58:41 - INFO - 127.0.0.1 - - [12/Sep/2026 22:58:41] "POST /login HTTP/1.1" 200 -
2026-09-12 22:58:41 - INFO - 127.0.0.1 - - [12/Sep/2026 22:58:41] "GET /static/styles.css HTTP/1.1" 304 -
2026-09-12 22:59:05 - WARNING - Failed login attempt for username='erica': Invalid password. 1 attempt(s) remaining before lockout.
2026-09-12 22:59:05 - INFO - 127.0.0.1 - - [12/Sep/2026 22:59:05] "POST /login HTTP/1.1" 200 -
2026-09-12 22:59:05 - INFO - 127.0.0.1 - - [12/Sep/2026 22:59:05] "GET /static/styles.css HTTP/1.1" 304 -
2026-09-12 22:59:08 - INFO - 127.0.0.1 - - [12/Sep/2026 22:59:08] "GET /register HTTP/1.1" 200 -
2026-09-12 22:59:08 - INFO - 127.0.0.1 - - [12/Sep/2026 22:59:08] "GET /static/styles.css HTTP/1.1" 304 -
2026-09-12 23:00:15 - INFO - Account Created: username='dominic', role='USER'
2026-09-12 23:00:15 - INFO - 127.0.0.1 - - [12/Sep/2026 23:00:15] "POST /register HTTP/1.1" 302 -
2026-09-12 23:00:15 - INFO - 127.0.0.1 - - [12/Sep/2026 23:00:15] "GET /login HTTP/1.1" 200 -
2026-09-12 23:00:16 - INFO - 127.0.0.1 - - [12/Sep/2026 23:00:16] "GET /static/styles.css HTTP/1.1" 304 -
2026-09-12 23:00:26 - WARNING - Failed login attempt for username='leo': Username is not registered.
2026-09-12 23:00:26 - INFO - 127.0.0.1 - - [12/Sep/2026 23:00:26] "POST /login HTTP/1.1" 200 -
2026-09-12 23:00:26 - INFO - 127.0.0.1 - - [12/Sep/2026 23:00:26] "GET /static/styles.css HTTP/1.1" 304 -
2026-09-12 23:00:42 - WARNING - Failed login attempt for username='Dominic': Username is not registered.
2026-09-12 23:00:42 - INFO - 127.0.0.1 - - [12/Sep/2026 23:00:42] "POST /login HTTP/1.1" 200 -
2026-09-12 23:00:42 - INFO - 127.0.0.1 - - [12/Sep/2026 23:00:42] "GET /static/styles.css HTTP/1.1" 304 -
2026-09-12 23:01:45 - INFO - User Logged In: 'dominic'
2026-09-12 23:01:45 - INFO - 127.0.0.1 - - [12/Sep/2026 23:01:45] "POST /login HTTP/1.1" 302 -
2026-09-12 23:01:45 - INFO - 127.0.0.1 - - [12/Sep/2026 23:01:45] "GET /dashboard HTTP/1.1" 200 -
2026-09-12 23:01:45 - INFO - 127.0.0.1 - - [12/Sep/2026 23:01:45] "GET /static/styles.css HTTP/1.1" 304 -
2026-09-12 23:06:54 - INFO - Borrow request created pending admin approval: student=dominic, student_id=895642, item_id=3, quantity=7, pay_by=2026-10-27
2026-09-12 23:06:54 - INFO - 127.0.0.1 - - [12/Sep/2026 23:06:54] "POST /borrow HTTP/1.1" 302 -
2026-09-12 23:06:54 - INFO - 127.0.0.1 - - [12/Sep/2026 23:06:54] "GET /dashboard HTTP/1.1" 200 -
2026-09-12 23:06:55 - INFO - 127.0.0.1 - - [12/Sep/2026 23:06:55] "GET /static/styles.css HTTP/1.1" 304 -
2026-09-12 23:07:31 - INFO - 127.0.0.1 - - [12/Sep/2026 23:07:31] "GET /logout HTTP/1.1" 302 -
2026-09-12 23:07:31 - INFO - 127.0.0.1 - - [12/Sep/2026 23:07:31] "GET /login HTTP/1.1" 200 -
2026-09-12 23:07:31 - INFO - 127.0.0.1 - - [12/Sep/2026 23:07:31] "GET /static/styles.css HTTP/1.1" 304 -
2026-09-12 23:07:41 - INFO - User Logged In: 'admin'
2026-09-12 23:07:41 - INFO - 127.0.0.1 - - [12/Sep/2026 23:07:41] "POST /login HTTP/1.1" 302 -
2026-09-12 23:07:41 - INFO - 127.0.0.1 - - [12/Sep/2026 23:07:41] "GET /dashboard HTTP/1.1" 200 -
2026-09-12 23:07:41 - INFO - 127.0.0.1 - - [12/Sep/2026 23:07:41] "GET /static/styles.css HTTP/1.1" 304 -
2026-09-12 23:07:46 - INFO - 127.0.0.1 - - [12/Sep/2026 23:07:46] "GET /admin/approvals HTTP/1.1" 200 -
2026-09-12 23:07:46 - INFO - 127.0.0.1 - - [12/Sep/2026 23:07:46] "GET /static/styles.css HTTP/1.1" 304 -
2026-09-12 23:08:16 - INFO - Borrow request approved: borrow_id=7 by=admin
2026-09-12 23:08:16 - INFO - 127.0.0.1 - - [12/Sep/2026 23:08:16] "POST /admin/borrow/7/approve HTTP/1.1" 302 -
2026-09-12 23:08:16 - INFO - 127.0.0.1 - - [12/Sep/2026 23:08:16] "GET /admin/approvals HTTP/1.1" 200 -
2026-09-12 23:08:16 - INFO - 127.0.0.1 - - [12/Sep/2026 23:08:16] "GET /static/styles.css HTTP/1.1" 304 -
2026-09-12 23:08:33 - INFO - 127.0.0.1 - - [12/Sep/2026 23:08:33] "GET /admin/approvals HTTP/1.1" 200 -
2026-09-12 23:08:33 - INFO - 127.0.0.1 - - [12/Sep/2026 23:08:33] "GET /static/styles.css HTTP/1.1" 304 -
2026-09-12 23:08:34 - INFO - 127.0.0.1 - - [12/Sep/2026 23:08:34] "GET /dashboard HTTP/1.1" 200 -
2026-09-12 23:08:34 - INFO - 127.0.0.1 - - [12/Sep/2026 23:08:34] "GET /static/styles.css HTTP/1.1" 304 -
2026-09-12 23:11:34 - INFO - 127.0.0.1 - - [12/Sep/2026 23:11:34] "GET /admin/approvals HTTP/1.1" 200 -
2026-09-12 23:11:34 - INFO - 127.0.0.1 - - [12/Sep/2026 23:11:34] "GET /static/styles.css HTTP/1.1" 304 -
2026-09-12 23:12:02 - INFO - 127.0.0.1 - - [12/Sep/2026 23:12:02] "GET /logout HTTP/1.1" 302 -
2026-09-12 23:12:02 - INFO - 127.0.0.1 - - [12/Sep/2026 23:12:02] "GET /login HTTP/1.1" 200 -
2026-09-12 23:12:02 - INFO - 127.0.0.1 - - [12/Sep/2026 23:12:02] "GET /static/styles.css HTTP/1.1" 304 -
2026-09-12 23:12:11 - INFO - User Logged In: 'dominic'
2026-09-12 23:12:11 - INFO - 127.0.0.1 - - [12/Sep/2026 23:12:11] "POST /login HTTP/1.1" 302 -
2026-09-12 23:12:11 - INFO - 127.0.0.1 - - [12/Sep/2026 23:12:11] "GET /dashboard HTTP/1.1" 200 -
2026-09-12 23:12:11 - INFO - 127.0.0.1 - - [12/Sep/2026 23:12:11] "GET /static/styles.css HTTP/1.1" 304 -
2026-09-12 23:13:45 - INFO -  * Detected change in 'C:\\Users\\Erica Gallogo\\OneDrive - National University\\Desktop\\MIDTERM\\controller\\hardware_controller.py', reloading
2026-09-12 23:13:46 - INFO -  * Restarting with stat
2026-09-12 23:13:47 - INFO - Hardware inventory database initialized successfully.
2026-09-12 23:13:47 - WARNING -  * Debugger is active!
2026-09-12 23:13:47 - INFO -  * Debugger PIN: 143-480-677
2026-09-12 23:13:50 - INFO -  * Detected change in 'C:\\Users\\Erica Gallogo\\OneDrive - National University\\Desktop\\MIDTERM\\web_app.py', reloading
2026-09-12 23:13:50 - INFO -  * Restarting with stat
2026-09-12 23:13:53 - INFO - Hardware inventory database initialized successfully.
2026-09-12 23:13:53 - WARNING -  * Debugger is active!
2026-09-12 23:13:53 - INFO -  * Debugger PIN: 143-480-677
2026-09-12 23:14:16 - INFO - 127.0.0.1 - - [12/Sep/2026 23:14:16] "GET /dashboard HTTP/1.1" 200 -
2026-09-12 23:14:17 - INFO - 127.0.0.1 - - [12/Sep/2026 23:14:17] "GET /static/styles.css HTTP/1.1" 304 -
2026-09-12 23:14:28 - INFO - 127.0.0.1 - - [12/Sep/2026 23:14:28] "GET /profile HTTP/1.1" 200 -
2026-09-12 23:14:28 - INFO - 127.0.0.1 - - [12/Sep/2026 23:14:28] "GET /static/styles.css HTTP/1.1" 304 -
2026-09-12 23:14:29 - INFO - 127.0.0.1 - - [12/Sep/2026 23:14:29] "GET /dashboard HTTP/1.1" 200 -
2026-09-12 23:14:29 - INFO - 127.0.0.1 - - [12/Sep/2026 23:14:29] "GET /static/styles.css HTTP/1.1" 304 -
2026-09-12 23:14:31 - INFO - 127.0.0.1 - - [12/Sep/2026 23:14:31] "GET /logout HTTP/1.1" 302 -
2026-09-12 23:14:31 - INFO - 127.0.0.1 - - [12/Sep/2026 23:14:31] "GET /login HTTP/1.1" 200 -
2026-09-12 23:14:31 - INFO - 127.0.0.1 - - [12/Sep/2026 23:14:31] "GET /static/styles.css HTTP/1.1" 304 -
2026-09-12 23:14:43 - INFO - User Logged In: 'admin'
2026-09-12 23:14:43 - INFO - 127.0.0.1 - - [12/Sep/2026 23:14:43] "POST /login HTTP/1.1" 200 -
2026-09-12 23:14:43 - INFO - 127.0.0.1 - - [12/Sep/2026 23:14:43] "GET /static/styles.css HTTP/1.1" 304 -
2026-09-12 23:14:52 - INFO - User Logged In: 'admin'
2026-09-12 23:14:52 - INFO - 127.0.0.1 - - [12/Sep/2026 23:14:52] "POST /login HTTP/1.1" 302 -
2026-09-12 23:14:52 - INFO - 127.0.0.1 - - [12/Sep/2026 23:14:52] "GET /dashboard HTTP/1.1" 200 -
2026-09-12 23:14:52 - INFO - 127.0.0.1 - - [12/Sep/2026 23:14:52] "GET /static/styles.css HTTP/1.1" 304 -
2026-09-12 23:14:57 - INFO - 127.0.0.1 - - [12/Sep/2026 23:14:57] "GET /profile HTTP/1.1" 200 -
2026-09-12 23:14:58 - INFO - 127.0.0.1 - - [12/Sep/2026 23:14:58] "GET /static/styles.css HTTP/1.1" 304 -
2026-09-12 23:14:59 - INFO - 127.0.0.1 - - [12/Sep/2026 23:14:59] "GET /admin/approvals HTTP/1.1" 200 -
2026-09-12 23:14:59 - INFO - 127.0.0.1 - - [12/Sep/2026 23:14:59] "GET /static/styles.css HTTP/1.1" 304 -
2026-09-12 23:35:29 - INFO - 127.0.0.1 - - [12/Sep/2026 23:35:29] "GET /logout HTTP/1.1" 302 -
2026-09-12 23:35:29 - INFO - 127.0.0.1 - - [12/Sep/2026 23:35:29] "GET /login HTTP/1.1" 200 -
2026-09-12 23:35:29 - INFO - 127.0.0.1 - - [12/Sep/2026 23:35:29] "GET /static/styles.css HTTP/1.1" 304 -
2026-09-24 00:10:07 - INFO - Hardware inventory database initialized successfully.
2026-09-24 00:10:07 - INFO - WARNING: This is a development server. Do not use it in a production deployment. Use a production WSGI server instead.
 * Running on http://127.0.0.1:5000
2026-09-24 00:10:07 - INFO - Press CTRL+C to quit
2026-09-24 00:10:07 - INFO -  * Restarting with stat
2026-09-24 00:10:17 - INFO - Hardware inventory database initialized successfully.
2026-09-24 00:10:17 - WARNING -  * Debugger is active!
2026-09-24 00:10:17 - INFO -  * Debugger PIN: 211-966-961
2026-09-24 00:10:39 - INFO - 127.0.0.1 - - [24/Sep/2026 00:10:39] "GET /login HTTP/1.1" 200 -
2026-09-24 00:10:40 - INFO - 127.0.0.1 - - [24/Sep/2026 00:10:40] "GET /static/styles.css HTTP/1.1" 304 -
2026-09-24 00:10:42 - INFO - 127.0.0.1 - - [24/Sep/2026 00:10:42] "GET /favicon.ico HTTP/1.1" 404 -
2026-09-24 00:12:12 - INFO - Hardware inventory database initialized successfully.
2026-09-24 00:12:14 - INFO - Campus Hardware Inventory application started.
2026-09-24 00:15:12 - WARNING - Account locked: 'erica'
2026-09-24 00:15:12 - WARNING - Failed login attempt for username='erica': Account is locked after three failed attempts. Use Reset / Unlock Password.
2026-09-24 00:15:12 - INFO - 127.0.0.1 - - [24/Sep/2026 00:15:12] "POST /login HTTP/1.1" 200 -
2026-09-24 00:15:13 - INFO - 127.0.0.1 - - [24/Sep/2026 00:15:13] "GET /static/styles.css HTTP/1.1" 304 -
2026-09-24 00:15:46 - WARNING - Failed login attempt for username='admin': Invalid password. 2 attempt(s) remaining before lockout.
2026-09-24 00:15:46 - INFO - 127.0.0.1 - - [24/Sep/2026 00:15:46] "POST /login HTTP/1.1" 200 -
2026-09-24 00:15:46 - INFO - 127.0.0.1 - - [24/Sep/2026 00:15:46] "GET /static/styles.css HTTP/1.1" 304 -
2026-09-24 00:16:12 - INFO - 127.0.0.1 - - [24/Sep/2026 00:16:12] "GET /reset HTTP/1.1" 200 -
2026-09-24 00:16:12 - INFO - 127.0.0.1 - - [24/Sep/2026 00:16:12] "GET /static/styles.css HTTP/1.1" 304 -
2026-09-24 00:19:48 - WARNING - Failed login attempt for username='admin': Invalid password. 1 attempt(s) remaining before lockout.
2026-09-24 00:19:48 - INFO - 127.0.0.1 - - [24/Sep/2026 00:19:48] "POST /login HTTP/1.1" 200 -
2026-09-24 00:19:48 - INFO - 127.0.0.1 - - [24/Sep/2026 00:19:48] "GET /static/styles.css HTTP/1.1" 304 -
2026-09-24 00:20:20 - WARNING - Account locked: 'admin'
2026-09-24 00:20:20 - WARNING - Failed login attempt for username='admin': Account is locked after three failed attempts. Use Reset / Unlock Password.
2026-09-24 00:20:20 - INFO - 127.0.0.1 - - [24/Sep/2026 00:20:20] "POST /login HTTP/1.1" 200 -
2026-09-24 00:20:20 - INFO - 127.0.0.1 - - [24/Sep/2026 00:20:20] "GET /static/styles.css HTTP/1.1" 304 -
2026-09-24 00:22:47 - INFO - User Logged In: 'admin'
2026-09-24 00:22:47 - INFO - 127.0.0.1 - - [24/Sep/2026 00:22:47] "POST /login HTTP/1.1" 302 -
2026-09-24 00:22:47 - INFO - 127.0.0.1 - - [24/Sep/2026 00:22:47] "GET /dashboard HTTP/1.1" 200 -
2026-09-24 00:22:47 - INFO - 127.0.0.1 - - [24/Sep/2026 00:22:47] "GET /static/styles.css HTTP/1.1" 304 -
2026-09-24 00:52:39 - INFO -  * Detected change in 'C:\\Users\\Erica Gallogo\\OneDrive - National University\\Desktop\\MIDTERM\\views\\login_view.py', reloading
2026-09-24 00:55:54 - INFO - Hardware inventory database initialized successfully.
2026-09-24 00:55:55 - INFO - Campus Hardware Inventory application started.
2026-09-24 00:57:18 - INFO - Hardware inventory database initialized successfully.
2026-09-24 00:57:19 - INFO - Campus Hardware Inventory application started.
2026-09-24 00:58:08 - INFO - Hardware inventory database initialized successfully.
2026-09-24 00:58:08 - INFO - Campus Hardware Inventory application started.
2026-09-24 00:58:31 - INFO - Hardware inventory database initialized successfully.
2026-09-24 00:58:43 - INFO - Hardware inventory database initialized successfully.
2026-09-24 00:58:44 - INFO - Campus Hardware Inventory application started.
2026-09-24 01:01:00 - INFO - Hardware inventory database initialized successfully.
2026-09-24 01:01:00 - INFO - Campus Hardware Inventory application started.
2026-09-24 01:07:52 - INFO - Hardware inventory database initialized successfully.
2026-09-24 01:07:52 - INFO - WARNING: This is a development server. Do not use it in a production deployment. Use a production WSGI server instead.
 * Running on http://127.0.0.1:5000
2026-09-24 01:07:52 - INFO - Press CTRL+C to quit
2026-09-24 01:07:52 - INFO -  * Restarting with stat
2026-09-24 01:07:53 - INFO - Hardware inventory database initialized successfully.
2026-09-24 01:07:53 - WARNING -  * Debugger is active!
2026-09-24 01:07:53 - INFO -  * Debugger PIN: 143-480-677
2026-09-24 01:16:35 - INFO -  * Detected change in 'C:\\Users\\Erica Gallogo\\OneDrive - National University\\Desktop\\MIDTERM\\scripts\\check_http.py', reloading
2026-09-24 01:16:35 - INFO -  * Restarting with stat
2026-09-24 01:16:36 - INFO - Hardware inventory database initialized successfully.
2026-09-24 01:16:36 - WARNING -  * Debugger is active!
2026-09-24 01:16:36 - INFO -  * Debugger PIN: 143-480-677
2026-09-24 01:19:29 - INFO -  * Detected change in 'C:\\Users\\Erica Gallogo\\OneDrive - National University\\Desktop\\MIDTERM\\scripts\\render_template.py', reloading
2026-09-24 01:19:30 - INFO -  * Restarting with stat
2026-09-24 01:19:31 - INFO - Hardware inventory database initialized successfully.
2026-09-24 01:19:31 - WARNING -  * Debugger is active!
2026-09-24 01:19:31 - INFO -  * Debugger PIN: 143-480-677
2026-09-24 01:21:15 - INFO -  * Detected change in 'C:\\Users\\Erica Gallogo\\OneDrive - National University\\Desktop\\MIDTERM\\web_app.py', reloading
2026-09-24 01:21:15 - INFO -  * Restarting with stat
2026-09-24 01:21:17 - INFO - Hardware inventory database initialized successfully.
2026-09-24 01:21:17 - WARNING -  * Debugger is active!
2026-09-24 01:21:17 - INFO -  * Debugger PIN: 143-480-677
2026-09-24 01:23:42 - INFO - Hardware inventory database initialized successfully.
2026-09-24 01:23:42 - INFO - Campus Hardware Inventory application started.
2026-09-24 01:26:16 - INFO - Hardware inventory database initialized successfully.
2026-09-24 01:26:16 - INFO - Campus Hardware Inventory application started.
2026-09-24 01:28:27 - INFO - Hardware inventory database initialized successfully.
2026-09-24 01:28:27 - INFO - WARNING: This is a development server. Do not use it in a production deployment. Use a production WSGI server instead.
 * Running on http://127.0.0.1:5000
2026-09-24 01:28:27 - INFO - Press CTRL+C to quit
2026-09-24 01:30:17 - INFO - 127.0.0.1 - - [24/Sep/2026 01:30:17] "GET /_ping HTTP/1.1" 200 -
2026-09-24 01:30:25 - INFO - 127.0.0.1 - - [24/Sep/2026 01:30:25] "GET / HTTP/1.1" 302 -
2026-09-24 01:30:25 - INFO - 127.0.0.1 - - [24/Sep/2026 01:30:25] "GET /dashboard HTTP/1.1" 200 -
2026-09-24 01:30:26 - INFO - 127.0.0.1 - - [24/Sep/2026 01:30:26] "GET /static/styles.css HTTP/1.1" 304 -
2026-09-24 01:30:36 - INFO - 127.0.0.1 - - [24/Sep/2026 01:30:36] "GET /dashboard HTTP/1.1" 200 -
2026-09-24 01:30:36 - INFO - 127.0.0.1 - - [24/Sep/2026 01:30:36] "GET /static/styles.css HTTP/1.1" 304 -
2026-09-24 01:30:37 - INFO - 127.0.0.1 - - [24/Sep/2026 01:30:37] "GET /profile HTTP/1.1" 200 -
2026-09-24 01:30:37 - INFO - 127.0.0.1 - - [24/Sep/2026 01:30:37] "GET /static/styles.css HTTP/1.1" 304 -
2026-09-24 01:30:41 - INFO - 127.0.0.1 - - [24/Sep/2026 01:30:41] "GET /admin/approvals HTTP/1.1" 500 -
2026-09-24 01:30:41 - INFO - 127.0.0.1 - - [24/Sep/2026 01:30:41] "GET /admin/approvals?__debugger__=yes&cmd=resource&f=style.css HTTP/1.1" 200 -
2026-09-24 01:30:41 - INFO - 127.0.0.1 - - [24/Sep/2026 01:30:41] "GET /admin/approvals?__debugger__=yes&cmd=resource&f=debugger.js HTTP/1.1" 200 -
2026-09-24 01:30:41 - INFO - 127.0.0.1 - - [24/Sep/2026 01:30:41] "GET /admin/approvals?__debugger__=yes&cmd=resource&f=console.png&s=ah0o3z5ATjTEBCtoLISD HTTP/1.1" 200 -
2026-09-24 01:30:41 - INFO - 127.0.0.1 - - [24/Sep/2026 01:30:41] "GET /admin/approvals?__debugger__=yes&cmd=resource&f=console.png HTTP/1.1" 200 -
2026-09-24 01:30:45 - INFO - 127.0.0.1 - - [24/Sep/2026 01:30:45] "GET /logout HTTP/1.1" 302 -
2026-09-24 01:30:45 - INFO - 127.0.0.1 - - [24/Sep/2026 01:30:45] "GET /login HTTP/1.1" 200 -
2026-09-24 01:30:46 - INFO - 127.0.0.1 - - [24/Sep/2026 01:30:46] "GET /static/styles.css HTTP/1.1" 304 -
2026-09-24 01:32:29 - INFO - 127.0.0.1 - - [24/Sep/2026 01:32:29] "GET / HTTP/1.1" 302 -
2026-09-24 01:32:29 - INFO - 127.0.0.1 - - [24/Sep/2026 01:32:29] "GET /login HTTP/1.1" 200 -
2026-09-24 01:32:29 - INFO - 127.0.0.1 - - [24/Sep/2026 01:32:29] "GET /static/styles.css HTTP/1.1" 200 -
2026-09-24 01:32:30 - INFO - 127.0.0.1 - - [24/Sep/2026 01:32:30] "GET /static/styles.css HTTP/1.1" 304 -
2026-09-24 01:34:05 - INFO - Hardware inventory database initialized successfully.
2026-09-24 01:34:30 - INFO - 127.0.0.1 - - [24/Sep/2026 01:34:30] "GET /login HTTP/1.1" 200 -
2026-09-24 01:34:31 - INFO - 127.0.0.1 - - [24/Sep/2026 01:34:31] "GET /static/styles.css HTTP/1.1" 304 -
2026-09-24 01:34:40 - INFO - 127.0.0.1 - - [24/Sep/2026 01:34:40] "GET /login HTTP/1.1" 200 -
2026-09-24 01:34:40 - INFO - 127.0.0.1 - - [24/Sep/2026 01:34:40] "GET /static/styles.css HTTP/1.1" 304 -
2026-09-24 01:34:43 - INFO - 127.0.0.1 - - [24/Sep/2026 01:34:43] "GET /login HTTP/1.1" 200 -
2026-09-24 01:34:43 - INFO - 127.0.0.1 - - [24/Sep/2026 01:34:43] "GET /static/styles.css HTTP/1.1" 304 -
2026-09-24 01:34:45 - INFO - 127.0.0.1 - - [24/Sep/2026 01:34:45] "GET /login HTTP/1.1" 200 -
2026-09-24 01:34:45 - INFO - 127.0.0.1 - - [24/Sep/2026 01:34:45] "GET /static/styles.css HTTP/1.1" 304 -
2026-09-24 01:34:45 - INFO - 127.0.0.1 - - [24/Sep/2026 01:34:45] "GET /login HTTP/1.1" 200 -
2026-09-24 01:34:45 - INFO - 127.0.0.1 - - [24/Sep/2026 01:34:45] "GET /static/styles.css HTTP/1.1" 304 -
2026-09-24 01:36:23 - INFO - 127.0.0.1 - - [24/Sep/2026 01:36:23] "GET /login HTTP/1.1" 200 -
2026-09-24 01:36:23 - INFO - 127.0.0.1 - - [24/Sep/2026 01:36:23] "GET /static/styles.css HTTP/1.1" 304 -
2026-09-24 01:36:26 - INFO - 127.0.0.1 - - [24/Sep/2026 01:36:26] "GET /login HTTP/1.1" 200 -
2026-09-24 01:36:26 - INFO - 127.0.0.1 - - [24/Sep/2026 01:36:26] "GET /static/styles.css HTTP/1.1" 304 -
2026-09-24 01:36:26 - INFO - 127.0.0.1 - - [24/Sep/2026 01:36:26] "GET /login HTTP/1.1" 200 -
2026-09-24 01:36:27 - INFO - 127.0.0.1 - - [24/Sep/2026 01:36:27] "GET /static/styles.css HTTP/1.1" 304 -
2026-09-24 01:36:27 - INFO - 127.0.0.1 - - [24/Sep/2026 01:36:27] "GET /login HTTP/1.1" 200 -
2026-09-24 01:36:27 - INFO - 127.0.0.1 - - [24/Sep/2026 01:36:27] "GET /static/styles.css HTTP/1.1" 304 -
2026-09-24 01:40:51 - INFO - 127.0.0.1 - - [24/Sep/2026 01:40:51] "GET /login HTTP/1.1" 200 -
2026-09-24 01:40:51 - INFO - 127.0.0.1 - - [24/Sep/2026 01:40:51] "GET /static/styles.css HTTP/1.1" 200 -
2026-09-24 01:40:55 - INFO - 127.0.0.1 - - [24/Sep/2026 01:40:55] "GET /login HTTP/1.1" 200 -
2026-09-24 01:40:55 - INFO - 127.0.0.1 - - [24/Sep/2026 01:40:55] "GET /static/styles.css HTTP/1.1" 304 -
2026-09-24 01:46:08 - INFO - 127.0.0.1 - - [24/Sep/2026 01:46:08] "GET /login HTTP/1.1" 200 -
2026-09-24 01:46:08 - INFO - 127.0.0.1 - - [24/Sep/2026 01:46:08] "GET /static/styles.css HTTP/1.1" 200 -
2026-09-24 01:46:10 - INFO - 127.0.0.1 - - [24/Sep/2026 01:46:10] "GET /login HTTP/1.1" 200 -
2026-09-24 01:46:10 - INFO - 127.0.0.1 - - [24/Sep/2026 01:46:10] "GET /static/styles.css HTTP/1.1" 304 -
2026-09-24 01:46:11 - INFO - 127.0.0.1 - - [24/Sep/2026 01:46:11] "GET /login HTTP/1.1" 200 -
2026-09-24 01:46:11 - INFO - 127.0.0.1 - - [24/Sep/2026 01:46:11] "GET /static/styles.css HTTP/1.1" 304 -
2026-09-24 01:46:11 - INFO - 127.0.0.1 - - [24/Sep/2026 01:46:11] "GET /login HTTP/1.1" 200 -
2026-09-24 01:46:11 - INFO - 127.0.0.1 - - [24/Sep/2026 01:46:11] "GET /static/styles.css HTTP/1.1" 304 -
2026-09-24 01:46:11 - INFO - 127.0.0.1 - - [24/Sep/2026 01:46:11] "GET /login HTTP/1.1" 200 -
2026-09-24 01:46:11 - INFO - 127.0.0.1 - - [24/Sep/2026 01:46:11] "GET /static/styles.css HTTP/1.1" 304 -
2026-09-24 01:46:12 - INFO - 127.0.0.1 - - [24/Sep/2026 01:46:12] "GET /login HTTP/1.1" 200 -
2026-09-24 01:46:12 - INFO - 127.0.0.1 - - [24/Sep/2026 01:46:12] "GET /static/styles.css HTTP/1.1" 304 -
2026-09-24 01:46:12 - INFO - 127.0.0.1 - - [24/Sep/2026 01:46:12] "GET /login HTTP/1.1" 200 -
2026-09-24 01:46:12 - INFO - 127.0.0.1 - - [24/Sep/2026 01:46:12] "GET /static/styles.css HTTP/1.1" 304 -
2026-09-24 01:50:03 - INFO - Hardware inventory database initialized successfully.
2026-09-24 01:50:45 - INFO - Hardware inventory database initialized successfully.
2026-09-24 01:50:45 - INFO - WARNING: This is a development server. Do not use it in a production deployment. Use a production WSGI server instead.
 * Running on http://127.0.0.1:5000
2026-09-24 01:50:45 - INFO - Press CTRL+C to quit
2026-09-24 01:51:01 - INFO - 127.0.0.1 - - [24/Sep/2026 01:51:01] "GET /login HTTP/1.1" 200 -
2026-09-24 01:51:01 - INFO - 127.0.0.1 - - [24/Sep/2026 01:51:01] "GET /static/styles.css HTTP/1.1" 304 -
2026-09-24 01:51:02 - INFO - 127.0.0.1 - - [24/Sep/2026 01:51:02] "GET /login HTTP/1.1" 200 -
2026-09-24 01:51:02 - INFO - 127.0.0.1 - - [24/Sep/2026 01:51:02] "GET /static/styles.css HTTP/1.1" 304 -
2026-09-24 01:51:13 - INFO - 127.0.0.1 - - [24/Sep/2026 01:51:13] "GET /login HTTP/1.1" 200 -
2026-09-24 01:51:13 - INFO - 127.0.0.1 - - [24/Sep/2026 01:51:13] "GET /static/styles.css HTTP/1.1" 304 -
2026-09-24 01:52:25 - INFO - 127.0.0.1 - - [24/Sep/2026 01:52:25] "GET /login HTTP/1.1" 200 -
2026-09-24 01:52:25 - INFO - 127.0.0.1 - - [24/Sep/2026 01:52:25] "GET /static/styles.css HTTP/1.1" 200 -
2026-09-24 01:52:26 - INFO - 127.0.0.1 - - [24/Sep/2026 01:52:26] "GET /login HTTP/1.1" 200 -
2026-09-24 01:52:26 - INFO - 127.0.0.1 - - [24/Sep/2026 01:52:26] "GET /static/styles.css HTTP/1.1" 304 -
2026-09-24 01:52:28 - INFO - 127.0.0.1 - - [24/Sep/2026 01:52:28] "GET /login HTTP/1.1" 200 -
2026-09-24 01:52:28 - INFO - 127.0.0.1 - - [24/Sep/2026 01:52:28] "GET /static/styles.css HTTP/1.1" 304 -
2026-09-24 01:52:31 - INFO - 127.0.0.1 - - [24/Sep/2026 01:52:31] "GET /login HTTP/1.1" 200 -
2026-09-24 01:52:31 - INFO - 127.0.0.1 - - [24/Sep/2026 01:52:31] "GET /static/styles.css HTTP/1.1" 304 -
2026-09-24 01:52:32 - INFO - 127.0.0.1 - - [24/Sep/2026 01:52:32] "GET /login HTTP/1.1" 200 -
2026-09-24 01:52:32 - INFO - 127.0.0.1 - - [24/Sep/2026 01:52:32] "GET /static/styles.css HTTP/1.1" 304 -
2026-09-24 01:52:32 - INFO - 127.0.0.1 - - [24/Sep/2026 01:52:32] "GET /login HTTP/1.1" 200 -
2026-09-24 01:52:32 - INFO - 127.0.0.1 - - [24/Sep/2026 01:52:32] "GET /static/styles.css HTTP/1.1" 304 -
2026-09-24 01:52:33 - INFO - 127.0.0.1 - - [24/Sep/2026 01:52:33] "GET /login HTTP/1.1" 200 -
2026-09-24 01:52:33 - INFO - 127.0.0.1 - - [24/Sep/2026 01:52:33] "GET /static/styles.css HTTP/1.1" 304 -
2026-09-24 01:52:33 - INFO - 127.0.0.1 - - [24/Sep/2026 01:52:33] "GET /login HTTP/1.1" 200 -
2026-09-24 01:52:33 - INFO - 127.0.0.1 - - [24/Sep/2026 01:52:33] "GET /static/styles.css HTTP/1.1" 304 -
2026-09-24 01:57:22 - INFO - Hardware inventory database initialized successfully.
2026-09-24 01:57:22 - WARNING - Failed registration attempt: username='admin', email='admin@example.com' - Password must include at least one special character from @#$%^&*.
2026-09-24 01:57:22 - WARNING - Failed registration attempt: username='student1', email='stud@example.com' - Password must include at least one special character from @#$%^&*.
2026-09-24 01:57:22 - INFO - Borrow request created pending admin approval: student=Student One, student_id=S001, item_id=1, quantity=3, pay_by=2026-10-01
2026-09-24 01:57:22 - INFO - Borrow request approved: borrow_id=8 by=admin
2026-09-24 01:58:38 - INFO - Hardware inventory database initialized successfully.
2026-09-24 01:58:38 - WARNING - Failed registration attempt: username='admin', email='admin@example.com' - Password must include at least one special character from @#$%^&*.
2026-09-24 01:58:38 - WARNING - Failed registration attempt: username='student1', email='stud@example.com' - Password must include at least one special character from @#$%^&*.
2026-09-24 01:58:38 - INFO - Borrow request created pending admin approval: student=Student One, student_id=S001, item_id=1, quantity=3, pay_by=2026-10-01
2026-09-24 01:58:38 - INFO - Borrow request approved: borrow_id=9 by=admin
2026-09-24 01:58:38 - ERROR - Error creating return request: table return_requests has no column named item_id
Traceback (most recent call last):
  File "c:\Users\Erica Gallogo\OneDrive - National University\Desktop\MIDTERM\controller\hardware_controller.py", line 355, in request_return
    conn.execute(
    ~~~~~~~~~~~~^
        "INSERT INTO return_requests (borrow_id, item_id, quantity, status) VALUES (?, ?, ?, 'PENDING')",
        ^^^^^^^^^^^^^^^^^^^^^^^^^^^^^^^^^^^^^^^^^^^^^^^^^^^^^^^^^^^^^^^^^^^^^^^^^^^^^^^^^^^^^^^^^^^^^^^^^
        (borrow_id, item_id, quantity),
        ^^^^^^^^^^^^^^^^^^^^^^^^^^^^^^^
    )
    ^
sqlite3.OperationalError: table return_requests has no column named item_id
2026-09-24 01:59:21 - INFO - Hardware inventory database initialized successfully.
2026-09-24 01:59:21 - WARNING - Failed registration attempt: username='admin', email='admin@example.com' - Password must include at least one special character from @#$%^&*.
2026-09-24 01:59:21 - WARNING - Failed registration attempt: username='student1', email='stud@example.com' - Password must include at least one special character from @#$%^&*.
2026-09-24 01:59:21 - INFO - Borrow request created pending admin approval: student=Student One, student_id=S001, item_id=1, quantity=3, pay_by=2026-10-01
2026-09-24 01:59:21 - INFO - Borrow request approved: borrow_id=10 by=admin
2026-09-24 01:59:21 - ERROR - Error creating return request: table return_requests has no column named quantity
Traceback (most recent call last):
  File "c:\Users\Erica Gallogo\OneDrive - National University\Desktop\MIDTERM\controller\hardware_controller.py", line 364, in request_return
    conn.execute(
    ~~~~~~~~~~~~^
        "INSERT INTO return_requests (borrow_id, item_id, quantity, status) VALUES (?, ?, ?, 'PENDING')",
        ^^^^^^^^^^^^^^^^^^^^^^^^^^^^^^^^^^^^^^^^^^^^^^^^^^^^^^^^^^^^^^^^^^^^^^^^^^^^^^^^^^^^^^^^^^^^^^^^^
        (borrow_id, item_id, quantity),
        ^^^^^^^^^^^^^^^^^^^^^^^^^^^^^^^
    )
    ^
sqlite3.OperationalError: table return_requests has no column named quantity
2026-09-24 02:00:21 - INFO - Hardware inventory database initialized successfully.
2026-09-24 02:00:21 - WARNING - Failed registration attempt: username='admin', email='admin@example.com' - Password must include at least one special character from @#$%^&*.
2026-09-24 02:00:21 - WARNING - Failed registration attempt: username='student1', email='stud@example.com' - Password must include at least one special character from @#$%^&*.
2026-09-24 02:00:21 - INFO - Borrow request created pending admin approval: student=Student One, student_id=S001, item_id=1, quantity=3, pay_by=2026-10-01
2026-09-24 02:00:21 - INFO - Borrow request approved: borrow_id=11 by=admin
2026-09-24 02:00:21 - INFO - Return requested: borrow_id=11 qty=3
2026-09-24 02:00:21 - INFO - Return request 4 APPROVED by admin
2026-09-24 02:00:59 - INFO - 127.0.0.1 - - [24/Sep/2026 02:00:59] "GET /login HTTP/1.1" 200 -
2026-09-24 02:00:59 - INFO - 127.0.0.1 - - [24/Sep/2026 02:00:59] "GET /static/styles.css HTTP/1.1" 304 -
2026-09-24 02:01:00 - INFO - 127.0.0.1 - - [24/Sep/2026 02:01:00] "GET /login HTTP/1.1" 200 -
2026-09-24 02:01:00 - INFO - 127.0.0.1 - - [24/Sep/2026 02:01:00] "GET /static/styles.css HTTP/1.1" 304 -
2026-09-24 02:01:00 - INFO - 127.0.0.1 - - [24/Sep/2026 02:01:00] "GET /login HTTP/1.1" 200 -
2026-09-24 02:01:00 - INFO - 127.0.0.1 - - [24/Sep/2026 02:01:00] "GET /static/styles.css HTTP/1.1" 304 -
2026-09-24 02:01:01 - INFO - 127.0.0.1 - - [24/Sep/2026 02:01:01] "GET /login HTTP/1.1" 200 -
2026-09-24 02:01:01 - INFO - 127.0.0.1 - - [24/Sep/2026 02:01:01] "GET /static/styles.css HTTP/1.1" 304 -
2026-09-24 02:01:01 - INFO - 127.0.0.1 - - [24/Sep/2026 02:01:01] "GET /login HTTP/1.1" 200 -
2026-09-24 02:01:01 - INFO - 127.0.0.1 - - [24/Sep/2026 02:01:01] "GET /static/styles.css HTTP/1.1" 304 -
2026-09-24 02:01:01 - INFO - 127.0.0.1 - - [24/Sep/2026 02:01:01] "GET /login HTTP/1.1" 200 -
2026-09-24 02:01:01 - INFO - 127.0.0.1 - - [24/Sep/2026 02:01:01] "GET /static/styles.css HTTP/1.1" 304 -
2026-09-24 02:01:01 - INFO - 127.0.0.1 - - [24/Sep/2026 02:01:01] "GET /login HTTP/1.1" 200 -
2026-09-24 02:01:01 - INFO - 127.0.0.1 - - [24/Sep/2026 02:01:01] "GET /static/styles.css HTTP/1.1" 304 -
2026-09-24 02:01:01 - INFO - 127.0.0.1 - - [24/Sep/2026 02:01:01] "GET /login HTTP/1.1" 200 -
2026-09-24 02:01:01 - INFO - 127.0.0.1 - - [24/Sep/2026 02:01:01] "GET /static/styles.css HTTP/1.1" 304 -
2026-09-24 02:01:02 - INFO - 127.0.0.1 - - [24/Sep/2026 02:01:02] "GET /login HTTP/1.1" 200 -
2026-09-24 02:01:02 - INFO - 127.0.0.1 - - [24/Sep/2026 02:01:02] "GET /static/styles.css HTTP/1.1" 304 -
2026-09-24 02:01:02 - INFO - 127.0.0.1 - - [24/Sep/2026 02:01:02] "GET /login HTTP/1.1" 200 -
2026-09-24 02:01:02 - INFO - 127.0.0.1 - - [24/Sep/2026 02:01:02] "GET /static/styles.css HTTP/1.1" 304 -
2026-09-24 02:01:02 - INFO - 127.0.0.1 - - [24/Sep/2026 02:01:02] "GET /login HTTP/1.1" 200 -
2026-09-24 02:01:02 - INFO - 127.0.0.1 - - [24/Sep/2026 02:01:02] "GET /static/styles.css HTTP/1.1" 304 -
2026-09-24 02:01:02 - INFO - 127.0.0.1 - - [24/Sep/2026 02:01:02] "GET /login HTTP/1.1" 200 -
2026-09-24 02:01:02 - INFO - 127.0.0.1 - - [24/Sep/2026 02:01:02] "GET /static/styles.css HTTP/1.1" 304 -
2026-09-24 02:24:14 - INFO - 127.0.0.1 - - [24/Sep/2026 02:24:14] "GET / HTTP/1.1" 302 -
2026-09-24 02:24:14 - INFO - 127.0.0.1 - - [24/Sep/2026 02:24:14] "GET /login HTTP/1.1" 200 -
2026-09-24 02:24:14 - INFO - 127.0.0.1 - - [24/Sep/2026 02:24:14] "GET /static/styles.css HTTP/1.1" 304 -
